{"type":"FeatureCollection","crs":{"type":"name","properties":{"name":"EPSG:27700"}},"features":[{"type":"Feature","id":1,"geometry":{"type":"MultiPolygon","coordinates":[[[[87967.7674000002,8767.5504999999],[88640.8998999996,8346],[88629.6571000004,8391.95710000023],[88655.2300000004,8374.66999999993],[88630.2237999998,8434.22149999999],[89244.4062999999,8125.18249999918],[89235.0393000003,8080.50060000084],[88898.9740000004,8161.17930000089],[88822.5965,8292.19569999911],[88539.4034000002,8272.40130000003],[88555.0159,8185.18769999966],[88258.6810999997,7054.73269999959],[87959.6009,7931.99909999967],[87539.9258000003,7800.07960000075],[87485.0674999999,7858.10559999943],[87740.7999999998,8447.50029999949],[87544.7054000003,8596.27520000003],[87557.6560000004,8634.72210000083],[87693.1003,8554.49990000017],[87797.6840000004,8853.13159999996],[87967.7674000002,8767.5504999999]]],[[[86003.5264999997,9039.59889999963],[86136.6936999997,8674.31389999948],[85713.7052999996,8714.38089999929],[85951.3585999999,9113.89670000039],[86003.5264999997,9039.59889999963]]],[[[93083.0147000002,10804.2204],[92810.2098000003,10483.5527999997],[92413.0000999998,10651.8001000006],[92549.7699999996,10257.8233000003],[92320.4959000004,9933.38240000047],[92271.4002,9909.10019999929],[91191.9999000002,10139.6000999995],[91212.2534999996,10065.6828000005],[91097.8355999999,9229.15839999914],[91018.5527999997,9314.21759999916],[90931.5840999996,9473.57589999959],[90494.3002000004,10370.0001999997],[90168.1986999996,10390.1951000001],[90153.7566,10292.1919999998],[90148.96,10291.0500000007],[90154.7865000004,10255.5098999999],[90117.1040000003,9877.10199999996],[90005.1984000001,9852.67210000008],[89496.5197999999,10247.4112999998],[89430.3975999998,10357.4045000002],[89446.3009000001,10369.1704999991],[90235.6759000001,10645.2492999993],[90232.9999000002,10609.8001000006],[90787.5000999998,10729.9002999999],[90858.2000000002,11111.0000999998],[90708.0476000002,11164.7612999994],[90699.3091000002,11292.7707000002],[90815.0499999998,11312.0500000007],[90762.2304999996,11340.2728000004],[90874.6002000002,11402.8998000007],[90669.9780000001,11722.4366999995],[90639.9944000002,12161.6610000003],[90890.2468999997,12561.5610000007],[91251.2745000003,12770.8334999997],[91728.6999000004,12925.3000000007],[91835.375,12906.7688999996],[92306.8733000001,12580.7611999996],[92377.6028000005,12229.0984000005],[93194.5157000003,11940.8326999992],[93194.6193000004,11930.9262000006],[93184.4132000003,11926.1579999998],[92847.8022999996,11854.7959000003],[92881.9489000002,11784.8506000005],[92878.4800000004,11783.2300000004],[92883.5833000001,11781.6133999992],[93177.5187999997,11218.2171],[93193.3809000002,11061.3831999991],[93083.0147000002,10804.2204]]],[[[87825.9995999997,13244.8991],[87882.7000000002,12182.1009999998],[87391.6990999999,12455.4039999992],[87448.1968999999,12558.1086999997],[87642.0999999996,12748.3300000001],[87604.7505000001,12842.7004000004],[87825.9995999997,13244.8991]]],[[[88242.8037999999,15229.7997999992],[88116.8278000001,14821.0280000009],[87512.4369000001,14092.9480000008],[87421.8645000001,14113.2426999994],[87433.6699999999,14136.9700000007],[87284.7869999995,14206.2676999997],[87297.7028000001,14318.4471000005],[87608.7002999997,14533.9999000002],[87538.1096999999,14576.8889000006],[87544.0499999998,14579.9100000001],[87491.1753000002,14595.2233000007],[87338.7138,14674.6465000007],[87384.5691999998,15072.9213999994],[87487.8003000002,15051],[87402.6301999995,15229.7897999994],[87460.0623000003,15728.6135000009],[87675.1973000001,15899.1982000005],[87501.4731999999,16088.2862999998],[87510.8481999999,16169.7119999994],[88242.8037999999,15229.7997999992]]],[[[88768.0980000002,16379.6623],[88893.0998,15975.4002999999],[89166.1601,16073.5677000005],[89279.5856999997,15986.3476999998],[89386.1003,15526.7997999992],[89649.9266999997,15533.9327000007],[89819.0598999998,15465.8001000006],[90132.2792999996,15065.1334000006],[90175.8068000004,14559.7164999992],[90001.4002,14149.1999999993],[90204.1996999998,13897.1996999998],[89585.5037000002,13797.7996999994],[89298.6031999998,13377.6212000009],[89250.0489999996,13369.0743000004],[89081.7533,13709.1757999994],[89113.0999999996,13790.9600000009],[89004.7204,13864.8483000007],[88822.0000999998,14234.0997000001],[88887.8000999996,15214.9001000002],[88567.2176000001,15612.5218000002],[88413.8449999997,16585.3750999998],[88509.5257999999,16578.4945],[88768.0980000002,16379.6623]]],[[[91123.4000000004,16617.3000000007],[91077.7076000003,16112.0699000005],[90742.5,16291.3800000008],[90737.1579999998,16288.3036000002],[90626.8635,16359.3596999999],[90876.3629000001,16656.8587999996],[91123.4000000004,16617.3000000007]]],[[[92413.6993000004,16637.2822999991],[92563.5001999997,16152.9999000002],[93307.1017000005,15851.5018000007],[93445.7196000004,15953.9968999997],[93838.8421,15847.4539000001],[93846.4000000004,15837.0000999998],[93852.6564999996,15843.7100000009],[94489.1797000002,15671.2011999991],[93459.4219000004,15266.1901999991],[93356.9400000004,15309.1400000006],[93353.5040999996,15306.3406000007],[93349.54,15307.9399999995],[93153.7832000004,15145.9803999998],[92866.9642000003,15033.1724999994],[92785.7055000002,15067.6265999991],[92434.4999000002,15670.0998],[91542.1793999998,15934.1050000004],[91456.0695000002,16098.0643000007],[91506.3635,16394.5390000008],[91719.8381000003,16588.9762999993],[91875.0998999998,16554.5001999997],[91947.4006000003,17004.6004000008],[92362.6527000004,17078.5722000003],[92370.9124999996,17080.2719999999],[92398.9247000003,17086.4682],[92405.5562000005,17058.4902999997],[92314.4002999999,16958.3000000007],[92383.3046000004,16735.5435000006],[92375.4699999997,16705.6099999994],[92413.6993000004,16637.2822999991]]],[[[90126.2200999996,16931.4503000006],[89882.3625999996,16776.6380000003],[89843.8940000003,16786.8361000009],[89902.6001000004,17266.5001999997],[89931.8154999996,17253.5599000007],[90126.2200999996,16931.4503000006]]],[[[92257.0906999996,17684.8594000004],[92365.9678999996,17225.5112999994],[92328.1180999996,17295.3094999995],[92250.6054999996,17684.0463999994],[92257.0906999996,17684.8594000004]]],[[[151555.7337,29847.3005999997],[151442.067,29761.4622000009],[151414.1496,29854.4377999995],[151432.6849,29986.8736000005],[151457.6041,30055.4398999996],[151602.9755,29949.1535],[151555.7337,29847.3005999997]]],[[[264838.5768,43779.2153999992],[264643.304,43743.0026999991],[264759.5001,44064.8999000005],[264941.0016,43816.3969999999],[264838.5768,43779.2153999992]]],[[[226036.3015,51334.0951000005],[225798.8751,51311.9954000004],[225707.7085,51328.7653999999],[225626.3699,51343.7627000008],[225737.1068,51578.8683000002],[226036.3015,51334.0951000005]]],[[[401006.6998,86624.7011999991],[400757.9012,86378.6999999993],[400328.6988,86702.5004999992],[400529.803,87025.3994999994],[400424.7031,86775.6000999995],[401006.6998,86624.7011999991]]],[[[401505.4992,87097.6989999991],[400873.6961,86891.8968000002],[400721.6996,87167.2986999992],[401073.5993,87223.9003999997],[401505.4992,87097.6989999991]]],[[[399231.6015,87591.5965],[398868.0014,87198.1002999991],[398541.5971,88257.0960000008],[398776.6997,88270.4013],[399064.0003,87917.3003000002],[398835.2068,87738.1010999996],[399231.6015,87591.5965]]],[[[403150.0002,87620.6992000006],[402451.999,87364.1001999993],[401258.1997,87492.6001999993],[400937.1996,88090.6035999991],[401920.2002,88621.8008999992],[403051.2992,88366.9045000002],[403150.0002,87620.6992000006]]],[[[450705.7002,92479.8001000006],[450159.464,90143.5821000002],[450075.3272,89783.7344000004],[450123.2991,89379.3004000001],[450131.7593,89345.5250000004],[450210.6948,89030.3924000002],[450238.6715,88918.5887000002],[450259.2962,89075.2133000009],[450287.8681,89285.8436999992],[450153.8989,89923.1002999991],[450278.6104,90253.6744999997],[451187.6097,92666.3751999997],[451217.7899,92707.6760000009],[451200.6074,92731.1717000008],[450449.8001,93681.7997999992],[450434.9909,93756.7316999994],[450149.9195,95199.1368000004],[450147.0009,95213.9043000005],[450287.7697,96172.8529000003],[450366.9,96211.7645999994],[451237.8973,96452.9509999994],[451722.8502,96183.7335000001],[452495.5934,95386.7497000005],[452518.5264,95344.9905999992],[452534.3152,95316.2405999992],[452638.5651,95261.2006000001],[453326.5989,94722.9045000002],[453376.3209,94651.6278000008],[453773.2001,94082.6998999994],[453814.698,94068.2374000009],[453817.6895,94067.1948000006],[454625.5024,93785.6616999991],[455328.6966,93186.1980000008],[454894.5995,92704.4077000003],[454837.3198,92367.7694000006],[454791.4731,92098.3234999999],[454767.0012,91954.4992999993],[454803.0194,92030.7265000008],[455151.8666,92769.0110999998],[455157.6569,92781.2653999999],[455312.903,93109.8210000005],[455414.0249,93104.1941999998],[455425.649,93103.5473999996],[455525.529,93018.4010000005],[456579.539,93039.3412999995],[457777.1296,92972.7035000008],[458344.0002,92966.8331000004],[459247.8665,92957.5912999995],[459364.2998,92956.4008000009],[459665.4435,92840.6341999993],[459680.9652,92834.6673000008],[460000.0304,92712.0111999996],[460050.478,92692.6180000007],[460059.2618,92689.2412999999],[460447.3067,92540.0678000003],[460528.5094,92508.8516000006],[460960.6891,92317.7763],[460965.2539,92315.7580999993],[461018.4038,92292.2595000006],[462941.432,91705.4989999998],[463535.1184,90167.4787000008],[463547.5005,90135.4012000002],[463803,90000.0999999996],[463936.084,88677.8489999995],[463386.36,88897],[463456.3003,89289.4999000002],[463101.2578,88625.4992999993],[463081.0998,88587.7999000009],[463788.1999,88262.3991],[463981.3208,88615.4311999995],[464027.384,88699.6362999994],[464112.0998,88854.4998000003],[464525.089,88781.7550000008],[465748.0121,87969.7907999996],[465808.5997,87549.9000000004],[464067.8001,86205.1998999994],[463868.9018,85518.3878000006],[463840.4538,85450.9724000003],[463070.1855,85473.0602000002],[463064.1742,85471.6228999998],[463044.1067,85466.8247999996],[462271.916,85282.1982000005],[462044.808,85261.8790000007],[461956.947,85206.8907999992],[461403.23,85074.5],[460048.7371,84197.7282999996],[460025.5785,84175.8411999997],[460023.4055,84173.7875999995],[460000.0339,84151.6991000008],[459476.3081,83656.727],[459450.4019,83632.2432000004],[459064.6602,83034.6039000005],[458860.7362,82236.0888999999],[458748.8301,81622.0842000004],[458748.2595,81616.6649999991],[458582.293,80040.3376000002],[458044.2053,78129.6364999991],[457946.72,77950.0399999991],[456987.281,77574.8149999995],[456745.8189,77480.2765999995],[450422.8146,75510.3463000003],[449686.9602,75364.3698999994],[449456.0523,75417.1076999996],[449351.5163,75511.5074000005],[448361.9003,76858.8991999999],[446841.8203,78216.9346999992],[446049.4185,78641.2748000007],[444901.1474,79540.2136000004],[444386.9813,80000.0185000002],[443774.9497,80547.3419000003],[443283.024,80991.568],[443273.9146,80995.4041000009],[443252.778,81014.3059999999],[442128.014,81483.7435999997],[439999.9987,82426.9592000004],[439177.9999,82791.2996999994],[438607.3894,83258.2130999994],[436554.978,85346.3809999991],[436539.3113,85345.4328000005],[436527.592,85358.7970000003],[436493.6786,85364.9969999995],[436479.1,85380.5999999996],[434649.8,85708],[433140.5266,85341.2421000004],[431960.1099,85068.2910999991],[429321.0166,84909.8032000009],[430495.099,85166.4790000003],[430495.0849,85172.9529999997],[430498.208,85187.7522999998],[430533.1223,85195.9494000003],[430520.9384,85679.2063999996],[431838.1931,86522.9569000006],[431963.2,86565.3002000004],[431997.3351,86624.8933000006],[432001.03,86627.2599999998],[432016.7861,86655.7982000001],[432031.5228,86661.7924000006],[432040.8764,86699.4317000005],[432063.4306,86740.2829999998],[432712.9964,87874.2964999992],[432716.2489,87890.0752000008],[432726.9803,87942.1367000006],[432823.6774,88117.2791000009],[432898.5643,88147.4937999994],[432938.188,88324.6864],[433711.1196,89724.6578000002],[433722.5129,89734.0526999999],[435191.2827,89796.3436999992],[434719.95,89690.8699999992],[435080.79,89566.6610000003],[435057.6,89194.6099999994],[435207.6002,89383.4001000002],[435170.539,88727.1220999993],[435247.64,88996.1400000006],[435420.34,88821.3399999999],[435169.0801,88701.2873999998],[434843.0771,88603.6126000006],[435136.5348,88506.557],[435052.31,88342.1870000008],[435477.9165,88406.3741999995],[435273.34,88519.0399999991],[435549.3057,88828.4580000006],[435560.1617,88840.6298999991],[435311.13,89155.7400000002],[435403.3782,89128.2004000004],[435587.9374,89073.1024999991],[435634.161,89351.1037000008],[435334.6604,89240.3938999996],[435126.7999,89677.7996999994],[435864.1986,89819.4310999997],[436140.7543,89815.4719999991],[436315.07,89812.9199999999],[437080.3418,90053.0143999998],[437509.7999,90135.4999000002],[439999.993,91671.9712000005],[440470.3332,91962.1753000002],[441333.0407,91890.2590999994],[441596.1998,91825.6001999993],[440953.0504,91833.0033],[441606.3002,91407.5998999998],[441528.0931,91369.3348999992],[441163.1998,91190.8007999994],[441572.5003,91202.6997999996],[441359.8125,90787.091],[439837.8,89358.6999999993],[441323.6925,90662.1173],[441500.3001,90811.8003000002],[441545.5998,89487.9997000005],[441548.2,90373.8998000007],[441965.73,90048.7400000002],[441595.59,90689.1899999995],[442288.461,90133.2948000003],[442479.2002,90299.8997000009],[441798.8662,90865.0332999993],[441755.5002,90929.5997000001],[441897.1001,91460.6992000006],[442201.7514,91818.9713000003],[441835.8951,91089.5675000008],[441806.5115,90885.2141999993],[442172.3002,91417.5000999998],[442461.8997,90946.3998000007],[442633.57,91235],[443001.5998,90833],[443900.4003,90930.0999999996],[444106.8002,90298.9002999999],[443912.92,91055.2599999998],[444574.6001,91323.4002],[443213.9,90957.2899999991],[442789.6999,91299.7000999991],[443177.1343,91332.1253999993],[442959.1001,91630.7999000009],[443427.1,91626.5],[442441.7999,91786.4001000002],[442729.1997,92030.6999999993],[442159.4,92056.5549999997],[442272.59,92200.4499999993],[445727.3572,93475.5684999991],[446106.9176,94099.7685000002],[448363.9557,96497.7287000008],[448649.1486,96571.4647000004],[448688.251,96581.3861999996],[449697.2383,96060.9412999991],[449790.4696,95840.1029000003],[449794.6398,95836.1044999994],[450021.5989,95618.4989999998],[449998.493,95445.0181000009],[449913.5213,94807.0454999991],[449911.5966,94792.5943999998],[450359.3979,92967.8973999992],[450381.0606,92937.3649000004],[450705.7002,92479.8001000006]]],[[[464021.4993,102115.499600001],[463386.1994,101954.595100001],[463631.3003,102694.903200001],[464021.4993,102115.499600001]]],[[[470142.2011,104279.1],[470355.7,103784.899800001],[469885.5996,104222.595899999],[470142.2011,104279.1]]],[[[472691.1999,104396.299900001],[472614.2003,103971.800100001],[473077.3998,104279.4001],[473528.9,104049.4998],[473980.8001,103240.5999],[473530.4031,102324.3993],[473582.0993,101384.6994],[473283.2993,101826.300799999],[472590.9031,101737.7972],[473250.3007,101594.599099999],[473011.797,101285.296700001],[472599.5905,101440.5052],[472576.499,101449.1998],[472429.201,101530.296599999],[472568.2448,101265.010199999],[472610.6009,101184.1976],[472749.7999,100861.200300001],[473476.9998,101089.4014],[473510.9706,101057.101600001],[473581.9327,100989.630000001],[473880.2428,100687.142000001],[473873.8654,100675.156099999],[473594.4997,100470.799900001],[473641.0541,100237.602399999],[473663.7888,100123.7213],[473688.4826,100000.0265],[473714.3005,99870.7007999998],[473209.9001,99390.2996999994],[472847.4991,99462.0987999998],[472889.0033,99129.4037999995],[473574.7,99432.1000999995],[474019.4,99117.9002],[474031.6039,98819.0026999991],[473313.6991,98587.2993999999],[474168.9,98699.0002999995],[474590.8002,99104.5001999997],[475034.0961,98645.9022000004],[475041.5997,99121.8998000007],[475079.3038,98159.6013999991],[474799.916,98110.1581999995],[473198.4033,98334.6322000008],[472095.0129,98614.8907999992],[471784.8584,98646.1513999999],[471217.8163,98703.3037],[470092.517,98850.3959999997],[469986.4053,98827.4179999996],[469166.1026,98910.0965999998],[468789.0972,99990.8971999995],[468866.6563,100000.0518],[469172.0968,100036.1043],[469148.8388,100000.054500001],[469029.8999,99815.6996999998],[469338.7003,99670.4002999999],[469354.2961,99973.8021000009],[470164.2,99774.4002999999],[470478.5539,100000.035399999],[470929.9001,100324],[471710.2987,102850.7995],[471456.9999,103530.5002],[472081.0809,104217.2305],[472691.1999,104396.299900001]]],[[[467404.9,104009.529999999],[467560.2518,102226.255999999],[467565.2993,102166.804400001],[467804.3003,100309.396],[467832.3816,100146.996200001],[467857.7949,100000.026000001],[467875.7998,99895.9000000004],[467480.6973,99391.6986999996],[467896.6647,99498.0326000005],[468324.4998,99607.4002],[468413.3546,100000.0428],[468324.7999,99026.7999000009],[466050.5696,98372.9003999997],[464634.1795,98001.0086000003],[464358.2252,97970.7355000004],[463524.9298,98726.9408],[463476.998,98773.4002999999],[462850.1962,99487.1013999991],[463132.8,99442.6999999993],[462917.7475,100000.0054],[462908.3117,100024.479],[462902.7829,100038.8191],[463112.5982,100102.0973],[462729.6999,100263.699999999],[462699.897,101200.501],[463249.3987,101066.699899999],[463225.0001,101596.698899999],[464036.1616,101462.7016],[464118.501,101449.0998],[464174.6997,101736.9987],[463726.4989,101694.299799999],[464119.6973,102089.396],[464155.9995,102317.2006],[463468.8973,103428.0034],[463757.8104,103566.680500001],[463975.61,103672.6],[464347.3566,103349.2304],[464500.1999,103220.5999],[465117.8024,104547.902799999],[466661.5898,104190.183599999],[466664.4831,104189.472999999],[467032.2466,104099.152799999],[467404.9,104009.529999999]]],[[[329170.0896,148190.5931],[329228.3,147589.798900001],[328966.8001,148185.899900001],[329170.0896,148190.5931]]],[[[213820.7992,143655.499600001],[213329.104,143304.5988],[212711.2026,144881.397500001],[213243.822,145714.9669],[213265.1791,145722.6885],[213066.7909,146118.647299999],[212976.8997,146308.898800001],[213217.5978,146319.195900001],[213180.9104,146392.177100001],[213221.704,146406.375600001],[213186.0896,146839.373],[213206.2031,146851.9034],[212943.1818,147185.2753],[213057.6777,148210.3059],[214054.3788,145602.0496],[214010.6993,144240.500299999],[214153.4244,144098.9615],[214354.394,143784.7629],[214480.3934,143774.710200001],[214565.9199,143689.8946],[214491.6692,143666.164100001],[213820.7992,143655.499600001]]],[[[323116.4156,160702.570800001],[322441.4725,160654.344699999],[323057.7895,160841.246400001],[323116.4156,160702.570800001]]],[[[586305.3018,169344.7049],[586045.302,169025.7962],[585882.3961,169531.8014],[586676.1976,169778.0009],[586305.3018,169344.7049]]],[[[581970.7,170067.2981],[582038.1034,169506.0987],[581759.0987,169980.7029],[581214.0013,169304.0965],[580761.8009,169538.1995],[580614.2967,169993.499199999],[581512.2004,170173.0978],[581970.7,170067.2981]]],[[[578449.4982,170778.804400001],[579168.6001,170476.600299999],[579498.8003,170696.299799999],[579729.6017,170287.0952],[578268.9974,170135.5985],[578449.4982,170778.804400001]]],[[[587249.1998,171508.300799999],[587542.8002,169843.8003],[586542.9004,170176.7981],[586012.4999,169985.800100001],[585889.7003,170945.796599999],[585513.8996,170844.5956],[585927.4997,171292.899800001],[586346.601,170886.8017],[586139.7994,171137.7009],[586654.9003,171186.5989],[586672.9993,171595.300000001],[587249.1998,171508.300799999]]],[[[583575.2961,172442.698100001],[583565.0969,171910.4005],[583445.7991,172259.500600001],[582948.3993,172396.201400001],[583213.0988,172714.700300001],[583575.2961,172442.698100001]]],[[[586911.8993,172676.200300001],[587003.8998,171796.799900001],[586475.8013,172322.4013],[586183.0997,172315.700200001],[585928.6006,171660.6011],[585606.5993,172429.100400001],[585063.8998,172086.899800001],[585517.1976,172807.103800001],[586911.8993,172676.200300001]]],[[[583508.4039,173145.297],[583152.0029,173060.9012],[583383.3016,173344.5],[583508.4039,173145.297]]],[[[584838.1014,174532.199999999],[584293.9026,174448.1041],[584545.2038,174822.4969],[584770.5001,174751.397299999],[584474.9971,174588.503900001],[584838.1014,174532.199999999]]],[[[584833.6002,175457.200300001],[585034.5977,174997.196900001],[584632.8983,175172.096799999],[584833.6002,175457.200300001]]],[[[601886.3977,172603.202199999],[602589.5036,171510.505000001],[604519.0002,169739.100299999],[605485.9028,167957.302100001],[605000.1038,167270.1987],[604980.596,167586.598200001],[604541.9993,167593.6963],[603482.3035,166358.299799999],[601822.3,165679.4],[600686.7991,166018.697000001],[600206.4,166669.4],[599999.9935,166672.5767],[599076.1016,166686.795700001],[598997.5015,167349.8959],[598969.6002,166752.096999999],[598427.3997,167363.100099999],[597727.3993,167330.101600001],[598532.5003,166971.7008],[598524.3002,166621.899900001],[598066.1003,166559.899900001],[595419.3007,167417.0966],[595406.7032,167151.502699999],[594742.5965,166988.0995],[594777.6999,167227.4],[594433.001,167143.600199999],[594149.1002,167503.800899999],[593640.2999,167180.400900001],[593790.3001,167002.4954],[593162.5998,166837.700200001],[592553.1,167153.899],[592559.296,167900.7982],[592885.2987,168107.1996],[592427.7993,169090.9999],[591521.4956,169379.0931],[591518.0984,169404.3926],[591468.1997,169776.0002],[590061.6,170465.4998],[589344.7001,171896.9999],[590106.4975,171319.1997],[590685.5977,171586.203299999],[590826.214,172033.047700001],[590712.7989,172020.5995],[590346.1999,172674.4999],[590330.3411,173639.6636],[590332.9655,173645.1788],[590903.9021,174845.000499999],[590817.2003,175606.4002],[592565.299,174946.9003],[594067.6086,174840.932499999],[594113.3994,174837.7026],[595820.6002,173640.799699999],[597283.1579,173414.662799999],[597352.1006,173404.003],[600000.0052,173148.9965],[600610.4993,173090.2028],[601886.3977,172603.202199999]]],[[[583192.321,184919.273800001],[582286.2962,184744.096899999],[582229.7722,184755.5745],[582196.5902,184762.3123],[581048.2003,184995.5001],[582096.297,185219.300899999],[582155.0574,185229.623400001],[582261.3397,185248.294199999],[583188.0997,185411.0996],[583205.2994,185410.7587],[583637.1005,185402.1994],[583198.6229,184926.1161],[583192.321,184919.273800001]]],[[[577369.0003,185934.8002],[577143.2998,185643.4001],[577507.492,185889.9783],[577691.2929,185802.010399999],[578550.9624,185382.9812],[578877.6042,185319.072799999],[578922.9861,185310.193700001],[578977.3087,185299.565300001],[579390.103,185218.801000001],[578890.0978,185036.303200001],[579936.0355,185002.284],[579530.4005,185193.999],[580000.0274,185121.6293],[580465.499,185049.9],[580359.6266,184988.5067],[580535.1022,184982.7994],[580842.8999,184527.800000001],[580197.9012,184693.1],[580171.5694,184503.4847],[580168.5028,184481.402100001],[582392.3003,184215],[582684.6975,183915.0042],[582284.5669,183637.097999999],[582253.8914,183615.817399999],[582235.6759,183606.532],[582123.5997,183525.300100001],[583029.102,183632.695],[582409.099,183440.2994],[582232.7997,182982.299699999],[580774.5477,182542.3848],[580738.3537,182531.4834],[580000.0095,182337.474300001],[579782.8013,182280.4001],[579512.4011,182527.100199999],[579345.7358,182289.136499999],[579235.401,182131.601],[578677.804,181905.2995],[577298.2981,182091.496200001],[577210.912,182200.102],[576972.0343,182496.9857],[576908.9748,182613.4541],[576891.6282,182723.8727],[576849.6028,182723.1119],[576781.5063,182848.8835],[576619.5054,182935.1184],[576410.4002,183195],[576186.711,183165.207699999],[575398.7011,183058.5002],[574753.798,184222.5962],[574774.659,184238.5298],[575047.27,184485.51],[575561.3665,184414.5953],[575896.2001,184323.800100001],[576477.7005,184798.3003],[576623.4987,186237.7994],[576671.78,186218.176100001],[577369.0003,185934.8002]]],[[[596971.2035,188487.895199999],[596358.8997,188392.799699999],[595950.5969,188848.801899999],[596134.9976,189723.501599999],[596352.1973,189957.3046],[596489.7997,189488.699999999],[596971.2035,188487.895199999]]],[[[596672.8002,191182.899800001],[595752.6995,188887.4],[595190,190208.0997],[594751.6003,190433.7994],[594643.7922,191086.989499999],[594649.1877,191177.9157],[595307.9026,192125.304],[596117.3998,192362.8002],[596552,192261.300000001],[596672.8002,191182.899800001]]],[[[604708.1002,194618.1],[603038.8002,192243.6009],[600140.9011,189582.900599999],[600000.0091,189555.433800001],[599634.1015,189484.100199999],[598787.4998,188343.896500001],[597912.3,188086.899700001],[596958.3994,188572.699899999],[596383.1987,190124.096899999],[596769.0007,190774.8007],[597244,190863.800000001],[597423.2997,190370.9998],[598081.0999,190268.5001],[598525.3982,189772.497099999],[598121.9003,190357.0002],[597460.4997,190448.0001],[597306.0027,190928.596899999],[596865.6003,190839.201300001],[596671.3966,192122.9047],[598107.0019,192053.704500001],[598661.0003,192375.0998],[599100.7998,194504.1998],[599705.801,194752.4011],[600000.0109,194699.367000001],[600929.6003,194531.799799999],[604827.1967,195443.404200001],[604708.1002,194618.1]]],[[[590154.68,196527.2579],[590160.0987,196498.202299999],[590114.4907,196517.6154],[589614.5972,196730.3959],[590086.6022,196892.2995],[590154.68,196527.2579]]],[[[591031.2659,197236.9618],[591265.2997,197113.8961],[590377.0002,196637],[590819.9253,197043.1624],[590971.7281,197182.365599999],[590793.8304,197223.8565],[590544.5999,197210.100199999],[590297.1976,196768.604900001],[590503.8002,197291.5],[591031.2659,197236.9618]]],[[[590141.0031,197099.439300001],[590064.4414,197023.9003],[589180.3003,196953.8002],[589552.9685,196377.0447],[588696.9997,196811.500299999],[587786.9229,196668.2239],[587727.7003,196658.9003],[587808.6824,196751.3204],[588170.2012,197163.9003],[589792.1835,197044.022399999],[590368.2998,197323.6997],[590141.0031,197099.439300001]]],[[[592644.8997,206301.0997],[591595.8001,205851.4999],[590340.4008,206459.100500001],[590452.6998,206708.0002],[591951.3001,206745.399800001],[592644.8997,206301.0997]]],[[[588063.6023,207039.504899999],[588259.6039,206424.200999999],[588287.1007,206664.301200001],[588546.5993,206530.400599999],[588256.6031,206105.6019],[588539.903,206211.102],[588609.3016,205703.997199999],[587323.4001,205680.199999999],[588063.6023,207039.504899999]]],[[[604502.9,216400.300000001],[605188.3001,215933.800100001],[606471.3031,215890.801200001],[607352.2996,215473.2996],[606753.3998,214534.0998],[603323.5036,212554.496300001],[600321.5997,212394.701099999],[600011.8,212979.1998],[600243.5988,213703.899800001],[601426.4965,214631.401699999],[601871.5013,215485.4],[603028.5036,216129.7029],[603101.4356,216002.1982],[603149.203,216123.5046],[604502.9,216400.300000001]]],[[[625074.4303,223514.882300001],[624788.9959,223412.052999999],[624777.0591,223414.8223],[624444.9007,223923.400900001],[623963.3999,223986.3002],[624122.5029,224454.8993],[624827.2991,224333.9044],[625100.0345,223548.2973],[625105.7745,223531.7634],[625101.2462,223524.5428],[625074.4303,223514.882300001]]],[[[624749.9645,224630.3575],[624749.6009,224412.899900001],[624124.6962,224677.9959],[624468.6966,224691.0022],[624620.3012,225265.4],[624749.9645,224630.3575]]],[[[624248.8002,225587.199899999],[624421.8988,224769.200099999],[624080.8,224800.399900001],[623697.0556,224504.4443],[623816.3,224814.5],[623539.9,224534.0988],[623464.1009,223892.900800001],[622150.0002,224528.399700001],[622360.4015,225246.303300001],[622840.7999,225325.200200001],[623006.1,224993.6],[622968.7964,225249.602299999],[624248.8002,225587.199899999]]],[[[622171.4999,225992.5001],[622366.9976,225664.8035],[622366.0995,225636.6009],[621163.6969,225142.302999999],[622350.4246,225657.607100001],[622101.818,225990.769400001],[621740.6997,225981.800100001],[622066.4998,226038.0999],[622171.4999,225992.5001]]],[[[621872.4001,227095.5],[622253.9996,226823.6011],[621903.0546,226910.255799999],[621540.0008,226999.900599999],[621568.6447,227008.138699999],[621872.4001,227095.5]]],[[[622425.6035,227513.404300001],[622888.2997,226950.999600001],[622650.8998,226957.703400001],[623335.9997,226858.9011],[623374.601,226030.499399999],[622695.7034,226342.999299999],[623234.1999,225849.399700001],[622425.7998,226010.5998],[622635.1011,226544.300899999],[622224.2997,227137.200999999],[622425.6035,227513.404300001]]],[[[642419.9014,247874.495999999],[640982.5008,246859.4398],[639999.1739,246573.805600001],[640000.0003,246577.001499999],[640173.7002,247024.4999],[640919.1007,247016.001],[641639.8999,248293.1],[642116.5011,248218.200099999],[642541.1038,248198.803200001],[642419.9014,247874.495999999]]],[[[592804.1002,343883.5998],[592022.5002,343848.799799999],[592581.7998,344185.5999],[592946.4495,344170.7601],[592946.1672,344167.294600001],[592804.1002,343883.5998]]],[[[579999.9889,346788.980699999],[583903.903,346266.2017],[584801.4026,345877.503],[584075.3007,345708.9],[583339.6003,346017.799900001],[583986.3041,345615.298],[583102.1998,345778.399900001],[582320.5517,345702.4449],[582225.4985,345919.1007],[581335.0965,345888.6998],[581239.1002,346376.799799999],[581184.3014,345990.8004],[580981.0041,346348.798],[581100.7001,346014.799799999],[580412.8039,345997.0987],[580122.4999,345595.101299999],[580000.014,346027.992699999],[579955.9003,346183.899800001],[580000.0062,346263.852700001],[580260.2999,346735.699899999],[579999.9928,346670.780200001],[579437.8997,346530.596000001],[579486.9,346309.599300001],[579002.6,346502.1998],[578870.6972,346114.0953],[578874.1,346612.600099999],[579882.6008,346804.700300001],[579999.9889,346788.980699999]]],[[[496086.5997,422476.9999],[497503.5962,421988.6631],[497800.3004,422038.6009],[497500.6509,421755.1713],[496804.8999,421527.699200001],[496899.7992,421764.6998],[496289.9002,421695.7992],[495282.5975,422410.895500001],[496086.5997,422476.9999]]],[[[341524.4024,455205.098300001],[341196.4997,455010.000299999],[341084.4,455319.899900001],[341524.4024,455205.098300001]]],[[[323255.1032,464033.001399999],[323297.9033,463519.8982],[323068.5999,463703.195800001],[323255.1032,464033.001399999]]],[[[318634.8548,468641.835100001],[318816.9022,467725.204500001],[318178.5002,467766.200200001],[318506.9,467634.600299999],[318250.2001,467440.0002],[318524.1036,467269.604900001],[318501.8003,467540.798599999],[318795.2998,467562.3002],[318541.7992,467168.300100001],[319055.8053,466312.301100001],[319642.2988,466540.2037],[319423.2028,466053.7029],[319999.982,465755.325300001],[320220.2034,465641.401000001],[319999.9774,465477.357999999],[319853.2992,465368.0997],[320000.0108,464374.0177],[320033.899,464144.399700001],[320895.0039,463915.605],[321160.2008,462483.9002],[321786.8999,462081.300000001],[322946.7998,462790.4003],[323221.5999,462008.0997],[323317.6999,462780.299900001],[323286.1707,461871.879899999],[321807.9,461581.599199999],[320892.3998,461960.3002],[320000.0102,463561.4011],[317443.3987,468148.4033],[317417.5367,468299.9769],[316696.0001,472528.8002],[317059.7972,473227.7994],[317988.0002,473712.700200001],[318325.4997,473492.9003],[317502.903,473175.803200001],[317468.0012,472151.600199999],[317734.6998,472142.799900001],[317716.1101,472065.254899999],[318025.3,471769.399900001],[317803.3039,471767.1975],[318089.3002,471413.100099999],[317846.8001,471398.0043],[318117.0997,471386.0012],[318355.6991,470710.199999999],[318634.8548,468641.835100001]]],[[[328563.9684,565042.2184],[328494.9625,564999.5636],[328526.6092,565044.224099999],[328563.9684,565042.2184]]],[[[421828.7005,636031.198899999],[421821.5342,635949.936699999],[421618.6091,635978.0754],[421786.7533,636025.292099999],[421828.7005,636031.198899999]]],[[[408700.6363,644947.784700001],[411634.25,643713.202],[412596.8991,644000.3002],[412837.9971,643768.602600001],[413146.6015,643939.503699999],[413342.7012,643526.700999999],[413981.299,643594.301200001],[413986.6093,643209.734300001],[413868.068,642613.01],[414002.1166,642086.690099999],[414008.7998,641602.6998],[413104.7002,641919.501],[412998.9993,641641.7006],[412526.3008,641659.7963],[412294.5,642760.7007],[411694.8029,643229.696900001],[410724.6973,643340.7951],[410010.304,642814.2958],[409197.1664,643032.795499999],[409053.7894,644162.228499999],[408700.6363,644947.784700001]]],[[[400099.8003,654735.5002],[400599.7494,652665.597200001],[400828.6988,652531.250399999],[400827.4,652496.300000001],[400890.1424,652488.5745],[400894.0721,652453.383300001],[400626.1002,652556.4991],[400000,652480.1964],[399835.0999,652460.1],[399489.8955,652914.2742],[399452.5615,652963.3934],[399426.1586,652998.130899999],[399276.5256,653194.998199999],[399266.1405,653208.661499999],[399059.6001,653480.4],[398259.2769,653127.770500001],[398218.2552,653109.696],[398084.1336,653050.6008],[397660.3991,652863.899499999],[397558.0014,651921.6994],[397491.0195,651864.936699999],[397465.9204,651843.6669],[397209.8961,651626.703299999],[397705.6,651864.1008],[398113.1007,652935.999399999],[398518.7995,653106.399700001],[398521.66,653064.710000001],[398253.9017,652833.897399999],[398431.2239,652872.714],[398507.0008,652889.301899999],[399257.0001,653102.899900001],[399864.2038,652046.6031],[400000,652038.0801],[400565.3001,652002.600099999],[401133.8643,650874.918199999],[401149.1003,650844.6994],[402408.3996,649433.000600001],[402562.5001,648875.100299999],[403851.6698,647707.322000001],[403900.5127,647647.0527],[405219.8649,646431.3663],[405628.8003,645727.4003],[408226.0054,644958.501399999],[407630.903,643542.5973],[408069.3003,643263.200099999],[408018.6023,642459.2974],[408517.0011,641387.799799999],[408275.4058,641386.0042],[409598.256,640000.021199999],[409721.4002,639871],[410103.3009,639135.499399999],[409746.7046,639250.9954],[410140.7088,638858.209100001],[410232.0961,638767.1043],[411860.6001,637809.4],[412553.4007,638079.5009],[413038.76,639321.49],[413199.2938,639999.995200001],[412979.8998,640493.5997],[413204.2005,640530.5997],[413489.2995,640240.8014],[413494.6524,639999.986300001],[413836.769,639034.716],[415566.968,636562.175000001],[414470.5027,635996.897299999],[413557.4034,635844.300899999],[414059.404,635691.4047],[414648.4,634396.899800001],[416327.499,636138.4],[417293.2652,635988.0842],[417490.237,635910.0941],[417694.9405,635780.276799999],[417957.8997,635446.9047],[419502.9999,634770.8989],[420000.0156,634129.8016],[421226.7037,632547.5046],[421885.1138,632382.9603],[422126.3745,632255.903200001],[421982.7023,632193.9968],[422832.5035,631678.603399999],[422033.5003,630898.3002],[422441.7003,631225.399800001],[423231.4974,629614.4035],[423658.5998,629395.199899999],[423558.3993,629027.0012],[424139.5794,628786.5527],[423293.2003,628568.1],[422937.0014,627525.102299999],[423029.1655,627348.738],[423696.0997,626072.499],[424184.199,625915.601299999],[424158.2432,625573.865900001],[424152.1998,625489.604900001],[424685.5989,625398.900599999],[424177.9993,624593.1007],[424502.3016,624025.903899999],[424488.2058,623516.338400001],[424450.35,623490.375],[424483.0356,623329.437000001],[424467.7012,622775.100299999],[425658.9011,622015.9],[425787.4377,622075.884],[425932.4094,622127.394200001],[425805.5136,619999.974199999],[425805.1565,619993.987],[425987.6221,619260.917300001],[425991.9491,618516.5814],[425835.601,618205.800100001],[425996.2512,617776.5297],[426002.9598,616622.520199999],[425827.5002,616336.6997],[426212.9003,615673.700200001],[426821.8305,615375.8149],[426959.8697,615259.7313],[426570.9001,613880.4002],[426765.9004,612854.600400001],[425981.4408,612232.679099999],[425899.0984,612167.3978],[425645.7019,611269.895300001],[424718.0001,610201.699899999],[424091.8993,610547.5],[424339.0003,610654.600099999],[424308.8001,610792.799900001],[423942.999,610937.100299999],[423952.0006,610678.700200001],[424516.9998,609617.4999],[424568.5002,610111.3002],[424904.7018,610066.799699999],[425064.8002,608946.701099999],[425075.0138,608917.852499999],[425080.4545,608902.485200001],[425525.0409,607646.7447],[425570.3392,607442.442600001],[425657.8076,607271.7457],[426192.3251,605764.8507],[426622.6015,605127.9034],[427075.8918,605143.5875],[427129.1658,605092.1119],[426613.4,604918.602299999],[426556.4872,604963.6216],[426223.482,605227.036499999],[425820.4049,605545.623199999],[425842.043,605472.8278],[425950.2999,605139.799900001],[426402.5749,604768.9287],[426426.5523,604749.267000001],[426490.9034,604696.498199999],[427141.7999,604771.9998],[427258.9937,604966.6668],[427343.6334,604884.884299999],[427362.8013,604676.4014],[428693.4002,603164.6998],[428676.3976,602011.595000001],[428166.2992,601551.898600001],[427483.6882,600000.0013],[427409.0001,599830.199999999],[427359.7253,598006.5199],[428430.7,594880.299900001],[430284.2991,592656.303400001],[430071.6001,591995.001399999],[430261.8362,591552.967599999],[430199.1672,591416.759500001],[430505.0854,590797.251700001],[430506.665,590723.143999999],[430587.4954,590630.5077],[430702.4566,590397.9012],[431137.0153,589743.822899999],[431255.7997,589537.799699999],[431800.5242,589240.307],[431813.9911,589224.8731],[431605.3998,588813.6],[431987.5903,588041.9377],[431641.4272,587929.244100001],[431191.8989,587815.3991],[431184.9863,587739.2082],[431026.4735,587264.179500001],[431026.27,587259.77],[431081.0128,587207.4595],[430969.5974,586659.066],[430674.0176,586353.9838],[430632.4712,585973.427100001],[430356.9001,585470.100199999],[429534.1289,585432.461300001],[429519.7016,585431.8013],[429425.0022,585361.115599999],[429402.2012,585344.0965],[430367.5995,585234.499],[430727.7169,584044.062200001],[430733.95,583972.75],[430768.2259,583910.152000001],[430939.4012,583344.2994],[431317.5744,582827.6349],[431626.694,582318.447000001],[431752.176,582233.8771],[432065.8001,581805.4001],[432542.7608,580907.691099999],[432563.2432,580825.302200001],[432068.5002,581678],[431716.697,581909.499600001],[430571.3012,583350.697000001],[430696.4037,582821.5985],[430535.2323,583143.8028],[429854.5995,582843.102399999],[428261.2999,583708.0997],[429808.2,582683.700300001],[428539.185,582303.7104],[428080.1964,582338.796700001],[427824.5995,582246.802999999],[428394.5642,582208.252599999],[428426.1691,582206.115],[428633.3987,582192.0987],[428818.4144,582292.0864],[428891.899,582331.7995],[429267.8974,582275.7048],[429183.7,582084.800000001],[429730.5455,582388.0546],[429736.7221,582391.479800001],[429761.1003,582404.9988],[430212.5011,582636.001599999],[430968.2895,582292.0952],[431055.303,582252.501399999],[431657.9314,581801.7903],[431687.1992,581779.900599999],[431962.499,581620.0009],[432157.1977,581312.500499999],[432134.3909,580488.626499999],[432277.6996,580971.7991],[432574.3104,580493.666999999],[432533.4671,580427.0725],[432329.2003,580558.5],[432120.0583,580000],[432090.8566,579918.785399999],[432349.0025,578780.7952],[432373.9965,578744.298599999],[433409.1628,577232.7333],[433489.3204,577094.0396],[433506.4596,577090.6591],[433693.1596,576818.036900001],[433757.079,576852.3529],[433978.2934,576519.763699999],[433977.646,576466.142000001],[434028.1981,576432.4651],[434039.09,576332.92],[434128.7676,576293.530300001],[434241.4343,576124.1393],[434449.7606,575704.0386],[434462.3162,575678.719599999],[434465.7993,575671.695699999],[434827.0389,575417.6185],[434825.504,575290.528000001],[434845.8513,575313.6787],[434842.69,575286.51],[434955.6593,575327.1527],[435132.6,575202.700200001],[434900.8002,574541.999600001],[435207.5992,573377.401000001],[435210.064,573372.514799999],[435213.9903,573364.7313],[435506.3664,572785.125399999],[436123.1741,572009.3313],[436486.6211,571552.203500001],[436491.5308,571485.688899999],[436497.9285,571399.0154],[436486.003,571380.878],[436500.1561,571368.8367],[436510.1636,571233.2579],[436493.7,571208.449999999],[436512.6031,571200.2086],[436541.3028,570811.396400001],[436552.6375,570789.220899999],[436555.2414,570784.126499999],[437202.3003,569518.1998],[437455.5647,569407.9058],[437530.8083,569302.126],[437553.25,569271.65],[438240.694,569064.054400001],[437434.639,569273.65],[437424.5243,569263.6646],[437361.1003,569279.700099999],[437371.1073,569210.930400001],[437142.664,568985.4069],[436560.0999,568889.3003],[436494.8685,568702.6544],[436392.1002,568408.6042],[435848.6722,568174.465700001],[435234.3456,567023.427999999],[435219.6003,566995.8003],[435370.7011,566636.3013],[434876.1962,566131.2961],[433896.0987,566190.0998],[433993.1,566399.9002],[433246.6011,566080.9005],[433122.4368,566083.3005],[431979.0999,566105.4002],[431901.5406,566179.362],[431924.7823,566100.6417],[431917.7622,566100.078600001],[430845.08,566014.0427],[430137.606,565599.181299999],[430122.8031,565590.5009],[430114.5018,565567.644300001],[429859.5998,564865.798900001],[429851.231,564827.714299999],[429517.6865,563309.825200001],[429222.8592,563135.5831],[428893.8553,563004.0744],[428655.9984,562908.998400001],[427914.4491,563414.0349],[427911.6231,563414.502699999],[427165.9433,563537.9256],[426872.787,563680.8303],[426160.8882,564706.517000001],[426446.0995,564072.6953],[426427.4609,564071.458799999],[426114.5136,564050.465299999],[426068.5004,564072.895300001],[425999.589,564042.755799999],[425694.6052,564022.296599999],[425210.3994,563697.5919],[423616.4266,563000.4439],[423185.7962,562915.896500001],[421393.4367,563399.2919],[421373.8984,563404.5613],[421189.1081,563425.591700001],[419774.1028,563881.401699999],[419454.1992,564086.4716],[419451.5325,564088.181],[418533.9994,564448.099300001],[419138.8,564111.4],[418978.8213,563990.367699999],[418236.6864,563744.8893],[418009.6001,563765.9998],[417630.4966,564559.8959],[416859.8594,565007.3466],[416856.0909,565009.534700001],[416796.4732,565044.1502],[415940.901,565454.199899999],[414846.4817,565225.138699999],[414831.3188,565221.9651],[414814.8964,565226.2947],[413859.6014,565567.6974],[414065.6484,565453.193299999],[414239.7883,565356.4398],[414256.7347,565347.0242],[414280.6925,565333.714299999],[414656.5476,565124.9101],[416307.5003,565189.6998],[416562.3513,565043.6384],[417502.7971,564489.396],[417583.9998,563926.4999],[418057.1025,563635.066199999],[418099.5105,563608.942600001],[418681,563545.700200001],[419120.4962,563925.9594],[419210.0002,564003.399700001],[420000.0213,563581.439300001],[420595.1002,563263.600099999],[420610.3361,563256.7962],[420682.7112,563224.4758],[423319.2,562636.4998],[423298.3997,562548.101],[424695.9321,563120.381100001],[424737.5002,563137.403000001],[426061.5293,563982.931],[426084.5001,563997.600199999],[427058.7399,563318.641799999],[427065.0797,563318.782299999],[427591.555,563330.4529],[427742.4999,563333.799000001],[428039.7511,563111.971100001],[428368.7484,562866.452299999],[428409.3638,562848.1833],[428759.6995,562690.6009],[429667.5003,562987.899800001],[429907.1442,563451.763800001],[429911.3731,563459.9493],[429923.8003,563484.003799999],[430281.3968,565379.801200001],[431120.8017,565811.197699999],[433086.299,565818.736],[433287.7013,565816.5999],[433325.8629,565819.6423],[433867.2003,565862.799699999],[433951.9488,565591.0184],[433898.3001,565853.699999999],[434380.396,565623.8013],[435386.379,565948.104],[435693.1295,566632.5229],[435699.8994,566649.499199999],[435822.4011,567284.251700001],[435937.8,567845.35],[436615.1001,568232.299900001],[436630.1745,568236.6293],[437255.1319,567833.446599999],[437284.4001,567786.199899999],[437570.4417,568012.5086],[437771.479,567348.2774],[437785.1032,567303.000700001],[438913.2005,566121.199899999],[439091.4769,566062.282299999],[439723.5377,565366.973200001],[439721.6474,565262.6546],[439721.3981,565248.898600001],[439999.9996,565038.100500001],[440072.054,564983.582],[441250.4225,563687.298],[441290.9032,563585.104900001],[441388.3342,563221.0316],[441105.3781,561818.253799999],[440848.6959,561245.404200001],[440842.0514,561230.5755],[440840.0959,561194.8181],[440774.7543,560000.0164],[440764.214,559784.8192],[440906.8993,558880.501],[440968.3963,558865.012],[440973.7965,558840.6885],[440899.6998,558856.6998],[441021.7801,558624.5614],[441039.5014,558544.7411],[440940.607,558517.084000001],[441028.0346,558374.7927],[440746.2009,558254.5],[440640.6998,558524.8002],[440424.8002,557623.3002],[440000.0152,557482.601500001],[439667.911,557372.086100001],[440000.0152,557381.2772],[440357.7001,557391.6998],[441047.8965,558252.001499999],[441229.55,557854.800000001],[441287.1278,557953.110200001],[441298.6125,557934.418500001],[441210.88,557780.279999999],[441213.2614,557776.682399999],[441210.4,557771.4],[441551.0666,557266.3495],[441727.0472,557000.4901],[441463.9005,557177.7993],[441682.6013,556923.9016],[441038.0025,556137.4967],[441283.4279,554744.3587],[441284.1285,554740.381999999],[441988.5813,551950.9661],[441993.0953,551940.0682],[442743.3764,550128.7162],[442772.8874,550085.9109],[442777.0061,550079.936799999],[443141.6002,549551.0997],[443683.8537,549414.6216],[443716.7853,549403.740800001],[443173.3,549442.803099999],[443480.8995,549100.6007],[443675.1028,549314.799699999],[443401.7001,548814.3003],[443613.1782,548290.500499999],[443807.4623,547714.065199999],[443769.753,547617.528000001],[444202.6699,546735.337400001],[444316.6722,546101.4619],[444553.9683,543571.9158],[444593.8831,543473.3949],[444584.4558,543363.1746],[444552.161,543113.455],[445019.4828,542193.693299999],[445099.72,541747.558],[445459.5425,541310.1073],[445518.3949,541191.4431],[445632.5341,540909.7158],[445635.3523,540902.7597],[445701.8747,540806.387499999],[445703.652,540801.6401],[445723.0636,540779.243000001],[446331.3533,539999.9793],[448896.8491,536714.0383],[448926.003,536676.6973],[448888.7023,536643.696799999],[448831.6254,536672.196],[448668.4025,536753.6953],[448813.2226,536660.3902],[448824.8534,536652.8967],[448868.304,536624.9022],[449594.7819,536127.2487],[449598.1953,536124.910499999],[450998.3054,535165.804099999],[453226.2548,533834.1752],[453318.6302,533436.3467],[453340.1814,533306.502900001],[453305.7207,533346.481000001],[453143.8962,533599.5976],[452639.0827,533443.194499999],[452120.7992,534238.0954],[451894.2004,534021.0989],[452468.6003,533509.6],[451927.2001,533331.100099999],[452049.3723,533094.1698],[452022.1481,533037.762700001],[451802.6997,533267.800000001],[451758.4041,532649.9],[451878.1263,532739.356899999],[451828.1819,532635.874600001],[451748.1999,532552.499700001],[451778.5761,531913.8813],[451778.8839,531907.410700001],[451856.5956,531750.674000001],[453256.1029,529036.0045],[453996.097,528374.4037],[454409.2836,528458.8606],[454431.8348,528457.8566],[453739.8992,528002.3002],[454203.4001,527021.0997],[453904.7002,527222.4001],[453939.1003,526847.799799999],[454292.3998,526996.499199999],[453963.3001,526623.4999],[452466.5128,526692.230699999],[452181.9676,526285.8005],[451715.658,525621.098999999],[451003.5771,525527.196699999],[450950.5123,525520.8298],[450939.1275,525459.2049],[450930.9754,525433.616699999],[453467.5923,525466.964600001],[453822.8025,526336.2972],[454016.1998,526218.0998],[453559.7026,525495.8978],[453872.8,525275.299799999],[454204.4997,525596.1],[454315.0986,524229.4003],[453981.8992,524202.698000001],[453880.0999,523607.600099999],[451614.092,521217.8213],[449457.8468,521775.8619],[448857.6003,522331.1998],[448884.6998,522087.100199999],[448398.5999,522167.4001],[448011.0001,521770.303400001],[447965.6279,520885.0987],[447938.6288,520303.6022],[447974.2574,520435.320599999],[448363.4803,521874.2722],[448453.0003,521976.495200001],[450791.1017,520932.5041],[450530.5001,520686.4045],[451496.6001,520820.399800001],[451361.1032,520457.746200001],[451567.803,520481.1033],[451647.4003,520868.999700001],[451978.2419,521019.113399999],[451994.7171,521026.5887],[454118.2972,523312.8027],[454927.6996,522660.5996],[454138.2995,523312.3013],[454344.2036,523585.8046],[455222.5006,522990.404999999],[454514.8999,523689.0997],[455049.5998,524684.0002],[454677.099,526145.400900001],[454759.0267,526447.0891],[455225.877,526176.849099999],[455546.5193,526279.0732],[455911.4659,526395.540100001],[455483.499,527342.1998],[455655.8365,528004.943499999],[455715.7239,527958.860099999],[455684.1997,527625.4991],[456987.1998,526324.899800001],[459206.8026,525411.301999999],[459944.6999,525525.5002],[460000.0187,525503.3215],[460826.114,525172.118799999],[460897.3468,525110.4168],[462342.3004,523858.796399999],[462380.4295,523833.874],[463562.0247,523061.547599999],[463646.7019,523006.199999999],[465707.9498,522049.5765],[465725.9993,522041.1997],[467293.1992,521587.600199999],[468233.9528,521878.002],[468877.4336,521960.493799999],[469898.6029,521586.697799999],[470947.3986,520480.603399999],[471163.7063,520558.371400001],[471287.2435,520453.593499999],[471329.6991,520194.000499999],[471369.1368,520188.747099999],[472786.1294,519999.9922],[473027.7998,519967.799799999],[473185.7821,520000.0064],[474250.2,520217.0002],[474691.3374,519999.975500001],[477132.2993,518799.104699999],[478253.8733,519029.3233],[478351.888,518998.4483],[478074.1986,518790.4979],[478133.039,518786.627],[478227.4021,518780.419199999],[478706.6057,518748.893999999],[479380.6962,518262.0263],[479381.8002,518245.5001],[479971.3882,517749.197699999],[479942.623,517682.277899999],[479843.1012,517493.4991],[479999.9762,517422.1171],[480907.0037,517009.397],[481156.137,516158.890900001],[481079.7996,516037.7225],[481198.5452,515854.524700001],[481284.0371,515722.2578],[481340.5003,515529.500299999],[482206.8003,515475.5001],[482831.2557,515826.1032],[482918.147,515841.165999999],[482924.4157,515878.408199999],[483380.002,516134.198999999],[484654.1036,514682.703],[485389.2998,514616.6009],[485711.0483,514224.541200001],[485740.0362,513989.0364],[486000.2877,513872.094900001],[486032.6998,513832.5998],[485889.6,513109.303300001],[486212.1991,512526.4005],[488171.0735,511997.8188],[488184.0994,511994.3039],[489648.5976,511570.202099999],[489862.6992,511508.2007],[489925.8458,511836.935699999],[489932.3518,511814.5067],[489928.0812,511367.959000001],[489925.0997,511056.201099999],[489951.1124,511492.616699999],[489962.5426,511684.382099999],[489975.903,511626.797800001],[489979.637,511737.2831],[490025.74,511629.800000001],[489989.4404,511822.4353],[489999.7401,511820.0868],[490046.4692,511727.6445],[490143.69,511521.550000001],[490147.5284,511520.8649],[490180.4959,511462.504699999],[491223.7023,511186.004000001],[491264.1117,511207.8641],[491282.032,511217.5583],[491464.9067,511316.4871],[491556.7041,511281.9979],[491757.9999,510756.600299999],[492579.0697,510418.655400001],[492910.9749,510087.073999999],[493193.6773,509580.8445],[493632.2991,508706.2038],[495973.6994,506734.199100001],[495929.7502,506195.367000001],[495795.6853,505945.5536],[495337.6997,505532.6008],[495398.9,504333.5999],[495960.4998,503317.4998],[497279.0979,502354.3013],[497762.5853,502404.278000001],[498462.1033,501983.316500001],[498533.791,501857.302999999],[498614.8947,501820.329299999],[498990.1189,501544.7707],[499217.7089,501338.686899999],[500970.9458,497411.4989],[501011.505,497138.739499999],[501018.6041,497090.998600001],[501200.6788,496896.905200001],[501991.2713,495126.006200001],[501998.6038,494973.604699999],[502121.6437,494951.2567],[502910.747,494269.8665],[503033.2023,494030.704600001],[502751.0988,493415.8003],[502943.901,492739.903899999],[502947.6561,492702.882099999],[503049.601,491697.8013],[503404.4795,491390.6328],[503420.4811,491368.071699999],[503451.56,491305.02],[503463.8608,491306.909600001],[503470.18,491298],[503504.3496,491304.189300001],[503567.3635,491249.647],[503625.5978,490899.081700001],[503597.5025,490823.602600001],[503752.1007,490137.545700001],[503785.704,489939.606899999],[503799.5814,489926.841800001],[503857.9998,489667.600099999],[504459.4989,489227.999399999],[504548.0391,489276.8299],[504564.7595,489263.2007],[504567.45,489261.76],[504649.9252,489333.0207],[504806.3233,489419.2751],[504818.4115,489425.9419],[505200.3872,489235.609099999],[505238.7443,489114.076199999],[505166.979,488905.282400001],[504455.7011,488270.803400001],[504462.6169,488196.185799999],[504462.9375,488192.7268],[504507.5017,487711.9033],[505013.8904,487131.033399999],[506388.3811,485086.778100001],[506335.9999,484962.499],[506712.7006,484500.3014],[507603.2999,484051.800100001],[507906.2982,484136.030999999],[508615.8746,483804.5747],[508619.8001,483797.503799999],[510000.0999,483121.700200001],[510091.2002,482746.300100001],[510757.5061,482603.112],[513610.2003,481412.9001],[512553.2961,481586.296800001],[512251.8,481272.1997],[511960.6432,479999.993100001],[511951.3992,479959.601299999],[512134.8008,479061.199200001],[512642.6314,478230.1218],[512695.6896,478065.3938],[512696.969,478061.527000001],[512852.747,477886.262399999],[513379.2039,477024.702500001],[513458.9116,476964.732100001],[515482.4002,475442.300100001],[516807.7199,475008.814300001],[516816.4496,475005.959000001],[517341.2347,474883.239700001],[520981.9308,473482.3652],[521321.9021,473281.504000001],[521342.3796,473270.874600001],[521822.8443,473021.4768],[522511.731,472615.516000001],[522542.8284,472606.319599999],[522554.537,472599.502],[522742.9359,472543.8793],[523356.1003,472225.600299999],[523529.5769,472311.632300001],[523735.8393,472250.7356],[523817.4008,472073.500299999],[523962.1384,472183.9233],[524461.3071,472036.5493],[525102.0941,471406.952400001],[525727.9904,470617.255899999],[525777.4839,470468.3761],[525372.6312,470138.347999999],[523991.9992,469226.3048],[521688.7998,469206.6997],[520104.6013,468630.5953],[519999.9753,468489.4114],[518904.3624,467010.9747],[518902.1809,467008.030999999],[518895.5301,466999.056299999],[518490.5063,466538.832],[518432.08,466541.439999999],[518472.8668,466518.7884],[518372.04,466404.220000001],[518317.7535,466280.9495],[517967.9008,466164.300799999],[517346.4509,464578.6916],[517345.5231,464572.1291],[516943.4037,461727.801200001],[517019.8413,459999.9672],[517053.904,459229.996200001],[517359.8036,458208.2378],[517378.3759,458148.2281],[517574.48,457494.4298],[517579.965,457441.634],[517622.8751,457333.0836],[518902.1993,453067.9001],[518919.8118,453020.5646],[519999.9889,450117.4652],[521394.0003,446370.9002],[522206.0823,445067.849300001],[523170.929,443298.086999999],[524367.5139,441599.658399999],[524976.5077,440622.4789],[524987.9128,440604.1785],[524996.0003,440591.2015],[525410.943,440000.020099999],[528889.2298,435044.8763],[528919.4301,435001.8531],[539982.0005,420498.2017],[539999.9742,420453.2543],[540181.2152,420000.018300001],[541486.3668,416736.177999999],[541796.2465,415857.430500001],[542054.0816,414582.028100001],[542112.1556,414024.1031],[542042.9598,413424.3906],[541841.8001,413111.9002],[539999.9893,410754.246099999],[539720.1943,410396.0878],[539861.4179,411005.9959],[539999.987,411153.347899999],[541549.1274,412800.677100001],[541857.8067,413206.4509],[542039.4115,414279.1856],[541991.3648,414580.0054],[540610.8021,416192.295600001],[540000.021,416587.831700001],[538227.4992,417735.700099999],[534571.8003,418887.699899999],[533592.4996,418418.7992],[532313.2014,419452.500399999],[533451.4999,418377.5],[529061.5002,416828.4999],[528797.8404,416499.998600001],[528586.2432,416513.0528],[525490.3996,417092.798800001],[524046.2022,418220.0952],[523641.9369,418909.044600001],[523640.2253,418911.9615],[523529.6389,418809.032500001],[523472.8809,418758.484099999],[523066.4994,419160.595899999],[522254.219,420000.0031],[521024.2,421271.0998],[520724.1012,421974.600299999],[519999.9879,422665.998400001],[518258.3008,424328.9966],[517108.8994,425019.599300001],[516419.3971,427029.603499999],[516520.5906,427218.2106],[515998.8993,427338.799900001],[516001.4961,428366.500800001],[515982.8437,428379.3378],[515975.3008,428364.8487],[515967.9105,428350.652799999],[515844.7987,428104.795700001],[515523.1656,427743.4353],[515454.7711,427779.371400001],[513985.9994,428551.0995],[511743.4992,428613.699999999],[511634.5621,428583.2158],[510174.8017,428174.727],[510176.2169,428202.231699999],[510433.6967,428880.3028],[510227.4163,429197.2773],[510209.7035,429224.495200001],[510076.001,428166.099099999],[506682.6185,426535.838099999],[505888.2031,426389.5967],[505871.8963,426384.783299999],[504428.0023,425958.575999999],[504419.0057,425955.920399999],[504412.5023,425954.000700001],[504222.1571,425880.074899999],[503429.21,425867.949999999],[503329.1937,425522.7006],[502562.096,425277.395],[501512.2029,425575.6996],[501434.1445,425572.5046],[500000.0214,425513.8048],[499963.2033,425512.297800001],[496298.9992,424541.295700001],[495234.4368,424862.0162],[495192.9984,424874.500299999],[493432.4974,426568.1951],[491092.0392,426861.854499999],[490024.7963,426563.4969],[489969.1159,426545.6746],[487662.6,425807.399700001],[486747.7998,424292.6],[485908.4005,423818.501499999],[483098.1998,424126.5002],[480710.1989,423026.0001],[479999.9871,423622.3179],[479702.4995,423872.0986],[479144.9464,423816.2399],[478529.697,423754.6009],[479999.9952,423135.702099999],[480980.2003,422723.100299999],[482422.6006,423482.7783],[482988.0761,423730.861099999],[483896.3,423845.404899999],[485928.1002,423274.3002],[485938.8002,422973],[485951.1,422921.5995],[486001.6955,422321.953199999],[486054.9998,421690.203199999],[486196.1533,422246.5691],[486273.7964,422552.605],[486498.8039,423052.202400001],[491740,425135.5001],[493569.001,423121.501],[493447.9976,422802.703299999],[493625.1003,423035.9002],[495957.9999,421327.000299999],[497492.1997,421175.599099999],[498947.6007,421526.0996],[499816.8133,422468.684800001],[499901.2994,422560.3028],[500000.0076,422639.3496],[501079.601,423503.9027],[502900.6961,423236.9004],[502926.4999,423452.4001],[505205.3349,423634.9745],[505211.2818,423635.450999999],[505301.7979,423642.7029],[506048.0997,423819.801100001],[506163.4975,423466.303400001],[506167.4963,423854.002499999],[506538.5983,424065.301999999],[508256.7,424295.0999],[509891.1059,425045.337200001],[510423.5869,425193.945],[512997.1002,425442.5997],[514559.6988,423498.1043],[514734.9002,423069.3002],[514458.3011,422901.599199999],[514814.6998,422927.800100001],[516433.6926,420191.5363],[516530.34,420007.42],[517532.9886,419006.324200001],[518799.4184,417224.909700001],[518814.0019,417204.3959],[519866.1785,416476.2404],[519916.8,416412.9],[519952.9695,416416.176999999],[520000.0107,416383.622300001],[520645.1461,415937.158399999],[520788.66,415734.15],[521051.9018,415655.6645],[522288.8994,414799.6043],[523811.6726,413264.4431],[523886.8036,413188.7008],[525095.72,412040.3046],[526239.4842,411148.691099999],[526260.8531,411132.0381],[526335.1968,411074.101500001],[526360.4997,411102.901799999],[526395.4015,411142.4011],[527258.3001,410637.799900001],[527792.7073,411251.791999999],[527878.5826,411350.456],[527960.9419,411341.5217],[528517.2886,411189.320900001],[529085.798,410652.9012],[529145.8293,410593.1293],[530697.0071,409048.649800001],[530702.4869,409043.193700001],[531249.229,408341.2568],[531252.0667,408337.6065],[531284.8003,408295.499299999],[533210.6805,406148.515699999],[533236.7987,406119.3989],[533824.8035,405078.2969],[534231.87,404942.432],[534903.948,404756.562000001],[535386.096,404002.426999999],[535687.297,403866.984999999],[536185.0005,403843.899700001],[536188.2004,403872.101199999],[536122.1998,403919.0998],[535854.6963,403945.0013],[535419.559,404132.736],[535268.195,404744.523],[534432.719,405567.790999999],[536434.497,404461.803099999],[537544.821,404317.130000001],[537387.408,404068.953],[538000.111,403881.01],[537880.759,404360.620999999],[538343.1001,404206.200099999],[538671.8028,403575.497099999],[538276,403694.0999],[538273.254,402873.536],[538531.153,402174.482999999],[539020.724,401818.309],[538752.22,401578.118899999],[539389.936,401846.714],[539607.0998,401482.200099999],[539756.9023,401062.396500001],[539766.3928,401075.882300001],[539805.0001,401158.800000001],[539942.1039,400816.203500001],[539993.964,401039.147600001],[540000.032,401035.793],[539696.1002,401507.700099999],[539678.216,401909.215],[540246.4,401825.825999999],[539793.771,402994.130999999],[541341.349,402380.282],[541080.857,402068.487],[541742.301,400806.655999999],[542255.142,400785.732999999],[542023.564,401928.819],[542561.702,401677.716],[544370.321,399300.450999999],[543879.875,399618.460000001],[544818.878,397172.273],[544853.394,396271.783],[545416.501,396081.619000001],[545602.881,395733.299000001],[545426.9997,395662.4015],[545923.052,394956.311000001],[546253.05,394738.582],[546559.799,394269.293],[546646.2,393671.589],[547035.904,393444.868000001],[545699.313,393502.331],[547178.825,393367.422],[546891.871,393222.461999999],[547125.131,393302.773],[547010.873,393134.623],[547259.652,393297.583000001],[547182.987,392935.961999999],[547842.093,392421.988],[547661.51,392746.182],[548314.2975,392101.169299999],[547946.348,392277.096000001],[548349.186,391630.375],[548430.237,391849.15],[548619.877,391241.162],[548286.413,391426.527000001],[548175.4002,391178.099099999],[548379.163,390997.432],[548694.3006,390699.7016],[549360.07,388513.655200001],[549366.2984,388493.204399999],[552008.9542,382792.8495],[552057.1003,382688.9958],[553373.3614,380000.020500001],[553393.973,379958.25],[554044.6093,378696.008099999],[555458.8149,375619.771],[556066.5998,374026.1],[556834.1422,370626.764],[556834.9276,370623.285700001],[556865.0002,370490.098200001],[557474.104,368695.2015],[557350.9968,366576.265699999],[557343.3004,366443.795700001],[557241.7326,363423.5506],[557240.9002,363398.797700001],[557226.6526,360776.7996],[557226.6296,360772.568499999],[557226.501,360748.895400001],[557258.2638,360000.007999999],[557281.1036,359461.5046],[556685.985,358618.6785],[556613.1997,357802.1987],[556607.6097,357786.432800001],[556343.0005,357040.1315],[556302.4987,356925.9005],[556140.6998,357339.6998],[555704.4001,357406.799900001],[555874.2993,357559.2995],[555358.7017,357500.695900001],[555408.099,357420.6993],[554861.8002,357788.0002],[555045.8016,357440.403100001],[555176.8981,357113.5967],[553785.802,356144.3993],[551970.402,353962.198799999],[551945.8045,353937.5736],[551942.6796,353934.4451],[550204.6003,352194.399900001],[547594.5031,350633.2104],[547581.7541,350621.1801],[545217.2036,348389.920600001],[545214.6322,348387.494200001],[544447.6003,347805.5999],[541584.6015,343079.304],[540715.2011,342278.1033],[540000.014,340740.284399999],[539801.2041,340312.7969],[539811.0988,339999.9672],[539829.5,339418.199999999],[539500.971,339242.8873],[538325.3997,338945.399700001],[539635.5557,339153.2097],[539668.0262,339131.616800001],[538044.6006,337498.1006],[537403.8031,338662.7982],[537543.1042,338222.532099999],[537582.5943,338097.721899999],[537895.9185,337415.795399999],[537929.0182,337407.8049],[538149.404,337354.602600001],[537893.1448,337050.759500001],[537183.5349,336225.501700001],[536991.8001,337040.399900001],[537034.7604,336052.480799999],[536972.5341,335980.1132],[536012.8036,335978.896400001],[536930.2402,335930.9265],[536912.8586,335910.712099999],[535266.0979,334867.5046],[536497.9083,335428.1358],[536444.8795,335366.464600001],[536508.0878,335432.7687],[536511.9125,335434.509400001],[536810.4968,335570.4034],[539174.1991,337701.903200001],[538987.5969,336957.5963],[539248.7015,336533.0978],[538404.5969,335971.998400001],[539539.2987,336304.303300001],[539451.901,335980.495999999],[540000.0093,335723.3565],[540176.4028,335640.6033],[540000.0046,335535.164899999],[539807.997,335420.396299999],[540000.0035,335489.6993],[540402.301,335634.904899999],[540583.7006,335114.603800001],[542457.0032,335008.304300001],[544426.2041,334111.0011],[544557.3006,333769.198899999],[544484.6875,333683.3759],[543846.1004,332928.445800001],[544060.455,333131.252],[544755.9487,333789.275699999],[544789.902,333821.403999999],[544794.6604,333804.388699999],[544867.7024,333543.203600001],[545408.1002,333608.404999999],[546570.1014,332953.602399999],[547232.3035,330923.803400001],[547752.7003,330564.0002],[548370.4022,329026.196599999],[549300.4754,327994.9758],[549334.0025,327957.8024],[549089.0539,327250.060000001],[549076.8039,327214.6655],[548984.9976,326949.404999999],[549342.2999,327306.700300001],[549476.7987,327116.5033],[550649.098,327425.3049],[551388.2018,327320.2049],[552455.5998,326585.8002],[552876.4342,326646.768999999],[552997.2903,326664.3683],[554248.9989,327082.403000001],[557420.8002,326963.4],[558621.4,326133.6],[559824.301,323831.703500001],[559840.8647,323793.9222],[559842.2479,323790.7673],[559999.9784,323430.988299999],[560276.3035,322800.6986],[560282.3956,322787.448799999],[560329.5003,322685.000499999],[561488.3381,320035.862600001],[561499.9238,319999.5266],[561788.7995,319348.999],[561607.9425,320000.038000001],[561452.1917,320559.5986],[561332.3968,320826.9036],[561616.5356,320773.1456],[561289.6998,320921.999199999],[560242.4999,323387.8002],[560631.199,323178.9004],[560265.6996,323508.999199999],[560343.3628,323569.297800001],[560588.6016,323759.7041],[560668.2002,323524.5002],[560686.6989,323899.3002],[560251.7991,323543.696],[560135.9463,323737.5056],[560043.298,323892.496099999],[559999.9785,324002.4296],[559926.6964,324188.4014],[559003.7999,326491.5998],[560000.0279,327412.6262],[562777.8962,329980.803400001],[562799.3333,330003.295600001],[563899.2001,331157.299900001],[564591.6854,331211.088099999],[564712.8966,331220.5031],[564681.1002,333512.300100001],[565934.4341,336250.070800001],[566629.8548,339388.293099999],[566630.8161,339392.631200001],[566647.3996,339467.4987],[566815.33,339999.963500001],[567394.7003,341837],[567945.6097,342398.635500001],[569012.5998,343486.399800001],[569080.2905,343649.944],[569204.6406,343950.380100001],[569317.1037,344222.096799999],[570306.6999,344926.100099999],[572134.6963,345203.899499999],[572136.9974,345182.9979],[572139.9505,345160.100199999],[572669.9,345064.9956],[572651.1997,344730.199899999],[572382.9966,344784.096000001],[572626.902,344613.604800001],[572201.9022,344781.3968],[572216.9988,344706.998],[572217.1978,344474.805299999],[572560.8,344574.800000001],[572248.7998,344421.100099999],[573078.5,343838.600199999],[573601.0974,344117.696599999],[573022.3022,344017.6953],[572730.9959,344431.8968],[573440.6978,344587.6022],[573694.3,344239.1009],[573457.3002,344654.0001],[573768.7002,344884.5],[573800.2439,344485.657299999],[573923.1992,344636.499600001],[574323.8016,344343.5021],[574337.2998,344332.600099999],[574371.4007,344331.2051],[574493.3033,344929.737400001],[574276.5993,344604.1987],[574015.7002,344887.6998],[574245.9998,344893.3002],[573726.1995,345049.9999],[573949.2037,345290.401000001],[575877.3998,345012.300000001],[575983.0922,344526.972899999],[576436.7964,344737.1994],[576064.2021,344652.103700001],[576012.6999,345032.299900001],[579371.5,345609.8002],[579717.5969,345168.9958],[579377.2985,344772.3993],[578449.8997,345070.999700001],[578543.6981,344816.296700001],[577365.4289,344672.3818],[577754.7034,344448.801899999],[577095.7491,344464.358200001],[577632.3001,344244.7008],[578036.3002,344654.4],[578014.3001,344335.799900001],[579144.0003,344329.9998],[579500.7,344713.0997],[579999.9971,344519.9311],[580176.1002,344451.800100001],[580625.3136,344880.2598],[580120.7999,344695.399900001],[579999.9808,344767.1776],[579741.3997,344920.7985],[579999.9685,344953.773399999],[580366.4007,345000.504000001],[581046.7997,345709.601],[581404.5001,345650.9998],[581371.3001,345335.2992],[581589.3989,345559.504000001],[581550.4998,345190.800100001],[582171.5733,345250.0711],[582516.5288,345081.8923],[582086.7987,345442.0976],[581799.6001,345284.4998],[581770.4241,345642.123299999],[581767.3013,345680.399800001],[582023.5014,345731.9047],[582206.9064,345588.930299999],[582347.1437,345610.2163],[582358.7239,345611.973999999],[583110.89,345736.83],[583675.33,345543.6876],[583697.8301,345536.3398],[583701.6901,345535.0792],[583713.7478,345531.1416],[583813.701,345498.5002],[584894.9011,345266.099199999],[584361.1,344409.899800001],[583890.9,344608.400900001],[583748.4962,344547.429199999],[583665.7896,344249.284299999],[583812.5719,344268.9607],[584564.1015,344369.704600001],[585295.4984,344887.799900001],[585413.4999,345244.899800001],[585065.797,345015.7996],[585032,345472.999700001],[585499.9003,345617.198899999],[584844.0992,345738.4],[586218.3988,345981.5032],[586838.8601,345765.921499999],[586894.9337,345757.714299999],[588717.5016,345493.203],[588950.3001,345134.5001],[588941.1991,345499.3007],[589561.8298,345860.5284],[589540.3593,345858.6982],[588971.4998,345563.799900001],[588857.6002,345800.4998],[589707.9905,345945.5987],[591056.0988,345987.9],[591020.8995,345706.500399999],[591611.6994,345560.3038],[591598.2022,343845.9045],[592797.3001,343809.200999999],[592881.7027,343576.001800001],[592901.0213,343610.9055],[593159.4465,344077.813100001],[592999.1002,344046.899700001],[593024.3999,344191.3956],[592949.9621,344210.9312],[592479.4998,344334.4],[592688.4002,344970.299900001],[593011.7945,344969.010299999],[593130.3129,344968.537699999],[593015.1106,345009.6657],[592509.7008,345190.100299999],[592399.901,344771.0995],[592413.3997,344348.700300001],[591732.3997,343861.4999],[591995.2009,344136.500800001],[591766.7986,344493.5995],[592362.0989,344989.2972],[591853.0992,345083.100299999],[592552.7001,346250.399800001],[592905.0032,346271.8007],[593109.4682,346166.510299999],[593423.2999,346004.900800001],[593667.0002,345265.800000001],[594332.1003,345186.200099999],[593736.3032,344752.1951],[593643.6714,344785.2653],[593749.8998,344732.100199999],[594662.1009,345276.5],[595127.3028,344457.1995],[594422.2143,344321.2643],[594718.7001,344156.699899999],[595397.7985,344510.304300001],[595396.8003,344077.3992],[595655.6008,344628.5001],[596047.8577,344546.169299999],[596088.0839,344533.8312],[596043.5911,344564.245300001],[595915.7999,344651.6],[596176.5,344906.301000001],[597269.5004,344633.3993],[597338.5369,344370.685699999],[597874.7999,344777.300100001],[597973.6,344228.200099999],[598156.906,344272.1164],[597985.6999,344247.100199999],[597941.4003,344764.399800001],[598366.9027,344758.803200001],[599133.4,344414.7991],[598949.7322,344387.961999999],[599050.9003,344323.0998],[598767.6,344106.300100001],[598985.2988,344092.104],[599517.7978,344830.8026],[600000.0053,344854.1393],[600501.3008,344878.399800001],[600187.7008,344486.0002],[600429.2988,344598.1997],[600443.3002,344193.000299999],[601387.5974,344121.1656],[601071.5961,344224.0963],[601354.5998,344365.0999],[601489.2535,344113.432399999],[602087.8001,344067.899700001],[602076.1001,344083.396500001],[601457.8001,344291.9002],[601472.999,344570.2973],[600944.2999,344527.200099999],[600755.0012,344905.8007],[601493.1304,344977.9614],[602550.7023,344933.803099999],[602668.0663,344455.494999999],[602683.3983,344864.6029],[602804.9966,344634.5986],[602823.5973,345009.8014],[603302.2973,345245.3039],[603291.7727,345193.4297],[603285.1971,345077.6019],[604483.0973,345279.404200001],[604595.8504,344875.759400001],[604682.0988,345272.5965],[603382.3978,345562.1021],[601168.45,346327.654300001],[600322.1001,345638.899900001],[600739.4984,346389.0962],[600010.3995,345999.7991],[600123.9998,345720.799000001],[600000.0236,345816.639900001],[599613.2999,346115.6],[599548.7002,345593.4],[599397.6996,345860.999],[599742.4007,346513.3002],[598752.4003,345405.599099999],[598733.6009,345663.304500001],[599216.1998,346368.1],[599994.802,346649.8707],[600000.0213,346649.037799999],[601189.259,346459.25],[606007.1707,344999.2193],[609355.1037,344034.2995],[610100.2865,343942.239800001],[610506.967,343821.404999999],[621102.7025,342536.167400001],[622325.6971,342179.9959],[623087.7288,341797.7314],[629965.5252,337861.294],[631898.354,336259.4822],[632019.3305,336159.224199999],[635611.1986,333182.500600001],[637195.8573,331985.533],[637216.353,331970.0516],[638146.6539,331267.351399999],[638527.892,330877.208000001],[638802.961,330705.307800001],[638920.331,330599.878],[639583.0587,330182.367000001],[639999.9698,329867.454399999],[640244.3011,329682.8994],[641867.8002,328705.1997],[641914.8375,328658.424000001],[642244.1291,328162.148600001],[642257.791,328141.558700001],[643061.0457,327496.3113],[643059.033,327487.892999999],[648112.211,322495.513699999],[648161.7458,322446.255000001],[649784.3982,320398.6962],[649924.0563,319999.9902],[651152.6704,316493.2532],[651740.1817,315081.5605],[652412.314,313212.622400001],[652498.063,312868.736500001],[653276.6918,310645.009099999],[653292.2183,310597.055400001],[653452.2225,309109.3895],[653402.8999,308827.5984],[653401.5579,308791.593900001],[653362.5994,307746.398499999],[653362.1812,307712.805500001],[653326.5998,304855.0999],[653706.2814,304591.2753],[653711.321,304510.288000001],[653398.3003,304582.100299999],[653448.7999,304006.600099999],[653733.986,304146.0562],[653739.0071,304065.3662],[653505.9001,303814.1998],[653083.3,303917.3002],[652370.9988,307213.600199999],[652261.0637,307418.741599999],[652259.4108,307421.8259],[651946.7974,307936.603399999],[651990.7912,308103.4482],[651616.1008,308176.1997],[651645.5,308598.300100001],[651269.9015,308825.299699999],[650208.5992,308654.4991],[649372.4998,307532.6998],[647784.1997,306958.799799999],[647022.6941,305303.8476],[647033.7275,305247.0491],[647035.1717,305239.976600001],[647040.7737,305212.543],[647046.5381,305184.314200001],[647258.4388,304146.612],[647284.0585,304021.149499999],[647305.9999,303913.699899999],[647441.4992,303857.3004],[647324.4463,305740.922800001],[647323.9148,305749.476199999],[647373.0678,305856.057700001],[647376.9197,305857.546800001],[649541.8012,306694.5021],[649624.2375,306762.378],[650433.1234,307428.393100001],[650449.8983,307442.205],[651498.2991,308002.4046],[651726.702,307885.286499999],[651990.2753,307635.363299999],[652321.7,307140.85],[652420.1501,306414.0645],[652505.6344,305765.429099999],[652511.8984,305717.899499999],[652692.902,305104.7324],[652694.3043,305098.6625],[653012.1005,303723.0995],[653432.9037,303692.1984],[653061.5015,303398.537599999],[653035.904,303378.2982],[653127.0668,301989.932800001],[653607.7879,299999.9734],[653651.0122,299821.0451],[653779.1676,299264.959000001],[653888.0317,298969.8276],[654780.116,296402.022399999],[655385.9031,294658.304300001],[655465.2786,294375.6537],[655644.798,293736.3982],[655459.1997,292849.800000001],[655167.9001,292716.800100001],[655471.1998,293083.799799999],[655269.8002,293192.100199999],[655064.3,292718.100199999],[654062.0019,292784.8006],[652884.3558,293125.232899999],[652822.9011,293142.9981],[653374.4764,292804.341],[653417.6998,292777.8026],[654046.798,292458.403999999],[655051.7273,292572.3774],[655202.7001,292589.4998],[655136.9976,292557.4014],[654779.4,292382.700099999],[654299.5009,291164.304500001],[653968.108,290063.6807],[653801.723,289754.186000001],[653800.6575,289620.9507],[653763.7204,289539.4285],[653788.2895,289299.999399999],[653749.8318,288089.203299999],[653748.4004,287996.8806],[653698.9598,284808.1011],[653686.7903,284644.2905],[653570.9136,284248.6752],[652007.2381,280000.0097],[651830.798,279520.604],[651760.6237,279201.602499999],[650620.0999,274726.9998],[650438.4002,274773.799900001],[650286.0117,274664.444800001],[650061.9035,274503.4034],[649888.2482,274279.221100001],[649650.1471,274048.5953],[649104.037,273292.282099999],[648951.193,273165.638],[648879.5701,272981.400800001],[648599.668,272593.743000001],[648294.7818,271666.4296],[648175.6002,271394.9],[648123.5139,271145.517200001],[648086.35,271032.482999999],[648080.8235,270941.1208],[648074.344,270910.0977],[648017.424,270763.681],[648013.8375,270620.4],[647795.203,269573.604699999],[647847.224,267079.350400001],[647846.1127,267060.9782],[647845.452,267009.149800001],[647655.1029,262388.3015],[647698.4023,260478.473200001],[647523.6381,260000.0064],[646975.669,258499.785],[646915.1879,258161.0866],[646855.9003,257991.700200001],[646275.5429,254657.4246],[646216.9421,254256.888599999],[645397.5968,249736.7777],[645311.6233,249262.4844],[642123.4741,247252.473099999],[640000.0326,246017.676000001],[639101.1983,245494.997099999],[638427.5212,244922.3104],[637890.816,244583.9375],[637897.7004,244603.1009],[639204.5004,245840.999],[639370.159,245921.290999999],[640000.0205,246226.5746],[641179.2011,246798.1041],[642514.1998,247736.798800001],[644165.0008,249045.9004],[644493.799,249641.800000001],[644988.3791,249693.7741],[644490.9041,249678.499600001],[644116.5999,249075.0001],[642803.4999,248233.199999999],[642576.3009,249208.6043],[643616.4004,249461.1007],[644527.5,250426.9989],[644459.8003,251726.600199999],[645645.898,252894.499500001],[646167.4524,254665.7202],[646354.1972,255587.2983],[645935.9004,255783.5011],[645276.5018,255380.497500001],[644707.7992,255586.499199999],[644422.2969,255998.2006],[644977.2967,256772.199100001],[644384.5008,257292.9998],[643291.8002,257117.8002],[643135.5,257376.8003],[643396.499,257558.5998],[642985.3966,257980.3991],[641592.2002,257521.499],[641438.6002,257737.9999],[641378.6003,257295.600099999],[641086.6999,257361.0002],[640280.4515,256570.418199999],[640170.2217,257140.336300001],[640087.3991,257576.2996],[640000.0219,257581.9748],[639154.8278,257636.8704],[639820.3217,257480.0678],[639958.0004,257416.104800001],[640000.0194,257277.4811],[640095.9282,256961.070800001],[640111.0405,256885.560000001],[640000.018,257108.407],[639830.1011,257449.4684],[639411.3033,257505.3992],[639637.4002,257329.4001],[639435.1989,257014.5],[639715.5003,257195.5997],[639784.1034,256390.797800001],[639999.9999,256301.9888],[640136.5966,256245.799799999],[640062.3004,256790.2039],[640270.1003,256118.799699999],[640491.1333,256134.1009],[640716.1917,256149.6808],[641132.4999,256178.5001],[641213.0999,256849.399700001],[642225.0002,256919.199999999],[643179.9968,256166.7015],[644124.8987,256869.3006],[644511.0997,256519.100299999],[644267.8998,256381.4001],[644204.0998,256622.7009],[644212.0998,256029.799900001],[644598.8992,255403.3006],[645267.8997,255102.5998],[646115.1,255360.700200001],[645984.8869,254965.236099999],[645294.5997,252868.796399999],[644279.1001,251946.999700001],[644291.7028,250643.003900001],[643455.1001,249699.9998],[642425.2001,249458.1998],[642504.504,248423.4989],[641614.5991,248489.100099999],[640690.3007,247057.600299999],[639999.9898,247240.6084],[639426.2338,247392.716600001],[639307.1001,247424.300100001],[639596.2754,248802.9245],[639613.8698,248886.8047],[639203.602,248105.399900001],[639258.8027,247361.6028],[639915.3264,247194.332],[639999.9859,247172.7622],[640053.9988,247159.000600001],[639999.979,247053.727499999],[639681.0995,246432.2993],[638553.9999,245725.6006],[637468.4253,244302.328500001],[637328.304,244118.6187],[637430.7697,244134.506899999],[637130.8742,243420.2234],[636346.5998,241940.5],[635896.8278,240481.0033],[635575.3135,239715.228800001],[635206.4124,239266.8934],[633450.6448,237724.8269],[633143.3004,237528.298800001],[633185.4009,238785.798900001],[632952.4501,238523.600099999],[632696.8966,238859.6965],[633177.9962,238844.100099999],[631177.7002,239677.1997],[631109.7923,239999.970000001],[630827.0005,241344.0954],[629526.3003,242260.9],[630035.9995,243056.799699999],[629928.0987,243880.100199999],[629162.4997,244683.299699999],[629288.7998,245914.6984],[628284.0995,246388.400699999],[627513.6967,247671.5041],[627505.4017,248378.500700001],[627848.2442,248626.6994],[627896.3852,248661.550799999],[628028.0978,248756.9034],[628331.6974,249209.503900001],[628287.7999,249689.6],[629073.8,250091.5999],[629129.102,250131.4],[629241.9854,250222.053300001],[629273.765,250247.5746],[629348.7461,250307.7896],[628642.9989,250300.400699999],[628437.0709,250038.7303],[628325.0692,249896.411],[627917.9182,249379.048800001],[627898.6008,249354.5024],[627879.2991,248777.999299999],[627860.7451,248736.5571],[627356.1002,248600.2996],[627221.1261,247686.8232],[627180.8822,247457.6598],[627167.9,247326.5999],[627096.4423,247328.551899999],[626505.302,247344.699999999],[626734.6998,247503.6998],[625916.2044,247227.119999999],[626096.2556,247216.0823],[626117.75,247214.7908],[627427.1992,247161.700300001],[627825.9176,246118.567600001],[627934.696,245833.9801],[627964.9983,245754.7028],[628016.0023,245803.198899999],[628027.9008,245813.596799999],[628638.6033,245269.9016],[628729.3371,244550.8028],[628744.9461,244427.096000001],[628776.502,244177.0044],[629653.5001,243495.5997],[629695.7026,243202.0035],[629389.2005,242906.699100001],[629127.6004,242452.698899999],[629451.699,241808.801100001],[629059.2007,241472.299900001],[629531.8003,241728.399900001],[630373.0009,241287.400800001],[630599.124,240843.975],[630616,240469.2008],[630404.4975,240217.3978],[630576.5915,240594.9617],[630362.8,240614.0998],[630271.6036,240341.102399999],[630517.1338,240000.013499999],[630987.2002,239347.0001],[632141.8003,238731.199899999],[632129.4616,238625.095000001],[632109.403,238452.603],[632322.7013,238533.999600001],[632707.3009,237838.1996],[632423.7999,237749.0002],[632950.3003,237749.204399999],[632868.281,237024.4682],[632338.9948,236083.685699999],[631120.7167,234680.2158],[629921.2992,233998.6998],[628343.0731,231316.0919],[628277.4636,232176.6559],[628272.908,232185.128900001],[628271.5853,232202.4528],[628197.9036,232336.001800001],[628178.7021,232647.4047],[628079.5214,232562.589400001],[627949.3115,233245.8555],[627956.5966,233270.396400001],[627942.0078,233284.181299999],[627940.19,233293.720000001],[626681.816,234112.989499999],[626546.992,234202.0998],[625726.8096,234732.5704],[625557.5636,235179.239800001],[625301.801,237820.399800001],[624179.2003,238070.4001],[623746.299,238848.999299999],[623676.7998,238129.6954],[622345.5994,238795.101],[621737.8998,239148.9002],[620783.6999,239111.1],[620407.5001,239649.2996],[620000.0134,239829.642100001],[619615.0665,240000.009299999],[619516.8036,240043.4976],[619128.4329,240000.033600001],[618881.497,239972.398],[618854.2912,240000.0283],[618303.7335,240558.8235],[618192.3424,240671.8813],[618168.2997,240689.3026],[618114.2022,240768.425899999],[617530.1974,241622.5956],[617292.9372,241558.859300001],[616898.8521,241850.9088],[616875.8997,242875.898499999],[616880.8712,242895.2643],[616997.3019,243348.8007],[616773.211,243551.734300001],[616524.9018,242268.400699999],[616195.094,241997.6536],[616162.4995,241970.896],[616196.1253,241940.546499999],[617010.3001,241205.700099999],[617394.0998,240270.701099999],[617701.9859,239999.963],[618702.8008,239119.9012],[619971.8001,238882.9004],[619999.9711,238840.832],[620563.5003,237999.3005],[621919.3993,237973.301200001],[622733.5032,237666.281400001],[622736.6688,237665.0876],[622759.0008,237364.6044],[623026.898,237368.320699999],[622842.6964,237573.4047],[624434.9001,237196.8017],[624654.1033,236796.497099999],[624756.4005,235869.401000001],[624510.3999,235923.700099999],[625381.7009,234177.9002],[625223.5159,233871.176000001],[624383.8818,233626.8697],[622896.2975,234180.695800001],[621341.0976,233159.998],[620793.4618,233420.142200001],[620670.197,233478.696799999],[619999.9982,233437.7108],[619102.0997,233382.799799999],[618407.8999,234362.500299999],[617377.9,234592.700099999],[617396.1999,234953.3002],[617173.4996,234354.9959],[616716.8963,234286.3956],[615308.8991,233419.4002],[615195.6002,232966.100199999],[614373.9963,233230.697799999],[613281.4401,232943.896500001],[613098.6001,232895.9001],[612134.9005,233435.9002],[611006.201,232978.600400001],[611250.5033,232865.4023],[610977.4001,232899.1997],[610867.9698,232508.0474],[610797.8,232278.199999999],[610272.3999,233022.798599999],[610356.5762,232835.130899999],[610638.9006,232205.7005],[610533.6235,232278.5855],[610530.1886,232280.963500001],[609949.9026,232682.704600001],[610383.601,232212.9991],[610529.5975,231921.403100001],[611465.9,232081.399800001],[611564.2626,232062.7038],[611820.0134,231899.127499999],[611864.4965,231837.0967],[611893.7607,231851.9593],[611919.4993,231835.497099999],[612275.3854,231927.539100001],[613036.193,231782.9308],[614512.9005,231432.9013],[615670.2023,231531.5041],[616610.099,232175.499500001],[617991.7999,232469.899900001],[618737.1011,231807.3004],[620000.0037,231947.5156],[620439.4007,231996.3002],[621015.0961,231747.3024],[621340.3968,232273.3018],[621237.9999,231701.699999999],[621935.5997,231693.798800001],[622305.8701,231839.443700001],[622225.298,232299.204399999],[622448.3002,232166.200300001],[622536.8692,232242.937100001],[622898.6087,232556.3509],[623734.0306,232632.4934],[624342.9017,232520.4011],[624424.5317,232453.1406],[625179.0998,231831.4003],[625378.5354,231895.692199999],[625583.297,231961.700999999],[625307.6976,232428.1975],[625853.1998,232490.899900001],[625816.6552,232650.599199999],[626242.7709,232941.412],[626295.0131,232781.0559],[626252.1034,231741.604],[626696.7772,231482.599300001],[626452.2604,231569.478700001],[626340.9292,231610.020099999],[626230.4227,231543.942299999],[625928.0972,231587.798],[625720.8097,231324.802200001],[625141.558,230589.877599999],[625125.1025,230568.999700001],[624407.9966,229402.090500001],[624269.9237,229266.7619],[624221.6994,229219.495999999],[624193.0972,229237.8007],[623939.3472,229397.949899999],[623871.3012,229401.300799999],[624220.7009,229100.600099999],[623947.6005,227843.5998],[623897.7161,227746.68],[623478.3001,226931.8002],[623234.1001,227375.6],[623312.5989,227021.1952],[623012.0002,226963.1011],[622410.3998,227591.7007],[622988.1969,227636.199899999],[622269.0997,227818.098999999],[621135.6043,226946.8421],[621096.9036,226917.095000001],[621565.5746,226820.652799999],[622345.7998,226660.0996],[622238.6999,226255.799900001],[621152.9998,226190.6],[621154.9991,225744.2004],[620251.6037,225527.4022],[620527.1039,224800.899900001],[621068.1689,224977.908],[620766.5993,225218.400800001],[621111.1002,225094.5001],[621094.3999,224937.4001],[621023.4991,224860.399800001],[620156.9988,224692.400900001],[620342.6002,224517.5001],[620000.0104,224194.5452],[619855.8003,224058.600199999],[618885.2001,223979.700300001],[620000.0136,223994.854800001],[620922.8005,224007.399],[622020.4989,225136.9046],[621879.9041,224183.397500001],[621269.9012,223919.303200001],[622339.8961,224262.9048],[622476.6001,223754.4003],[622156.6004,223401.699999999],[622647.7994,223202.699100001],[622382.047,222738.0605],[622386.6755,222731.972999999],[622695.8026,222325.4026],[622885.2992,223049.6009],[623414.0997,222819],[623822.4982,223181.304400001],[624051.9998,222817.399800001],[623894.6671,222595.826099999],[623878.5999,222573.1984],[623856.303,222541.7974],[624153.1989,222722.795700001],[624038.1998,223351.4003],[624465.3986,223343.298],[624556.5219,223333.5965],[624559.971,223333.2293],[625348.3003,223249.299900001],[624990.5999,223193.1],[625354.5003,223059.4999],[624966.8,222517.6998],[625236.3036,222068.8028],[625262,222549.5002],[625624.5965,222433.7983],[625285.6003,222652.300000001],[625488.6013,223234.299699999],[625021.8,224882.8982],[625197.2635,224884.0977],[624911.6999,225344.9999],[625261.5994,225449.795],[624702.501,225499.4003],[624694.299,225883.500299999],[626100.9632,224890.275599999],[626295.3982,224891.604800001],[626536.5632,224522.458699999],[626677.239,223946.7905],[626541.8293,223361.4552],[624784.3455,220667.867799999],[624721.6974,220581.5978],[624307.9624,219999.991800001],[623330.3786,218625.758199999],[623300.6024,218583.9004],[623006.564,218276.442299999],[619241.1396,215545.1262],[618888.8732,215321.438999999],[618118.2473,214831.833900001],[618112.7216,214827.618000001],[617695.9537,214509.635399999],[617682.8904,214499.668400001],[617370.5977,214261.397700001],[615640.6773,213148.1127],[613597.1053,212669.9154],[610028.8,212293.5001],[609322.3998,213199.5999],[609015,214343.100099999],[609230.8005,214075.800000001],[609458.1995,214225.9989],[609518.4345,213934.8334],[609860.3999,213842.0997],[609571.0998,214010.199100001],[609551.4001,214578.799900001],[608157.7973,215640.8028],[608364.8968,215926.700999999],[608997.2023,215645.001599999],[610143.1719,215923.3992],[609995.2005,215991.901000001],[611184.7981,216849.6975],[611500.1453,217979.4362],[611521.6009,218056.3014],[611213.3007,217987.5],[610939.3017,218376.6997],[611049.1298,218156.432800001],[611246.1004,217761.3958],[611238.4484,217731.7184],[611044.6,216979.9002],[609655.7023,216253.0975],[607651.7991,216173.2006],[606434.2002,217324.201099999],[605665.7108,218829.979599999],[605638.0308,218981.3102],[605974.7084,219553.7553],[606041.9001,219667.999700001],[605770.2998,219783.398399999],[605679.0868,220000.014900001],[605382.3998,220704.600199999],[604760.9971,221008.5963],[604409.1515,221166.399800001],[604382.4003,221178.397700001],[603632.8003,221409.3003],[603782.9825,221326.2181],[605082.7029,220607.201199999],[605218.3087,220000.014900001],[605285.8034,219697.8015],[605052.7989,218648.801000001],[605649.2001,217397.100099999],[604527.802,217899.496300001],[604337.8002,218640.300000001],[603526.1013,219084.3971],[604264.1996,218555.599300001],[604377.0994,217861.2985],[603336.5999,218115.300100001],[602955.1003,217822.6997],[603478.4036,217978.9035],[604557.6001,217584.5999],[606309.9999,216292.700200001],[604792.6996,216846.899],[601913.5982,216153.696],[601757.3026,216231.515699999],[601389.303,216172.3007],[601629.1024,215987.8035],[602588.1007,215992.1017],[601792.5003,215608.200300001],[600075.3041,213990.1953],[600178.3002,214388.400800001],[599999.997,214135.909],[599912.0011,214011.299699999],[599731.1965,214225.198000001],[599729.8826,214091.815400001],[599712.9996,212377.8968],[598635.6007,213594.5995],[598138.6959,213410.701199999],[598211.2999,213294.9001],[597088.399,213719.601399999],[597330.0038,213543.7031],[596772.8014,213581.501700001],[596104.3013,213111.8967],[595810.8008,213312.2992],[596196.2875,212973.431299999],[596228.3977,212945.204399999],[596859.4592,213202.055299999],[597222.7014,213349.9],[598574.3979,212880.203],[599545.799,211844.899599999],[599260.2998,211955.200200001],[599156.1035,211667.9],[599830.401,211476.504799999],[599047.3008,211173.2007],[597456.5001,211666.799699999],[597227.798,212342.4969],[596805.501,212224.500600001],[596828.9999,211827.100099999],[596023.48,212148.35],[595804.2997,212161.200200001],[595671.4015,211774.1998],[596009.0155,212095.2634],[595967.9033,211851.8982],[596208.4003,211996.0998],[597174.6009,211530.100299999],[596112.604,211766.1009],[596426.2001,211476.999700001],[596226.097,211171.1018],[597502.2023,211160.795399999],[596817.4003,210336.200300001],[597583.2008,211032.300899999],[599047.5999,210482.199200001],[597281.9998,208870.3003],[596744.2814,209195.137499999],[596658.1,209247.199899999],[596722.1716,209137.9716],[597028.0001,208616.5997],[595826.8152,208249.757999999],[595152.9037,208185.3969],[594973.2012,208449.200300001],[594194.8999,208199.0997],[592861.4033,208850.796399999],[592669.5992,208005.4991],[593184.3,208351],[592645.3003,207894.9],[591939.0036,208164.103],[591804.5019,208679.195499999],[591799.9679,208675.997300001],[591774.4567,208653.285700001],[591494.6185,208302.153100001],[591415.105,208202.0066],[590751.7586,208441.290999999],[590675.7221,208469.0173],[590748.7264,208319.6393],[590876.903,208055.1359],[590340.7711,207657.1732],[590321.0443,207659.972999999],[589671.4493,207752.17],[589633.8989,207757.499399999],[589646.5963,207424.104800001],[589650.0651,207425.5396],[589649.8,207421.5],[589655.4171,207427.7532],[589987.4966,207565.104499999],[589812,207278.199999999],[589843.1561,207287.258400001],[589839.5757,207280.3664],[589830.5024,207262.901000001],[590061.8013,207337.718499999],[589990.7085,207300.6976],[589651.5567,207148.970699999],[589642.1794,207144.812000001],[589624.0288,207144.6709],[589613.2778,207148.604599999],[589521.3629,207182.235400001],[589185.9433,207304.962200001],[589129.8041,207325.503],[589133.0328,207318.394300001],[589136.7919,207310.117699999],[589275.1002,207005.600199999],[589008.2966,206958.2981],[587412.7998,207791.899800001],[587545.2023,207420.4958],[586950.3002,206255.5998],[586712.5999,206699.5011],[585857.4961,207163.2992],[585831.1003,206945.4999],[585606.5003,207248.400900001],[585659.8766,207088.676899999],[585777.4818,206736.7535],[586522.5002,206497.0997],[586399.9001,206121.000299999],[587445.602,205371.702299999],[587380.9141,205261.013],[587323.4019,205162.6022],[587740.198,205144.2974],[587842.21,205440.6511],[589876.3727,204983.989399999],[589673.4999,204426.6028],[589952.8014,204855.4001],[590169.358,204604.580700001],[589837.5024,204248.7038],[590206.7987,204557.6953],[590175.4479,204597.5272],[590412.3976,204842.1039],[591422.2032,204697.7952],[590119.3021,203754.395300001],[590444.1988,203213.300100001],[589943.0969,203111.499299999],[590051.099,202708.3047],[589505.3996,203031.202299999],[589478.4588,202938.8411],[589358.7257,202987.0438],[589349.6009,202995.502499999],[589351.323,202988.5276],[589422.2976,202746.3038],[589463.2589,202886.7314],[589619.503,202745.304099999],[589344.7034,202263.901900001],[589675.8621,202498.537799999],[590265.0006,202443.2006],[590285.6646,202466.3751],[590305.95,202456.449999999],[590600.4678,202814.9461],[590666.2445,203178.7412],[590768.6193,203724.4219],[591237.7086,203855.4387],[591655.976,203970.0777],[591656.9469,203966.669299999],[591691.3962,203114.6984],[591957.7034,202846.7951],[591961.4961,202764.5986],[591799.5,202546.699999999],[592081.9672,202167.216700001],[591977.8592,202508.1974],[592036.8074,202545.120100001],[592031.2492,202725.897399999],[591996.8,202773.5],[591973.4122,202855.6105],[592220.2014,202994.1029],[592130.4154,203008.536599999],[592158.7015,203048.2974],[592132.004,203038.600099999],[592126.3645,203009.187799999],[591920.2298,203042.3255],[591837.1382,203334.046700001],[591882.797,203960.996099999],[591605.9031,204226.200200001],[592540.1015,204716.4999],[592883.7969,204524.7048],[592913.8007,204832.296700001],[593384.097,204726.4978],[592907.6993,204970.597100001],[593159.0995,205895.802300001],[593601.6484,205865.663000001],[593916.8001,205844.199999999],[594858.8024,206246.002],[595882.402,205607.9047],[596846.9999,205724.601299999],[598676.2996,206848.399],[599403.1,207752.100099999],[599671.0982,208689.9025],[600000.0253,208922.1646],[600264.1984,209108.7026],[601448.4693,209376.350099999],[602471.8656,209320.2289],[603270.4998,208663.200099999],[603850.8,207687.4998],[603894.8039,206803.702400001],[603231.9001,204074.9035],[604028.1018,202423.0963],[603591.7002,201156.4],[603589.8353,199999.9758],[603589.6002,199854.200200001],[603132.9009,199891.6008],[603564.8036,199820.201400001],[603197.9003,199775.4001],[603439.1998,199692.299000001],[603098.0011,199221.3028],[603400.5002,199379.799699999],[603437.3012,199168.298900001],[603067.4028,199080.8038],[603425.0996,199152.201400001],[603331.0983,198947.0067],[603297.6995,198874.1009],[603345.9997,197131.101199999],[603216.3786,196975.803200001],[602646.3038,196292.801100001],[602591.5163,196264.2195],[600969.6946,195533.979699999],[600277.2009,195649.5952],[600000.0233,195600.066099999],[598045.9999,195250.9],[596567.2786,195506.551200001],[595497.7039,195361.6976],[594204.499,195646.2962],[594094.1003,196004.100299999],[594103.8002,195615.699999999],[593571.8256,195555.600299999],[592280.6816,196631.995100001],[592229.0978,196675.2016],[591190.1998,197539.700300001],[590055.8991,197401.600199999],[590099.3994,197665.199200001],[589825.2002,197164.0999],[588083.0998,197295.300000001],[587689.598,196936.8967],[587669.422,196878.979900001],[587562.8999,196573.200200001],[586644.5999,196823.799900001],[586381.9988,196565.0001],[584314.6967,196487.5954],[584138.5986,197156.204],[584487.5998,196926.4998],[584606.3001,197119.6],[583457.1015,197730.699100001],[583474.3005,197429.299900001],[584035.9998,197196.4999],[584018.3001,196573.0997],[582053.6309,196695.432700001],[582056.03,196672.308800001],[582056.6275,196666.549799999],[582117.998,196462.502499999],[583250.1026,196408.398],[583238.5615,196388.7925],[582983.2009,195954.9989],[581893.6003,196005.202099999],[580582.8002,195553.601500001],[580530.9604,195524.320499999],[580525.7974,195521.404300001],[580509.4859,195512.191],[580477.0808,195492.965],[580416.8761,195457.2455],[580519.3067,195474.8079],[580646.8445,195496.675100001],[582612.5002,195833.700099999],[583332.3579,195663.6295],[583276.998,196049.6007],[583591.5965,196340.1975],[583986.2124,196037.2862],[583953.9624,196275.2925],[583957.3192,196275.2687],[587653.8394,196249.092700001],[587736.9989,196248.503799999],[588453.43,196497.060000001],[588937.2886,196221.492000001],[589308.1035,196000.504799999],[590383.7,196064.299799999],[591371.3971,196736.6041],[592830.8997,195391.1],[592509.7,194770.300100001],[592879.799,195317.6],[598497.4002,194638.4999],[598595.8021,192821.4048],[598359.499,192459.6997],[595484.1001,192647.0002],[595130.9414,193024.122300001],[595346.3003,192516.001],[594352.2011,191556.8967],[591635.0995,190772.4002],[590895.5001,191288.8002],[590684.4008,191090.300100001],[591290.6999,190927.5999],[591229.2654,190531.050799999],[591217.7004,190456.4003],[590714.8298,190422.325300001],[590708.9857,190421.929300001],[588683.804,190284.7009],[588795.9241,190164.525699999],[588955.2998,189993.699999999],[588147.1,189464.8003],[590237.984,190219.445],[590479.199,190306.504699999],[590853.1785,190294.4003],[591313.5001,190279.5013],[591414.5012,190000.001700001],[591645.7002,190475.200099999],[594482.8,191203.5997],[594568.7995,190493.500600001],[593661.504,190082.298800001],[594077.0166,189494.778899999],[594082.1671,189498.5732],[594262.2003,189631.200200001],[594628.5998,189375.0001],[594413.9,189096.600199999],[594722.3961,189098.700200001],[594828.3,189400.5001],[593820.8976,189895.102399999],[594661.901,190387.6009],[595109.5006,190150.199899999],[595620.5999,188825.8003],[595409.7999,188552.899800001],[595872.4998,188747.1],[596241.3,188201.4001],[596963.3,188408.700200001],[597697.7006,188043.102600001],[597590.0036,187456.500499999],[595734.68,186185.600199999],[595732.3692,186183.350199999],[593497.4026,184007.197799999],[592810.0995,184068.8322],[592715.6966,184077.297800001],[592135.593,184358.644099999],[592131.2772,184359.362299999],[589564.5991,184786.4999],[589510.6013,184803.105900001],[588788.104,185025.296399999],[588645.834,185039.4736],[586689.4951,185234.422499999],[586517.1009,185251.601600001],[585312.105,185518.506100001],[583209.875,185664.1941],[583188.0997,185665.7031],[582295.2009,185397.1],[582270.3918,185389.5842],[582144.2373,185351.3663],[581008.5008,185007.3002],[580641.7278,185100.8675],[580133.875,185230.4256],[580000.0227,185264.5726],[579561.1577,185376.531300001],[579545.5985,185380.500600001],[578894.8586,185505.499199999],[577993.703,185678.599400001],[577201.7933,186054.264699999],[576736.9003,186274.800100001],[576560.399,186262.1019],[576522.04,186143.4],[576516.752,186107.2162],[576465.1401,184993.7337],[576459.1998,184849.299699999],[576190.12,184739.48],[575904.74,184410.42],[575058.5012,184560.8002],[574683.9731,184246.074100001],[574678.5692,184241.5331],[574667.7043,184232.403000001],[574415.0002,184433.4958],[573976.8002,184351.0001],[574742.6012,183914.804300001],[575098.3003,182686.6],[576435,182353.700300001],[575759.8026,181877.897299999],[575163.8002,181789.101500001],[574878.4997,182062.1998],[574166.0991,181455.699200001],[571459.543,180920.159],[571334.7003,181198.199899999],[570879.1999,181542.300000001],[570532.2944,181516.6033],[570643.2805,181360.530200001],[570656.1016,181342.500600001],[569983.6993,180753.200099999],[569871.4165,180749.082],[569799.7924,180746.4551],[569752.1621,180744.7082],[569850.6997,180528.5001],[569606.9115,179999.9627],[569504.3003,179777.499600001],[569179.6997,176422.9998],[566737.0014,175470.001599999],[566716.8251,175467.310900001],[565577.6964,175315.3958],[565332.001,175753.1998],[565377.9003,175255.800100001],[562743.2001,175192.3003],[561803.3154,177050.517899999],[561130.5,177566.2007],[560261.9442,177494.6588],[560189.599,177488.6998],[560156.3897,177471.1621],[560000.0114,177388.579500001],[559251.7001,176993.399800001],[558582.1,176070.700200001],[556156.7001,177257.5],[554881.2706,178670.393999999],[554824.397,178733.397399999],[553656.3149,179098.2641],[553563.9988,179127.100299999],[551984.3998,178814.299699999],[551556.5037,179999.9848],[551294.5437,180724.108899999],[549988.8132,181409.9438],[549928.1907,181441.785800001],[549917.0261,181447.65],[549893.8999,181459.797],[548807.2008,181777.0962],[548713.004,181810.8707],[548709.8505,181812.001399999],[547624.0999,182201.299900001],[546442.5999,181588.800000001],[545847.3,181607.1997],[545654.2473,181750.465700001],[545639.474,181761.429099999],[545593.1692,181795.792199999],[545532.3446,181840.930600001],[545587.4009,181664.5001],[544749.5998,181313.299900001],[544381.3385,180702.6503],[544269.2521,180516.789000001],[544251.1038,180486.695599999],[543837.1762,179999.996400001],[543686.3006,179822.595699999],[541637.3431,179707.342700001],[540619.5996,179650.095000001],[540234.5988,180000.0089],[539999.9996,180213.228],[539838.7218,180359.807800001],[539548.0983,180687.863600001],[539472.8223,180772.835200001],[539505.2961,180622.096799999],[539420.1722,180620.0812],[539308.3646,180617.433800001],[538753.7009,180604.3004],[538362.5601,180000.004799999],[538314.187,179925.270400001],[538715.8982,178825.771600001],[538722.9602,178747.6316],[538506.0087,178347.801100001],[537690.5429,178300.7074],[537256.1997,178564.0999],[537118.3679,179065.793199999],[537116.8835,179071.1962],[536907.4293,179999.9694],[536788.4041,180534.3289],[535982.2607,180793.907400001],[535967.1012,180798.6962],[534761.4997,179999.599099999],[534758.4769,180000.042400001],[533432.9779,180499.259500001],[533387.6009,180516.3971],[533338.2696,180529.1642],[533316.0997,180534.901799999],[533261.7553,180543.216600001],[532983.5087,180585.788699999],[532961.9966,180589.0801],[532745.7023,180619.5327],[532508.089,180666.978],[532484.7179,180674.4989],[532279.0011,180740.6995],[532202.3109,180755.361400001],[531993.1722,180795.345100001],[531954.9967,180802.6436],[531375.8523,180794.030400001],[531360.1981,180793.797599999],[531354.5873,180793.4925],[531150.187,180782.377599999],[530474.6,180392.4999],[530421.1092,179999.9948],[530281.3851,178974.727],[530268.3717,178935.783500001],[530035.874,178248.0559],[529629.8,177906.4],[529088.6961,177868.7457],[528723.338,177892.498199999],[528549.4987,177903.799799999],[528530.9305,177899.357999999],[528525.271,177898.0042],[528507.8548,177893.838],[527594.7034,177675.4003],[527557.7186,177655.8347],[526510.3335,177101.749199999],[526370.077,177027.551000001],[526225.2563,176950.938300001],[526219.6993,176947.998500001],[526290.192,176954.2039],[526526.0405,176966.064999999],[526406.2893,176554.7565],[525967.1558,175782.1885],[525904.7608,175761.6193],[525024.15,175557.4],[523926.75,176051.75],[523551.115,177084.1403],[523437.6081,177377.785700001],[523414.1016,177438.5977],[523232.7734,177824.093],[523158.1108,177982.8221],[522675.7186,178308.5458],[522049.4907,178121.9552],[522039.9579,178119.114800001],[522012.2502,178110.858999999],[521975.8014,178099.9987],[521624.8009,177756.596999999],[521333.9,176346.640000001],[520895.8,176143.199999999],[520347.5,176340.050000001],[519999.9818,176958.0548],[519886.4905,177172.250700001],[519730.0001,177467.600099999],[519258.695,177757.0682],[519255.078,177760.990700001],[519251.4352,177761.527000001],[519040.1734,177891.2808],[518999.5982,177916.201400001],[518660.9,177880.949999999],[518206.3056,177627.503900001],[518197.8482,177611.3827],[517844.7418,176938.301100001],[517842.6612,176934.335200001],[517676.45,176608.75],[517577.8278,176550.0798],[516841.7197,176063.0122],[516772.3089,175772.4736],[516677.5004,175383.7962],[516700.9776,175357.6182],[516849.7411,175192.404200001],[517236.6461,174762.7147],[517242.0947,174759.0264],[517800.0999,174381.299900001],[517923.9003,173877.699899999],[517825.24,173806.4321],[517136.1991,173308.6998],[516491.9041,173279.6986],[516120.4293,172787.7914],[516094.4466,172753.3851],[516067.4978,172717.6994],[516286.8438,171875.873],[516874.6229,171396.943700001],[516892.3997,171382.601600001],[516956.5999,171394.8939],[516996.304,171402.4959],[516465.8767,171766.215],[516395.9349,171821.787699999],[516166.7358,172734.6876],[517822.4999,173530.3002],[518042.2972,173961.9033],[517870.133,174390.193299999],[517859.799,174415.9011],[517248.3993,174868.233100001],[517235.1964,174878.001],[516803.95,175342],[516905.2,175968.15],[517676.35,176453.15],[518491.4088,177591.3487],[518953.719,177779.147],[519505.35,177487.199999999],[519999.9955,176680.5682],[520212.7991,176275.4055],[520936.0996,176029.2007],[521110.7427,176141.3256],[521122.8065,176132.7839],[521134.7452,176156.7357],[521526.4818,176408.239600001],[521533.8991,176413.001599999],[521538.4609,176441.794199999],[521660.375,177211.275],[521881.6668,177655.239399999],[522341,178121.65],[522792.3,178092.9],[523088.1022,177763.0956],[523197.3929,177456.299799999],[523300.4567,177021.9441],[523374.5989,176709.476600001],[523467.4915,176317.9866],[523471.2176,176302.283299999],[523489.6037,176224.796499999],[524391.15,175518.9],[525485.0261,175060.5217],[525492.2965,175063.384500001],[525498.64,175065.8824],[526029.8925,175470.0352],[526648.6981,176201.102299999],[526951.6,177205.699999999],[527839.3168,177487.3102],[528734.5437,177652.132099999],[529260.4702,177748.9614],[529377.5525,177770.467499999],[529513.3973,177795.4201],[529895.5233,177865.6106],[530046.8011,177893.3979],[530069.9416,177918.5063],[530243.1984,178106.4969],[530272.4559,178196.929400001],[530471.1725,178811.145300001],[530511.7468,178936.5569],[530567.8422,179338.6096],[530642.1387,180325.181],[531320.1687,180519.383300001],[531342.1223,180530.125],[531348.6414,180530.7467],[531628.0966,180557.397700001],[532748.9847,180392.884500001],[532783.6007,180387.8039],[533621.7934,180139.6622],[533881.9223,180000.032400001],[533994.5033,179939.6022],[534906.9432,179778.323999999],[534941.4981,179780.5977],[535295.8999,180000.0359],[535581.006,180169.0419],[535585.7569,180173.978499999],[535707.4341,180300.4122],[535975.45,180530.65],[536550.95,180400.75],[536592.537,179961.8552],[536687.7141,178992.0944],[536691.0011,178958.603],[536697.0406,178949.550899999],[537238.704,178137.697899999],[537275.7092,178100.390699999],[537661.15,177919.1],[537817.55,177643.1],[537630.3229,177312.204399999],[537665.5153,177361.592599999],[537809.1875,177563.218900001],[537931.9982,177735.802999999],[537729.0998,177891.9002],[538208.1743,177990.081800001],[538638.2964,178078.2311],[538643.7784,178085.0558],[539120.3,178678.3002],[539022.4352,178985.5824],[538762.0999,179803.0002],[538842.4746,180000.004799999],[538941.5125,180242.7544],[538999.9824,180264.219000001],[539300.3441,180000.001800001],[539999.9895,179384.5495],[540022.1,179365.0997],[540952.7,179170.7016],[540990.8727,179174.3387],[541001.102,179175.3134],[542113.3914,179281.293199999],[543173.7668,179382.3267],[544139.7563,179474.367000001],[544200.5102,179480.1557],[544221.9987,179482.2031],[544642.6991,179824.699200001],[544661.8807,179859.3287],[544739.7848,179999.9726],[545012.0243,180491.4597],[545220.0182,180866.961100001],[545380.4123,180989.1734],[547118.2918,181281.1719],[547125.6848,181282.414100001],[547226.2021,181299.302999999],[547607.7649,181446.7963],[548163.8866,181355.3652],[549398.0007,180788.099300001],[549448.1741,180775.573000001],[550231.9967,180579.884099999],[550676.0515,180002.9299],[550677.379,179999.975099999],[550879.8031,179549.403899999],[550883.4675,179533.782299999],[550896.1875,179479.556399999],[551126.199,178499.0046],[551926.7082,177991.440300001],[551929.3811,177989.7455],[552928.8,177818.5002],[553667.6973,178293.903200001],[554089.2001,178052.9],[554200.2225,177962.884],[554331.4918,177856.4519],[555658.8994,176780.2006],[556742.8548,176168.383099999],[556789.599,176141.999199999],[558269.9998,175189.5019],[558405.7297,175222.2151],[559494.8016,175484.6998],[559999.9884,176073.7005],[560369.4003,176504.4002],[560632.7998,176395.799699999],[560545.2986,176751.2048],[560922.5142,176544.3948],[560925.3107,176542.8616],[561889.6001,174999.9998],[561660.7979,174936.1042],[563262.27,174594.970000001],[563661.179,174509.997300001],[563812.8002,174477.699999999],[563846.1983,174477.348999999],[564772.9191,174467.6097],[566409.2216,174383.8474],[567266.3904,174339.969000001],[567341.9993,174336.0974],[568752.0839,174743.7282],[568848.5038,174771.601500001],[569867.6923,175110.138900001],[570906.9178,175784.286800001],[570960.7978,175819.3016],[570852.395,176069.476199999],[570829.929,176121.323799999],[570706.6662,176405.7926],[570584.6,176687.4999],[570855.5996,176981.0997],[571506.1007,176801.8002],[570819.0992,177084.299699999],[571514.6011,178869.1994],[572383.0999,179387.399900001],[575710.4825,179282.274700001],[575798.8711,179279.4822],[576931.5997,179530.600099999],[577400.0006,179312.7007],[577478.1971,178917.9046],[577839.5989,179300.5999],[578854.301,179288.3003],[579340.7095,178866.448999999],[579423.9,178794.299699999],[579633.6001,179335.200200001],[580000.0187,179230.044600001],[581369.6014,178836.999],[581715.6963,178367.4013],[583578.8998,178877.899900001],[584812.2002,178767.699899999],[585497.1999,178494.899900001],[585634.6998,177842.1998],[585876.8156,177734.715],[585615.6999,178186.899900001],[586631.7989,178546.7005],[587837.3002,178165.299799999],[589080.1029,176927.104499999],[589266.1032,176269.002900001],[589345.8998,175128.799900001],[588481.0992,174130.2951],[586068.9001,173900.799799999],[586127.7002,174485.9999],[585575.6963,175015.601600001],[585773.8004,175491.0955],[585195.096,174990.4988],[585088.7004,175441.7995],[584651.1034,175594.096000001],[583917.4001,174917.399700001],[583260.0038,175209.6982],[583114.4961,174651.2959],[582843.8025,174691.304500001],[583079.0007,175061.2996],[582780.7998,174762.4003],[582813.7999,174242.899800001],[582166.7016,174130.7049],[582144.222,173954.0613],[582111.7339,173698.771400001],[582057.8552,173471.078400001],[581702.2998,173308.100199999],[581569.5036,172521.195699999],[581235.4,172273.199899999],[581808.5018,172560.704],[582112.6003,173215.9],[582611.2998,172665.700200001],[581640.7986,171943.401000001],[579999.9856,171757.7117],[579269.0985,171674.9979],[578380.6025,170953.0045],[577219.1935,171194.7947],[576593.6471,171212.5812],[576202.7026,171223.6971],[575593.2029,169771.502699999],[575130.0037,169893.197899999],[575605.1995,169572.899599999],[575367.1976,168336.4035],[574505.8031,169406.7971],[574476.1669,169380.0266],[573999.8985,168952.4342],[573532.7492,168815.251499999],[573470.6027,168797.001599999],[573568.2916,168799.403899999],[573827.4472,168683.8518],[573978.3176,168809.4868],[574039.1144,168810.981899999],[574125.592,168813.1085],[574149.5994,168813.698899999],[574168.0759,168826.100099999],[574621.6002,169130.5001],[574658.1782,168956.5745],[574819.31,168190.404999999],[575016.0262,168176.4452],[575508.8064,168141.475500001],[575623.9993,168133.301000001],[576225.8966,169990.504799999],[576544.7003,170974.199899999],[577323.2009,170699.8003],[577796.9845,169854.0494],[577843.3878,169771.215],[578095.0997,169464.699999999],[578314.4029,169656.095799999],[578259.5002,169309.300100001],[579465.8333,168949.2437],[579739.3177,168867.6164],[579766.4983,168859.503799999],[579999.9984,168868.1471],[580482.3002,168886],[580634.3999,168461.5002],[580791.4998,168661.4],[581140.0998,168945.399700001],[580804.9469,168624.6951],[580931.3019,168279.7996],[582175.1033,167567.503599999],[582548.1999,168119.399700001],[582337.3001,168748.9998],[583252.104,168839.069],[583483.72,168619.26],[583009.6704,168137.4526],[582755.0032,167937.4977],[582616.4055,167372.1031],[582796.6934,167294.7347],[582927.5004,167238.600400001],[583848.8001,168697.5002],[583751.5003,169534.4004],[584303.302,169834.2048],[585135.401,169222.4001],[585214.002,168341.801999999],[585409.0966,168512.1032],[585376.9993,168217.798699999],[585672.4026,168264.903999999],[585673.6022,167878.3597],[585673.7991,167814.8994],[585690.4014,167798.447799999],[586032.4999,167642.700300001],[585935.1994,167188.0067],[586773.901,168002.6997],[587003.7002,169259.0001],[587805.0999,169576.9002],[588161.5041,169325.7004],[587605.0005,168546.200099999],[587663.6002,167977.298900001],[588916.801,168483.100299999],[589292.1993,168968.2015],[588320.8989,169642.899700001],[588367.6966,170029.198999999],[588287.299,169691.295700001],[588050.3,169762.399900001],[588233.9,170079.6],[587938.2016,170097.8993],[587593.6007,171032.1006],[587771.2001,171296.601199999],[587892.7927,171268.3761],[587706.646,171855.5064],[587688.7983,171911.800100001],[587747.3959,172609.500399999],[588384.4,172450.100099999],[589757.0966,172927.699999999],[589886.5028,172639.501800001],[588850.1001,172469.300899999],[589822.5999,172557.399800001],[590090.899,171985.2994],[589487.0999,172224.8002],[589023.4016,171842.5999],[589029.5537,171829.022],[589298.8771,171234.613500001],[589751.66,170191.74],[589786.7783,170173.592599999],[590429.4978,169688.796399999],[590470.6984,169895.597200001],[590908.6018,169717.8981],[591142.184,169473.187100001],[592048.3003,168523.9001],[592343.8031,168660.500800001],[592178.8935,167205.6635],[592170.2034,167128.999199999],[592570.0998,166296.0998],[592429.5984,166227.832],[592038.703,166037.9012],[591876.8937,165132.9967],[591870.0996,165095.001399999],[591174.3055,164447.131999999],[591009.1998,164307.596799999],[591009.0226,164292.737199999],[591897.1005,164855.5999],[592048.6206,165344.704],[592258.1003,166020.899800001],[593582.4976,166168.624600001],[593589.4954,166167.8454],[596038.1017,165895.202299999],[595709.0002,165130],[596016.9561,164920.657],[595844.4999,165201.8003],[596244.4007,165690.2004],[597672.8001,165461.699999999],[599418.2999,165804.800000001],[600000.013,165654.817399999],[600337.9002,165567.700200001],[601898.0987,164576.899800001],[601854.4938,164431.5035],[601755.5428,164101.561899999],[601620.3127,163650.6511],[601594.2471,163563.738],[601716.9,163676.399900001],[602032.5997,163419.4999],[602690.9608,163591.024900001],[602794.4997,163618.0002],[602602.1895,163625.2269],[602366.5983,163715.996099999],[602243.054,163638.7227],[601848.7336,163657.7566],[601848.5034,164247.0041],[603383.2968,164781.6011],[605557.0439,164873.730799999],[608856.1002,165207.800100001],[609792.2791,165711.3927],[610643.8845,167070.747500001],[610685.9492,167095.719599999],[610870.0019,167003.695],[610749.459,167107.4365],[610731.8744,167122.5702],[610918.7925,167230.4494],[611239.1993,167314.0962],[612643.2949,167375.790899999],[612704.8991,167378.4977],[613742.3003,167835.8991],[614606.4853,167744.236400001],[614644.5002,167740.2042],[615534.7,167831.299900001],[616006.996,168278.8189],[616030.539,168280.404899999],[618408.2379,168440.583799999],[619999.9641,168639.476199999],[620405.7578,168690.229900001],[620445.5026,168695.2008],[622734.1003,169391.200300001],[624465.0012,169409.199999999],[624511.0031,169408.116],[627188.4263,169345.433800001],[628364.9992,169455.203299999],[628971.2705,169942.503699999],[629887.2104,169995.6008],[631102.6971,169994.600099999],[631166.9716,170002.406199999],[631891.5001,170090.399700001],[632054.0142,170389.621099999],[632437.072,170491.191299999],[632834.3231,170434.660599999],[632855.8037,170431.603800001],[634869.0992,170778.204600001],[634892.1068,170782.278100001],[635184.8015,170834.099199999],[635147.5331,171209.8872],[635955.9839,171424.253],[636837.8961,171411.703199999],[636901.7917,171421.711100001],[638356.1,171649.500299999],[639062.1003,171181.999],[639087.1338,171171.8835],[639094.863,171168.760299999],[639524.3656,170995.2082],[639646.0869,170854.191500001],[639653.8064,170840.044500001],[639640.294,170708.005000001],[639810.7612,170552.4066],[639999.9744,170205.6515],[640156.5002,169918.799799999],[639999.99,169095.008300001],[639956.8271,168867.819800001],[639945.8988,168810.298900001],[639831.2156,167743.920299999],[639416.1593,165998.654100001],[639005.0673,165260.718],[638708.1307,164594.249299999],[638686.9005,164546.5984],[638691.3997,164111.799900001],[638560.4879,164705.465700001],[638216.9999,164444.199899999],[638473.5007,164287.4013],[637980.3,164244.799799999],[638055.0248,163845.74],[637791.3963,163837.6483],[637779.6698,163837.2884],[637612.7999,164160.200200001],[635344.4999,164358.598999999],[634598.5003,163809.600099999],[634334.9018,163200.0034],[634469.1001,162532.4998],[634254.0011,162809.4956],[634421.6999,162508.6],[634119.5992,162614.2009],[634115.5633,162326.698100001],[634114.9567,162283.482899999],[634005.396,162038.396299999],[634557.7347,162408.7501],[634707.397,162509.101600001],[634779.8028,162526.8981],[635641.7194,159999.9812],[636727.437,156817.1171],[637663.6649,153837.280099999],[637839.3179,152429.4834],[637887.7224,151758.995200001],[637888,151755.1493],[637974.9618,150506.125600001],[638071.5624,148865.7465],[637874.5994,146157.799799999],[637054.2525,144601.261600001],[636929.2675,144478.806500001],[636916.8009,144449.271600001],[636670.6351,143873.3805],[636490.4001,143531.4],[634029.1995,142215.400599999],[634031.7539,142135.4092],[634031.8492,142132.4245],[634032.4743,142112.85],[633974.713,142083.713],[634059.0114,141179.3235],[634038.0277,141332.5241],[633990.02,141713.9],[633986.1862,141714.5276],[633971.4843,141716.820599999],[633691.944,141760.866],[632907.9303,141472.192399999],[632876.1557,141519.3287],[632829.7438,141495.3708],[632230.0456,141223.0953],[632187.7161,141132.4682],[632126.0003,141097.1007],[631988.3563,140839.1347],[631979.5736,140821.9967],[631949.6962,140763.6961],[632451.4236,140612.715600001],[632673.8317,140232.8969],[632603.1059,140277.9912],[632349.7108,140472.312100001],[632327.2502,140454.6642],[631826.3002,140775.4998],[631759.4002,140488.604900001],[632153.9353,140318.486099999],[632093.1315,140270.710899999],[632017.45,140276.199999999],[632075.49,140256.8495],[632052.9,140239.1],[632812.6731,140002.561100001],[631952.7968,140231.5977],[631186.7999,140075.600299999],[631061.3816,140000.0241],[629611.2615,139126.1916],[628601.8581,138729.037699999],[628420.8456,138762.374299999],[625620.997,138132.7344],[625502.5588,138060.386600001],[624577.8013,137495.499500001],[624167.6035,136413.101500001],[623234.7002,135966.0998],[623249.6344,135957.687999999],[623220.45,135948.85],[623889.2852,135593.356000001],[623847.5162,135589.8698],[622745.7895,135541.9385],[622741.1558,135541.7369],[622682.8984,135539.202400001],[621676.6963,135149.6032],[621654.6453,135146.9278],[621649.937,135146.3566],[620000.0191,134946.181],[619007.7432,134825.7936],[619001.5722,134825.0449],[615611.6773,133853.6347],[615597.5963,133849.5953],[614773.1745,133277.4353],[614418.4,133187.449999999],[613986.6781,132731.596100001],[612818.9466,131921.1745],[612802.702,131909.9005],[610289.5006,129353.900800001],[609049.5344,126962.7599],[609040.358,126945.064200001],[608964.201,126798.2037],[608216.0994,122922.903000001],[608218.8834,122900.3958],[608439.7001,121115.199899999],[608797.8151,120000.0177],[609626.2,117420.3989],[609465.4949,116825.6185],[609437.6475,116823.8927],[602367.6344,117396.0988],[600724.6328,117688.905400001],[600706.7172,117692.258400001],[600000.0194,117824.5189],[596003.3982,118572.498299999],[594882.7999,118304.9002],[595080.2002,117904.499500001],[593357.7984,117236.699999999],[590631.4029,114887.903000001],[590614.4494,114870.846899999],[590606.7572,114863.108100001],[588779.1004,113024.396400001],[588092.0439,111905.168299999],[587555.2644,111415.0712],[587162.7358,111195.111300001],[587107.7889,111174.9531],[584805.8484,110338.663899999],[580628.1034,109004.048800001],[579999.9944,108879.8135],[579154.5994,108712.6007],[579135.1935,108706.5593],[578596.1142,108538.7335],[577458.8846,108289.332599999],[577434.684,108283.813999999],[577021.64,108048.5692],[576328.9888,107832.7795],[576319.0577,107829.650800001],[574481.2409,107113.1217],[574448.1041,107100.202199999],[573589.6477,106948.7324],[573525.2012,106937.361199999],[571047.8756,106433.650699999],[571025.4968,106429.100500001],[567609.4375,105019.592499999],[567584.074,105009.1272],[567562.2038,105000.1033],[566321.5247,104200.2974],[566237.8,104156.99],[566221.7428,104135.9728],[565659.0002,103773.1998],[564937.9913,102563.2512],[564934.0387,102553.978599999],[564868.4923,102400.208900001],[563454.4789,100551.191],[563349.5016,100498.202],[563337.2706,100485.2905],[562877.5364,99999.9809000008],[561706.5,98763.7984999996],[561696.3877,98752.5296],[561694.3873,98750.3004000001],[560331.3,97231.3002000004],[559999.9997,96604.4342999998],[559441.3006,95547.2995999996],[558358.3185,95245.3122000005],[557733.5611,95281.1318999995],[556031.3561,95528.3861999996],[556022.7929,95534.0277999993],[554507.3991,96532.3971999995],[551748.086,97665.2346000001],[551734.8545,97670.6666999999],[551661.7006,97700.7000999991],[551186.7203,97459.6093000006],[550219.1126,97467.0474999994],[549902.1216,97542.0046999995],[548496.4033,98388.7958000004],[548470.5291,98409.4956999999],[547583.434,99117.8389999997],[546034.9706,100000.0132],[545810.0211,100128.1691],[545794.002,100137.295299999],[545193.0003,100101.1],[545129.7168,100032.0507],[545023.5,100021.6],[545008.8124,100000.014599999],[544997.1564,99982.8845000006],[544785.2013,99911.4000000004],[544875.1286,99803.5479000006],[544858.6971,99776.9857000001],[545060.6234,99552.8915999997],[544811.9997,99809.4997000005],[543807.351,100000.0042],[543177.7038,100119.399800001],[543149.705,100127.057600001],[542531.7479,100296.0721],[539398.0317,101378.648800001],[538363.2795,101821.7004],[538358.8212,101823.609300001],[538342.1481,101826.250499999],[538326.7963,101793.6007],[538091.1474,101824.9573],[535659.2342,102605.792199999],[535599.5453,102631.080700001],[534526.6595,103085.6327],[534216.0976,102723.494999999],[534176.8001,102705.6],[533526.5961,102820.997099999],[534195.9032,102726.3507],[534273.0839,102810.187799999],[534375.7939,102966.4396],[533447.0501,103044.229599999],[533514.4017,102677.1983],[533409.1998,103047.399900001],[533422.0982,103180.204299999],[533381.0855,103196.968699999],[533028.6315,103341.037900001],[532256.5203,103545.557700001],[531334.3842,103768.429],[531326.7107,103770.1587],[529914.4787,104088.490800001],[529207.8663,104218.2553],[529136.0195,104226.4564],[528193.3679,104334.0681],[527652.7119,104418.9889],[527458.4968,104449.4943],[526279.5326,104545.5514],[526276.5543,104546.0251],[525737.2974,104631.7993],[525696.3441,104633.3872],[525684.4795,104633.8432],[524187.1368,104691.2973],[523696.1008,104653.6011],[523643.5174,104521.9429],[523599.6344,104514.508099999],[523624.2999,104687.9002],[524032.5377,104885.4811],[523480.3025,104746.296],[523188.6996,104962.9004],[523174.323,104962.715700001],[521553.7998,104941.899900001],[521122.9535,105224.1412],[521096.2975,105241.6032],[520671.2011,105953.7005],[520823.3306,105161.8453],[521206.1,104942.6997],[520929.2971,104713.195499999],[523229.6189,104871.4156],[523232.984,104867.0557],[523413.3297,104437.914999999],[522439.2089,104388.3189],[521733.1988,104468.695499999],[520518.5704,104247.0331],[520496.5963,104243.0229],[519999.9855,104096.896],[518201.8532,103567.7985],[518186.4616,103563.2696],[518163.1038,103556.396600001],[517574.8576,103324.914899999],[517560.1642,103319.1329],[517547.1036,103313.9934],[517518.2671,103303.0144],[516393.6403,102874.8334],[512963.9981,101950.901900001],[512429.0836,101888.450999999],[512422.975,101887.517999999],[510328.4013,101567.5966],[510308.1137,101564.4979],[510302.6833,101564.028999999],[509115.607,101461.5295],[509088.4625,101461.051000001],[506133.2501,101408.9362],[505271.3061,101385.9154],[504216.8826,101323.7915],[504193.1999,101322.3961],[503183.5135,101312.9844],[503109.9968,101312.299000001],[502844.7002,101221.198999999],[502620.5425,101614.586100001],[502842.4033,101090.4025],[501612.5895,101011.0788],[501552.3976,101007.1963],[500971.2063,100802.026699999],[497408.0938,99784.3362000007],[496848.9048,99665.2007999998],[495795.1104,99521.1068999991],[495776.2106,99514.6170000006],[494681.0902,99138.5700000003],[494643.7866,99125.7606000006],[494594.1019,99108.6996999998],[493730.102,98869.9980999995],[493666.1554,98853.7427999992],[492581.7802,98578.0927000009],[490606.9133,97973.4441],[490600.9566,97971.6202000007],[489760.9303,97611.9989999998],[489472.8876,97357.7315999996],[489053.24,97067.0490000006],[488974.8348,96916.7904000003],[488752.0142,96719.5206000004],[488586.791,96673.4969999995],[488693.9441,96668.1094000004],[488157.6739,96193.4401999991],[488055.5979,96367.9777000006],[488088.5253,96416.9049999993],[488275.7666,96514.0193000007],[488210.9061,96598.7521000002],[488231.8005,96629.7993000001],[488134.5775,96698.4668000005],[487759.7001,97188.2008999996],[487858.6,97665.1997999996],[487423.247,97746.8355999999],[487312.5012,97767.6021999996],[487251.5934,97742.7274999991],[487034.7549,97654.1710000001],[487004.6986,97641.8959999997],[487052.8769,97646.4514000006],[487294.5361,97669.3006999996],[487299.2278,97661.2785],[487323.0789,97531.3501999993],[487374.8003,97249.6000999995],[486013.2002,97251.3001000006],[486330.4977,97094.7961999997],[485741.9982,96319.898],[485660.7019,96292.2959000003],[486648.8001,96502.1000999995],[487444.0014,95347.2963999994],[487461.1,95654.1997999996],[488194.956,96030.6494999994],[488199.9531,96033.2128999997],[488239.5127,96053.5058999993],[488245.9843,96042.4403000008],[488227.1331,96011.6152999997],[488224.1115,96006.6743999999],[488017.7372,95669.2155000009],[487777.229,95444.1050000004],[487828.0938,95359.1147000007],[487740.1192,95215.2605000008],[487637.195,95232.602],[487636.0674,95228.3994999994],[487619.1992,95017.5361000001],[487478.952,94788.3522999994],[485559.7831,92120.2932999991],[484465.8029,93030.8994999994],[483508.3798,93990.0028000008],[483439.5967,94058.9066000003],[483247.1004,94211.0017000008],[482599.9105,94768.0234999992],[482344.56,95006.0999999996],[482264.8608,95056.3932000007],[481721.7971,95523.7959000003],[479999.9848,96493.3628000002],[479883.6656,96558.9809000008],[479376.5967,96844.3979000002],[477515.4998,97599.0997000001],[476460.6999,98427.3987000007],[476752.6967,99377.8026999999],[477043.5998,99120.7000999991],[476545.3003,98435.4012000002],[477272.1987,98623.6001999993],[477541.5999,99502.3003000002],[478019.9988,99543.3002000004],[478124.6409,100000.007099999],[478266.0998,100617.4001],[479166.0013,101507.5031],[479805.7,101563.799799999],[480000.0139,101376.1994],[480405.0031,100985.2026],[481510.5998,100607.199899999],[482187.7008,101224.304199999],[482878.1999,101247.0976],[482881.0418,101340.1402],[482895.9,101826.5999],[483614.1998,102317.700099999],[483438.5012,102875.7007],[483927.3015,103749.4014],[484057.5992,104123.3003],[483797.9003,104111.399900001],[483844.3974,104425.897700001],[483695.7967,104115.5965],[483754.0977,104494.797800001],[483371.2002,103891.000399999],[483239.9002,102589.4002],[481511.7003,101225.700200001],[480633.6964,101511.6019],[480707.7048,101818.403000001],[481205.3007,101876.2985],[480077.9997,101966.0999],[480000.0133,102075.431600001],[479704.7998,102489.301100001],[480000.0058,102993.297900001],[480172.0966,103287.103700001],[481008.401,103773.104599999],[480297.2989,103788.5002],[480501.8001,105062.195599999],[480234.3963,104883.5967],[479999.9649,104984.4363],[479596.6994,105157.899],[479744.6003,104472.0999],[479386.7003,104271.9],[479981.0999,103660.4999],[479590.0038,103325.2016],[479224.3998,101927.5998],[478125.3002,102693.100199999],[477775.4965,103839.9954],[478081.8828,104496.819],[477900.302,104921.195900001],[476938.4002,104814.5964],[476618.4011,105069.3035],[476335.5002,104680.3002],[476695.3028,103694.9969],[476992.0003,103138.9999],[477127.1001,100731.000299999],[477052.7008,100462.801100001],[476837.2003,100628.104800001],[475361.3003,102113.5998],[474589.5966,102294.797700001],[474865.3002,102566.5997],[474588.5,103289.800000001],[474880.9,104100.399900001],[475222.7009,105363.799699999],[475429.4962,105237.498600001],[475277.9652,105643.406400001],[475270.8975,105662.3387],[475251.7987,105713.4991],[475275.6522,105422.523399999],[475055.7393,105482.2059],[474895.8997,105526.1],[474728,105245.300100001],[473934.7999,105468.499500001],[473592.7028,104982.8983],[473547.8924,104992.349300001],[473472.2957,105008.293400001],[472302.1003,105255.0998],[471823.1972,104428.1971],[471680.2998,104794.4001],[471383.0006,104980.999399999],[471498.0038,104745.6962],[471239.9003,104723.9012],[470877.1587,105013.9526],[470418.0001,105381.0999],[470733.1007,105715.7993],[470435.8998,105516.295600001],[470435.1126,106150.382099999],[470435.001,106240.2983],[470420.6159,106133.567500001],[470309.1979,105306.895500001],[470278.2206,105307.0033],[469100.7002,105311.100099999],[469056.4021,104850.1963],[469019.8289,104765.968699999],[468971.6014,104654.901699999],[468982.2444,104659.3046],[468991.0954,104662.9662],[469208.4987,104752.904100001],[469793.2998,104403.899800001],[469317.9997,104612.100199999],[468837.6179,104179.6412],[468829.571,104172.3971],[468822.727,104166.2359],[468825.9163,103752.7246],[468817.2191,103435.421],[468065.7998,103752.700099999],[467959.1001,104425.9987],[467412.2001,104058.799799999],[466694.3531,104244.5461],[464963.3988,104592.6993],[464244.6009,103624.897],[464293.3699,103810.644400001],[464328.9446,103932.4036],[463831.9013,103924.500800001],[463027.3011,104640.700200001],[463226.7,105592.6997],[462482.5712,105628.1171],[462629.5006,105263.098099999],[462478.9708,105280.8331],[462331.1061,105298.2541],[462332.0023,105011.200200001],[462458.4955,104693.2478],[462555.0953,104449.877599999],[462535.34,104447.165999999],[461908.24,104384.300000001],[461294.0353,104549.728499999],[459999.983,104905.306600001],[459780.0087,104965.7509],[459673.3044,105369.7556],[459670.5815,105368.782099999],[459669.502,105373.535800001],[458697.5828,105021.148499999],[458691.283,105018.6787],[458348.6979,104896.2031],[458127.0348,105506.3398],[458054.4976,105706.0013],[458095.3957,105709.0789],[458579.4016,105745.5],[458647.1705,105975.2817],[458704.4725,106169.573799999],[458733.5007,106267.9989],[458570.6962,105890.1986],[458077.2503,105825.3521],[457895.3933,105801.453299999],[457893.4781,105786.4789],[458130.2038,105056.2973],[457882.5943,104538.029200001],[457880.7284,104534.1237],[457949.1654,104597.117000001],[458109.0072,104738.990700001],[458151.0205,104728.680600001],[458790.3001,104571.8002],[458790.3028,104241.401699999],[459241.6897,104605.1515],[459477.0319,104557.860300001],[459835.5942,104190.3959],[459951.023,104073.989],[459944.6037,103370.5998],[459627.9692,103119.0659],[459610.926,103105.526799999],[459465.001,102989.6042],[460000.0151,103188.6217],[460260.9996,103285.7041],[460614.1026,102214.8006],[460667.7443,102165.872199999],[460704.4532,102132.388800001],[461834.0999,101102.0002],[461314.5849,100985.4888],[460973.1008,100908.9044],[461090.2138,100642.2722],[461134.1443,100658.1184],[461842.1962,100874.6043],[461947.9027,100417.497199999],[461982.6879,100377.533600001],[462013.9763,100341.587300001],[462311.2914,100000.011499999],[462358.3041,99946.0000999998],[462215.4007,99442.9041000009],[461538.2998,99496.8000000007],[461635.6,99221.6001999993],[461372.8,99164.1999999993],[460980.3977,99331.2960000001],[461139.3236,99160.4887000006],[461295.9032,98992.2030999996],[460817.39,98756.2860000003],[460923.8825,98755.3557999991],[461216.2972,98752.8015999999],[461642.3826,99110.9998000003],[461778.3216,99225.2797999997],[461817.5998,99258.2999000009],[461893.5705,99235.3330000006],[462379.6001,99088.4000000004],[462609.0001,99462.1998999994],[462670.3237,99237.7010999992],[461798.9464,98430.6855999995],[460739.6006,97574.2588999998],[460034.5349,97983.6234000009],[460027.0028,97989.7272999994],[460000.0267,98011.5883000009],[459215.1998,98647.5998],[458184.8152,98866.9556000009],[457827.3172,99020.3611999992],[457621.8332,99123.8841999993],[456978.2365,99448.8925000001],[456546.0652,99999.9872999992],[455490.169,101346.4416],[455465.499,101377.9002],[455448.0559,101386.307700001],[453993.9595,102087.177100001],[452056.7758,103090.0702],[451728.611,103333.3368],[451707.1176,103349.2698],[448932.4002,104802.699999999],[448815.1976,105309.9047],[449140.4982,105682.698000001],[448816.3455,107296.0295],[448811.755,107318.876700001],[448995.4412,108601.158500001],[449600.0001,109099.199999999],[449194.7008,109583.101],[449329.5972,109784.095100001],[449476.7153,109960.5569],[450191.9997,110492.9],[450231.7988,110896.5002],[451748.7013,111176.5997],[451764.8545,111192.438899999],[451767.0789,111194.619999999],[452410.5375,111825.570499999],[451985.8679,111844.994200001],[452047.8216,111759.7785],[452058.2027,111745.2026],[451935.2029,111404.700099999],[451762.891,111360.688899999],[450795.1011,111113.5002],[450670.5002,111346.4967],[450714.0022,111101.4968],[450094.799,110983.7004],[450057.217,110788.7917],[449898.1861,110579.354],[449784.3157,110603.8972],[449701.6983,110621.7042],[448979.3001,109517.799900001],[449106.0196,109373.0868],[449054.5793,109013.9912],[448438.2002,108775.601500001],[448338.3808,108431.0891],[448406.5327,108322.3511],[448465.104,108228.8991],[448672.7437,107949.6382],[448692.4039,107923.196599999],[448433.7,107511.198799999],[448493.4011,106366.0024],[448120.7994,106297.301100001],[448614.1592,105939.4944],[448600.9933,105847.5857],[448484.4997,105709.0998],[447120.4002,106612.800899999],[444905.5885,108987.8791],[444839.8044,109058.4235],[444761.4968,109142.397600001],[443485.4983,110170.9025],[443504.2351,111046.1919],[443505.6503,111112.3038],[443524.8136,111125.4779],[443519.9011,111144.454299999],[443351.7,111794.199200001],[444261.5998,112688.2027],[444234.7256,112724.918400001],[444222.8362,112741.161699999],[443908.8001,113170.1998],[443292.599,112982.999199999],[443141.5979,113241.404300001],[443892.4006,113784.499500001],[443657.5332,114748.195499999],[443611.4398,114936.7662],[443606.6462,114956.377],[443607.9469,114932.472899999],[443673.9991,113718.5985],[443031.3037,113479.0963],[443026.4351,113408.732000001],[443026.2358,113405.852299999],[443000.5002,113033.9037],[443859.5036,112612.0045],[443108.4502,111907.6282],[443108.9048,111890.9493],[443137.5001,110841.800100001],[442795.7003,110777.1998],[443110.6002,110701.399800001],[442815.4975,110056.1961],[442549.601,110516.2994],[442777.7021,109461.1964],[442335.5017,110044.399700001],[442362.7003,110735.899700001],[442240.0002,110260.798699999],[442043.9003,110853.3992],[441112.2993,111394.9012],[441035.98,111431.6129],[441006.0937,111445.9891],[439999.9686,111929.9636],[439438.4222,112200.0833],[439401.5969,112217.7973],[439397.0317,112214.849300001],[438707.9408,111769.872099999],[438683.4633,111776.895500001],[437737.8101,112418.6853],[437727.011,112436.2129],[437664.2956,112541.554500001],[436894.2,113883.25],[436828.7998,114465.204],[436694.2932,114257.4958],[436451.9012,114063.9001],[436732.9,114020.199999999],[436877.2976,113562.5526],[436885.8161,113520.401699999],[437071.0974,112603.596899999],[436717.9987,113128.2948],[436765.3001,112699.6997],[436777.5996,112631.499199999],[437940.361,111705.320699999],[437958.5999,111690.7928],[438609.1003,111351.699899999],[439336.4032,111546.7994],[439999.9993,111184.8958],[440408.8961,110961.8968],[440486.1348,110747.8584],[440756.9036,110776.199999999],[440861.4959,110404.347899999],[440885.5018,110319.000800001],[442266.2925,108783.330600001],[442487.6,108537.1997],[442260.2999,108221.5],[442620.1967,107908.001],[442651.6846,107876.5075],[443143.4036,107384.7008],[443167.2473,107372.132099999],[443172.5876,107369.317],[443437.5811,107227.970100001],[443791.7,106920.899800001],[443623.3,106794.4998],[444202.1024,106572.803200001],[443964.8008,106227.601199999],[444274.3,106381.300100001],[445665.2001,105603.100199999],[445120.7009,105016.6],[445737.8027,105421.7027],[445574.9002,104909.199899999],[445818.8012,105399.499700001],[446412.7999,105186.4999],[446952.9021,104426.1976],[446549.7021,104082.8959],[446634.3004,103204.3014],[447562.3028,103329.9014],[447401.6002,102923.9002],[447674.0713,103257.4662],[447640.3755,102847.5185],[447463.3001,102925.4],[447637.2649,102809.6743],[447580.0667,102113.794199999],[447575.0497,102107.201400001],[447579.6225,102108.389900001],[447578.9,102099.6],[448579.9263,102302.791300001],[448668.9495,102195.498500001],[448659.2082,102158.102],[448424.7032,102036.3017],[448570.7637,101818.567199999],[448562.508,101786.874],[448572.6598,101815.740700001],[448601.6004,101772.5985],[448882.0428,102417.670600001],[448899.2643,102403.692600001],[448806.1033,101928.502599999],[447464.6002,100593.9003],[447155.8574,100000.014599999],[446792.5104,99301.0943999998],[446454.4164,98691.4354999997],[445739.0988,98470.9997000005],[445614.2212,98480.4101],[445587.4037,98482.4309999999],[443213.7999,98661.2989000008],[442146.3001,98376.7006000001],[441871.7998,98581.6999999993],[442356.7,98479.3002000004],[441776.4961,98732.5974000003],[442030.5,99259.7996999994],[441825.5339,100000.011600001],[441744.1002,100294.0999],[441384.8969,100508.799000001],[441519.4975,100755.998199999],[440964.6005,100243.400599999],[441024.3,100996.1997],[440506.2999,101048.4998],[440315.9996,101442.301100001],[439999.9958,101353.3464],[439834.9992,101306.9001],[439677.3993,101917.0989],[438933.7999,102434.0009],[438753.2001,102323.5988],[439045.3999,102266.799900001],[439153.8001,101708.799900001],[439587.8034,101761.2005],[439555.8001,101348.600299999],[439999.9972,101186.611],[440939.2019,100844.103],[440769.4002,100203.699999999],[441510,100225.800000001],[441551.0395,100000.022500001],[441705.0032,99152.9970999993],[441479.3022,98429.3045000006],[442540.3998,97585.0002999995],[442851.3641,97644.0407999996],[442759.54,97578.9423999991],[442554.2356,97502.3816999998],[442550.9959,97501.0998999998],[442292.2989,97320.1017000005],[442297.6603,97321.3823000006],[442286.26,97313.3399999999],[442320.7907,97326.9069999997],[442446.3284,97356.8920000009],[442400.9371,97324.7119999994],[441082.4242,96499.2926000003],[440922.6954,96454.8572000004],[440904.0629,96449.7849000003],[440000.0026,96254.6082000006],[438034.5995,95830.2993000001],[437830.7991,96276.7996999994],[437655.1911,95714.3768000007],[434394.7011,94961.5967999995],[433242.3613,95477.6282000002],[432869.4968,95644.6012999993],[432996.6,95982.6001999993],[432762.5274,96047.7709999997],[432766.2646,96028.7609000001],[432768.7457,95925.0784000009],[432776.8,95588.5002999995],[433422.4011,94952.7996999994],[433137.0002,94453.2013000008],[433545.2002,94538.1996999998],[433544.6024,93987.5955999997],[433212.5999,93754.0998999998],[432739.703,94049.6978999991],[432889.4993,93681.3033000007],[432500.4362,93487.6493999995],[432950.8167,93616.3828999996],[433018.0975,93637.1959000006],[433186.6018,93150.8950999994],[432172.8963,92031.6954999994],[431679.7998,92108.1001999993],[431550.5983,91671.6258000005],[431536.5012,91624.0022],[431129.2035,91367.8955000006],[430630.3342,91518.5644000005],[430805.2976,91351.6002999991],[430025.917,90866.9869999997],[429712.168,91045.466],[430823.879,90129.318],[431718.346,89791.1420000009],[431538.7858,90495.3574999999],[431574.4563,90456.1313000005],[432012.168,89936.7060000002],[431790.284,89703.943],[431559.322,89696.1030000001],[430878.844,89964.4949999992],[429601.9408,91041.7413999997],[429539.6713,91085.1067999993],[429484.3964,91121.5958999991],[426339.1805,92206.0196000002],[426192.3896,92257.4304000009],[425857.6855,92378.1424000002],[425471.941,92551.7640000004],[425311.8719,92574.9916999992],[424998.226,92688.1089999992],[424338.8712,92769.7568999995],[424218.0122,92803.2131999992],[421848.2773,93120.8333999999],[421838.9965,93122.0770999994],[421791.8037,93128.4015999995],[420000.0057,92864.4780999999],[419703.6091,92820.8202],[419445.2891,92592.4568000007],[419222.283,92546.5590000004],[419034.169,92228.0219999999],[418368.8995,91638.2981000002],[418342.3444,91619.1833999995],[418282.2221,91598.9515000004],[418204.8989,92103.6999999993],[417447.1991,92006.3004000001],[417240.1001,92313.9001000002],[417211.7003,91578.4998000003],[416895.3998,91768.8002000004],[417016.6011,91496.2994999997],[416731.0998,91550.4002],[416633.4161,92169.0934999995],[416288.6002,92324.1000999995],[416366.04,92036.1461999994],[416366.7814,92033.3892000001],[416543.5997,91375.9032000005],[416976.5002,91193.9001000002],[416635.2054,91164.5975000001],[416796.5994,91025.3036000002],[417953.0013,90965.7002000008],[417736.9001,90898.0000999998],[418006.1259,90696.9175000004],[418259.4998,91355.5988999996],[418371.0591,91548.3017999995],[418026.0889,90682.0073000006],[417829.259,90187.7249999996],[416557.623,90746.7520000003],[416430.7726,90767.4646000005],[416384.5,90786.8000000007],[414033.4075,91171.3084999993],[413565.698,91247.7999000009],[413059.374,91257.1852000002],[412023.2659,91202.6269000005],[411540.3977,91177.2006000001],[411122.4967,91105.0008000005],[411095.3225,91100.9375999998],[409634.7946,90882.5543000009],[409612.9992,90879.2953999992],[408836.2979,90653.7999000009],[408620.4978,90570.7207999993],[408288.8399,90443.0385999996],[408196.013,90427.2750000004],[408147.6717,90388.6914000008],[407093.1022,89982.7015000004],[406989.4959,89910.0522000007],[405707.1999,89010.8998000007],[403782.9999,87004.8003000002],[403650.5297,87241.2268000003],[403597.9094,87463.5242999997],[404333.6003,87719.1996999998],[404889.4998,88503.5989999995],[403812.2012,89676.8993999995],[403569.8867,89429.9553999994],[403523.277,89383.3101000004],[403539.0215,89409.9497999996],[403757.8021,89756.7968000006],[403619.9738,89583.0161000006],[403463.3998,89385.5998999998],[403400.7002,89809.7015000004],[403650.8966,89725.5955999997],[403699.6001,89770.5028000008],[403715.608,90059.8300999999],[403714.2873,90063.6230999995],[403674.5363,90177.7873],[403661.3235,90186.5770999994],[403434.074,90235.1229999997],[403356.8035,89856.3981999997],[402893.0023,90257.4034000002],[403089.5975,90626.2978000008],[402702.2306,90679.8718999997],[402024.5003,90089.1007000003],[400667.0875,90315.8570000008],[400830.9998,91024.1000999995],[401186.2994,91187.8969999999],[400642.5998,91532.5999999996],[400637.2551,92213.6024999991],[400172.7999,92255.5999999996],[400000,92244.0628999993],[399738.3708,92226.5950000007],[400000,92261.0449999999],[400149.3016,92280.7041999996],[400663.8001,92242.1001999993],[400380.8972,93098.4993999992],[400000,92921.1001999993],[399366.804,92626.1952999998],[399353.8191,92565.4528999999],[399348.427,92224.0659999996],[399705.8987,92221.4012000002],[399291.1999,91886],[399580.9035,91915.5987],[399872.6998,90903.1002999991],[400000,90903.1195],[400534.3001,90903.2000999991],[400479.5999,90394.4001000002],[400576.43,90289.7899999991],[400953.5042,90065.7052999996],[401024.7652,90023.3568999991],[401048.8003,89841.3998000007],[400337.0997,89740.6999999993],[400078.5002,90128.6996999998],[400000,90124.0218000002],[399350.1987,90085.2997999992],[397256.6638,91050.1401000004],[397626.976,91450.5769999996],[397505.75,91826.2430000007],[398113.072,92081.9480000008],[398199.5013,92191.1998999994],[397612.2963,92030.5957999993],[397640.701,92280.9034000002],[397091.4999,92478.0002999995],[396569.3201,91852.7262999993],[396567.1134,91850.0840000007],[396604.4362,91787.7907999996],[396684.648,91749.6710000001],[397078.487,91858.3900000006],[397121.4018,91652.0042000003],[397101.5146,91577.4554999992],[396979.4001,91119.6992000006],[397220.1034,91154.2967000008],[397216.8255,91152.2305999994],[396781.9032,90878.0956999995],[397157.004,90490.8966000006],[396170.4989,90910.8962999992],[395655.1002,90770.9964000005],[395092.7003,90034.5998],[395058.0999,89782.6001999993],[396026.2021,89556.3040999994],[395000.096,89493.2020999994],[395077.6001,88700.7000999991],[394218.0025,88188.1956999991],[394488.4993,88307.8014000002],[394556.6024,87678.1017000005],[394145.5037,87885.4024],[394359.8013,87407.3998000007],[395453.0003,87455.1999999993],[396245.496,88909.2993000001],[397058,89266.9002999999],[397280.2,89726.5000999998],[398242.3998,89756.9000000004],[398818.8002,89105.0002999995],[397751.1023,89165.3961999994],[398035.2013,89061.5989999995],[397957.0999,88602.8002000004],[398255.6002,88731.7999000009],[398400.7999,87892.9002],[398127.5999,87692.7003000006],[398368.2035,87555.1969000008],[397488.9001,86762.2990000006],[396818.5033,86866.6001999993],[396374.2999,86482.4000000004],[396812.7999,86595.1991000008],[396484.1005,86470.7984999996],[396752.5998,86045.0997000001],[396808.9965,86493.3008999992],[397615.7008,86605.3993999995],[398318.4891,87192.4843000006],[398349.3965,87218.3033000007],[398316.3052,87177.4511999991],[397989.9036,86774.5003999993],[398194.9004,86873.5009000003],[398216.5294,86490.3200000003],[397785.2892,85974.8707999997],[397965.0329,86042.0535000004],[398014.27,86060.4568000007],[398059.6002,86077.3999000005],[398337.9029,85883.7952999994],[398169.3986,85367.7030999996],[398485.101,85865.1004000008],[398258.4999,86118.5002999995],[398456.1001,86439.0998],[398609.8998,86286.8997000009],[398536.8974,86939.0033],[399287.0001,87013.9009000007],[399813.4998,86461.0998999998],[399179.5989,86060.9044000003],[399430.3001,86116.8993999995],[399419.1016,85694.9101999998],[399589.4999,86194.8998000007],[400000,86287.1286999993],[400196.6003,86331.2997999992],[400393.701,85969.7005000003],[400000,85701.6089999992],[399962.1001,85675.8010000009],[400000,85641.1140000001],[400397.4037,85277.3997000009],[400667.0006,85894.6008000001],[401624.4008,86366.2985999994],[401138.1988,85582.9008000009],[401454.503,84910.8037999999],[401883.3039,85054.3027999997],[401636.2991,84400.0999999996],[402020.5008,84955.1000999995],[402349.2002,84537.5000999998],[402138.0003,85528.9001000002],[402676.2974,85647.3029999994],[402827.4999,86139.2002000008],[403059.8988,85854.4036999997],[403640.5985,86720.0958999991],[404193.4209,85961.7958000004],[404210.36,85927.9951000009],[403467.7993,84084.7000999991],[403537.4232,83687.5305000003],[403500.411,83378.7970000003],[403618.7512,83223.5952000003],[403673.8998,82908.9999000002],[404280.0015,82336.1997999996],[405486.7995,82486.7988000009],[405465.1137,82445.6414000001],[404354.6322,81125.1362999994],[404071.255,81055.0342999995],[403369.4931,79999.9794999994],[403222.9842,79779.4614000004],[403157.298,79701.352],[403158.8694,79682.9587999992],[403138.4999,79652.2995999996],[403146.8909,79622.5770999994],[403124.502,79588.5140000004],[403240,78733.3100000005],[403402.0315,78718.8324999996],[403420.9006,78651.9954000004],[404052.0998,78640.6993000004],[403923.3684,78487.0826999992],[403571.18,78222.0309999995],[403569.2112,78064.4627999999],[403451.0033,77923.4039999992],[403540.2599,77205.6757999994],[398230.81,76587.3000000007],[396289.0258,75244.8622999992],[396208.0698,75216.0624000002],[395620.5047,76929.7419000007],[395610.7005,77053.9028999992],[395579.4881,77049.3698999994],[395556.901,77115.2469999995],[394736.4278,77194.1087999996],[394731.719,77199.7542000003],[394661.275,77308.8149999995],[393513.7371,77429.0321999993],[393132.56,77606.0699000005],[392864.0284,77497.0964000002],[392804.401,77503.3430000003],[392826.6387,77853.6722999997],[392770.6771,77517.1734999996],[392029.5206,77859.1722999997],[390653.2,79184.0999999996],[390616.0225,79165.1349999998],[390585.401,79221.4013],[389762.3998,78764.6001999993],[389663.3138,78856.7410000004],[389669.29,78990.5999999996],[389517.3426,78992.4806999993],[388933.5,79535.3998000007],[387901.3561,79507.0370000005],[386645.6415,80102.7576000001],[386438.2257,80242.0237000007],[386435.7573,80243.6809999999],[386333.0191,80251.0680999998],[386123.87,80350.2899999991],[385836.1428,80286.7943999991],[385438.2992,80315.4000000004],[384503.9024,80074.2982999999],[384483.7238,80051.9634000007],[384478.34,80050.5399999991],[384476.8998,80036.1317999996],[384451.3241,79999.9821000006],[384435.571,79977.7160999998],[382978.4514,79656.1588000003],[382817.9992,79675.3344999999],[382691.3888,79907.5285999998],[382689.8997,79989.8989000004],[382667.3014,79966.4416000005],[382665.21,79993.8399999999],[382653.3853,79977.2241999991],[382641.693,79998.6669999994],[382538.8657,79833.1238000002],[382442.1923,79732.7756999992],[381777.0151,79957.3767000008],[381656.3422,79999.9891999997],[380778.9991,80309.8004000001],[379999.9717,80386.7828000002],[377162.1817,80667.9214999992],[376138.4992,81421.2997999992],[376041.2687,81416.0384],[373420.2793,81584.0205000006],[372260.3001,81962.2990000006],[372199.2324,81948.4864000008],[372181,81954.4000000004],[371912.8165,81883.7034000009],[371205.6631,81725.9576999992],[370702.9911,81758.1744999997],[370155.8997,81887.1002999991],[370049.4234,81800.0624000002],[370000,81803.2300000004],[369898.5067,81676.6972000003],[368907.8392,80866.8870999999],[368698.2027,80594.5993000008],[368685.1356,80568.4275000002],[368401.3479,80000.0354999993],[368074.9997,79346.4002],[368221.2012,78866.5040000007],[368689.8498,78907.3230000008],[368692.914,78906.3901000004],[368198.2997,78403.2003000006],[368199.2199,78377.8278999999],[368193.3,78374.7799999993],[368279.1867,78139.2039000001],[368286.7158,78118.2653000001],[368289.05,78112.1500000004],[368330.5052,78090.4038999993],[368316.55,78067.4499999993],[369301.7407,77576.0063000005],[369418.1118,77513.2805000003],[369214.8149,77601.9592000004],[368258.1967,78044.7992000002],[368235.0962,78029.3155000005],[368227.7725,78025.6380000003],[368220.6745,78018.0646000002],[368092.2701,77906.3029999994],[367196.002,77158.2029999997],[367094.0024,77003.6972000003],[366726.7014,76209.3046000004],[366651.6961,76195.5985000003],[365566.3009,76934.3945000004],[364788.7012,77642.1997999996],[365016.0991,78244.8010000009],[364616.299,78692.4998000003],[364233.5026,78612.6972000003],[364124.9,79181.1998999994],[363901.381,79114.3724000007],[363752.2998,79069.8002000004],[363485.501,79923.5007000007],[362481.0002,79886.9999000002],[362364.3404,79999.9749999996],[361505.7968,80831.4016999993],[361273.0001,80720.9000000004],[361061.6008,81005.4012000002],[361422.6044,81029.3046000004],[361529.9966,81386.5013999995],[360626.6997,81387.3008999992],[360461.0981,82312.8975000009],[360000.0012,82198.9715999998],[359769.4034,82141.9964000005],[357786.4998,83443.2997999992],[357806.7992,83985.2994999997],[356871.5,83998.2996999994],[360000.0061,81408.0095000006],[361700.6357,79999.9495000001],[363526.8863,78487.8797999993],[364524.9559,77661.5141000003],[366821.1988,75483.8026999999],[366853.7984,75961.1988999993],[367367.5924,74930.4646000005],[367478.2,74693.3000000007],[367482.8351,74691.6706000008],[368513.9005,74379.5993000008],[368670.3339,74432.6435000002],[368800.88,74404.0999999996],[368863.0351,74497.9856000002],[369010.7577,74548.0760999992],[368992.6,74495.6999999993],[369147.1675,74560.6688999999],[369163.0538,74559.4064000007],[369027.7001,74495.8950999994],[369173.2719,74421.7070000004],[369118.72,74375.9600000009],[369240.594,74387.3975000009],[369406.1978,74303.0002999995],[370179.5195,74472.3533999994],[369738.9013,74232.5001999997],[369789.543,74149.8351000007],[369756.6,74123.4000000004],[370566.5966,72441.6469000001],[370645.7012,72241.9002],[370631.2328,72185.4287999999],[369139.9805,70165.7186999992],[369112.4,70137.6999999993],[369105.5612,70119.1020999998],[367835.4495,68398.8984999992],[367710.1215,68304.8472000007],[368086.8989,72508.4645000007],[368242.9022,72977.3997000009],[368231.487,73043.7477000002],[368322,73334.5],[368308.1381,73349.3946000002],[368312.15,73362.6999999993],[368176.4772,73507.8674999997],[368184.65,73599.0500000007],[368125.7902,73658.0852000006],[368116.4971,73712.0994000006],[364423.7055,77547.9486999996],[364104.1918,77819.7833999991],[363474.7474,78400.6565000005],[363080.4451,78718.4638999999],[362613.6,79186.6999999993],[361176.0325,80310.9923999999],[360000.0069,81311.5272000004],[358316.4002,82743.9001000002],[356477.8327,84040.1645],[355883.21,84519.4299999997],[355511.651,84740.9901000001],[355180.47,85000],[354868.1369,85175.0650999993],[353981.8982,85799.8992999997],[346415.5968,90191.1717000008],[346217.3946,90292.1677999999],[346314.86,90459.5999999996],[346202.5892,90299.7098999992],[345252.8999,90783.4997000005],[345085.6309,90827.3394000009],[345048.851,90851.0109999999],[344513.7804,90978.7638000008],[344068.9531,91228.0930000003],[341291.0644,91848.1776999999],[341237.094,91873.0160000008],[341207.5708,91866.8153000008],[340614.0188,91999.3089000005],[339999.9787,92160.2433000002],[336971.8012,92953.9014999997],[336948.4973,92952.8956000004],[336440.3463,92930.9626000002],[335980.12,93033.6950000003],[335763.7676,92901.7598000001],[335104.4002,92873.2999000009],[334821.1099,92625.2352000009],[334639.886,92529.3000000007],[334633.4443,92460.9047999997],[333947.9003,91860.6044999994],[333929.772,91783.3596999999],[333299.5045,91399.0123999994],[333215.4365,91391.8191],[333189.3959,91389.5993000008],[332846.9012,91190.9623000007],[330042.9864,89981.3253000006],[329825.2001,90010.3002000004],[329543.8015,89822.5649999995],[328647.3658,89394.3487],[328048.2818,89285.0210999995],[327203.3246,89429.5192000009],[325604.5999,89741.3001000006],[325180.3451,89804.6527999993],[324763.8616,89784.6765999999],[324343.1973,89793.5823999997],[324178.3002,89755.9367999993],[323837.3003,89739.2002000008],[323772.0332,89666.6975999996],[323727.4,89670.9000000004],[323715.27,89650.2280000001],[323654.7,89636.4000000004],[323183.4382,89159.3217999991],[322945.0984,89008.1005000006],[322678.7276,87883.7536999993],[322664.8406,87860.0874000005],[319999.9988,87888.3094999995],[316399.4208,87925.6863000002],[316051.2944,87861.5913999993],[315945.2,87861.8000000007],[315645.2218,87786.8278000001],[312923.6947,87285.7568999995],[312906.9953,87282.6822999995],[310944.0338,86566.5671999995],[310930.6991,86561.7013000008],[310316.6091,85805.6199999992],[309634.28,85069.25],[309573.4473,84890.6226000004],[309279.8997,84529.2002000008],[309037.2275,83474.6297999993],[308327.6269,82513.1632000003],[307719.9999,81902.7999000009],[307707.2021,81946.8017999995],[307630.0042,82125.2977000009],[307542.3004,82348.0983000007],[307499.8989,82448.6926000006],[307469.2128,82525.3629000001],[307573.6,82081.1001999993],[307305.9999,82067.8998000007],[307657.0998,81913.8998000007],[306564.2002,81803.1001999993],[304821.2242,80991.3200000003],[304738.777,80970.9499999993],[304722.6538,80945.4781999998],[304651.3836,80913.5106000006],[303976.357,80400.0759999994],[303978.4951,80372.9431999996],[303932.5002,80336.1000999995],[303933.0718,79999.9727999996],[303933.5838,79698.8860999998],[303827.0273,79530.5456000008],[303444.7031,79799.4968999997],[302820.4775,79652.7466000002],[302059.84,79477.1500000004],[299366.8559,80747.3516000006],[299417.7414,80909.0318999998],[299886.5001,81162.9997000005],[299951.5745,82004.3438000008],[299980.4677,82012.4340000004],[299968.3181,82025.6272999998],[299980.78,82029],[299965.6421,82028.5331999995],[299958.8662,82035.8913000003],[299956.0541,82038.6961000003],[299955.5004,82055.1012999993],[299498.974,83021.2172999997],[299463.3997,83096.5008000005],[298794.9005,83916.0994000006],[297500.138,87426.034],[297543.9411,87627.1666999999],[297604.6543,87910.4970999993],[297579.1996,87958.7014000006],[297542.1557,87905.8078000005],[297510.959,87714.9440000001],[297191.24,87155.5399999991],[296972.18,87247.1799999997],[296451.95,88025.1500000004],[295564.6011,88949.2994999997],[295282.1077,88925.2988000009],[295481.2989,88814.3994999994],[295711.5958,88305.2509000003],[295753.504,88212.5987],[296254.6965,87985.1038000006],[296335.74,87937.4199999999],[296338.5002,85949.8999000005],[296587.4481,85676.4682],[296591.7036,85671.7941999994],[296571.9561,85584.4747000001],[296704.2193,85548.2127],[297146.8039,85062.1005000006],[297395.1342,83539.2340999991],[297398.303,83519.8019999992],[297733.6708,80709.0350000001],[297734.4375,80702.2653999999],[297813.9759,80000.0139000006],[297875.8258,79453.9363000002],[297833.35,79427.5999999996],[297876.469,79447.2752999999],[297929.3007,78981.8004999999],[298831.234,79670.023],[298986.238,79642.5337000005],[299096.144,79946.9700000007],[298872.394,79968.0240000002],[299111.977,80268.7369999997],[299426.525,80385.6410000008],[299289.2138,80000.0079999994],[299044.196,79571.1050000004],[298226.51,78723.4299999997],[298220.519,78701.8772],[297039.4667,77269.4551999997],[296867.0998,77144.2003000006],[296488.7575,76610.8629999999],[296416.7496,76547.8168000001],[296366.4522,76453.1994000003],[296238.15,76297.5899999999],[296234.093,76251.8705000002],[296194.1036,76195.4986000005],[296188.1606,76117.8048999999],[296096.39,75945.1699999999],[296097.7478,74935.8337999992],[296082.2016,74732.5973000005],[296025.3137,74685.5573999994],[295477.2473,74436.3214999996],[295224.3684,74023.2650000006],[295060.3005,73887.5991999991],[295077.1012,73878.6032999996],[295090.8979,73868.6045999993],[294333.3905,72785.6116000004],[294207.41,72647.6109999996],[294177.1014,72562.1681999993],[294060.8012,72395.8961999994],[293786.8003,72309.8002000004],[293755.6741,72881.5914999992],[293753.3002,72925.2003000006],[293333.0014,72912.7982000001],[292461.6963,72906.4001000002],[292432.8408,72906.4634000007],[289636.5006,72912.5991999991],[289084.2132,72635.8542999998],[288346.0009,72567.8969999999],[288116.4996,72262.3044000007],[288093.4959,72253.7969000004],[287368.1037,72218.6969000008],[287870.6979,72172.0002999995],[287915.7427,72152.9203999992],[288186.4789,72038.2433000002],[290191.9959,72411.0019000005],[290936.3023,72063.7013000008],[290974.1456,72180.0727999993],[290977.2866,72189.7317999993],[291018.9011,72317.6999999993],[293118.0032,72545.2035000008],[293984.4412,72019.0416999999],[293312.0207,70123.4268999994],[293102.7698,69626.2359999996],[292626.3998,67355.7000999991],[292735.4067,66511.2983999997],[292773.7,66230.25],[292664.2685,65956.2352000009],[292623.5999,65750.7003000006],[293067.8733,65536.5080999993],[293292.071,65427.6128000002],[293584.867,65210.4119000006],[293852.5002,65074.7997999992],[293573.2001,64638.1002999991],[294217.2017,64470.9046999998],[294413.4008,63724.9993999992],[294994.9996,63738.4044000003],[294801.8009,63335.3010000009],[294240.898,63104.4957999997],[293330.1981,63280.8953000009],[292476.9991,62651.4955000002],[291969.902,63063.1941999998],[291929.2693,63061.5240000002],[291832.3362,63057.5395],[291570.05,63057.3499999996],[291956.2137,63503.3014000002],[291470.203,63487.8960999995],[291559.05,63103.8000000007],[291419.298,63248.3047000002],[291453.6352,63480.6306999996],[291217.0975,63710.9996000007],[290776.7484,63434.5507999994],[290758.0144,63390.6950000003],[290449.3985,62607.6980000008],[290426.5335,62588.5758999996],[289865.8056,62230.9540999997],[289826.4016,62205.9030000009],[289478.0505,61187.5311999992],[289475.9753,61181.4646000005],[289368.7008,60414.8955000006],[289472.195,60381.3984999992],[289614.8996,60346.6980000008],[289618.7992,60207.0585999992],[289624.5809,60000.0206000004],[289628.4676,59860.8412999995],[289502.835,59860.0986000001],[289355.6993,59808.7992000002],[289486.4001,58535.4036999997],[289490.824,58489.3052999992],[289588.7002,57469.3998000007],[289888.6681,57355.5374999996],[290166.7,57250.0017000008],[290294.0784,56989.6567000002],[290318.4,56945],[290701.7769,57090.9623000007],[290973.91,57196.7699999996],[291146.6998,57229.2975999992],[291238.4136,57224.3067000005],[291496.849,57214.2185999993],[291589.6986,57156.7982999999],[291795.3468,56996.0464999992],[291870.9957,56936.9130000006],[291873.4306,56935.0096000005],[291898.489,56939.5715999994],[292110.2,57027.8000000007],[292552.6489,56500.7323000003],[292728.1852,56409.7383999992],[293037.9633,56598.6654000003],[293124.7001,56651.2997999992],[293071.0395,56714.4208000004],[292978.0153,56825.0481000002],[292672.5156,57189.0918000005],[293172.0001,56650.8032000009],[293958.0018,56776.2972999997],[293974.2997,56778.0990999993],[294179.2992,56731.9000000004],[294224.5082,56710.2954999991],[294369.239,56709.2039999999],[294375.0617,56712.7430000007],[294677.7498,56645.2030999996],[294692.474,56640.5050000008],[294723.6492,56609.4679000005],[294740.7227,56625.9839999992],[294736.513,56506.7761000004],[294721.9974,56483.0011999998],[294556.9067,56400.4019000009],[294474.7931,56407.9002],[294429.277,56400.0844999999],[294355.4048,56396.4755000006],[294337.2997,56395.7968000006],[294243.9798,56257.6881000008],[294229.0004,56213.8981999997],[294224.9961,56153.3048],[294242.8018,56143.5994000006],[294264.3454,56035.1248000003],[294269.7,56012],[294289.0987,56003.0986000001],[294232.1457,55994.8055000007],[294195.6987,55990.0022999998],[294181.95,55994.0011999998],[294173.0905,55981.1335000005],[294077.5837,55910.9921000004],[294032.0194,55919.5431999993],[294021.7004,55935.3995999992],[294032.8685,55810.7918999996],[293978.0001,55780.0505999997],[293993.3219,55763.4245999996],[293994.6489,55747.8335999995],[293982.9524,55735.8334999997],[293909.1617,55700.5483999997],[293839.7013,55698.8998000007],[293839.8006,55713.3515000008],[293370.302,55503.3015999999],[293354.3743,55441.4478999991],[293259.186,55403.8550000004],[293275.4251,55134.8562000003],[293227.9007,54950.2999000009],[293597.98,54866.5500000007],[293638.7222,54775.9412999991],[292942.1007,54351.6104000006],[292901.1004,54339.9046999998],[292892.6498,54329.3213],[292890.7634,54326.9587999992],[292883.8244,54318.2686999999],[292330.4998,53625.3002000004],[292353.2271,53568.8253000006],[292311.868,53512],[292331.328,53482.8772],[292280.22,53409.5],[292491.3017,53225.7245000005],[292506.401,53188.2042999994],[291899.5998,52092.1999999993],[291946.3986,52026.7101000007],[291936.0685,52003.9166999999],[291934.96,52000],[292062.6541,51864.0228000004],[292292.9266,51541.7807999998],[292141.4458,50854.6161000002],[292094.8983,50724.4996000007],[291153.3001,50503.2997999992],[291001.1116,50010.9800000004],[290266.9121,49548.9458000008],[290204.9984,49533.5004999992],[289344.5014,50404.8004999999],[289115.0301,50278.2866999991],[288449.4469,50741.0516999997],[288323.2734,50829.2451000009],[288137.8013,50966.9879000001],[288382.5934,51155.3859999999],[288824.2974,51489.1015000008],[288482.2882,51381.6180000007],[288379.9102,51356.9169999994],[287986.8871,52638.6828000005],[287964.5087,52900.2650000006],[287970.3154,53119.2414999995],[288364.2814,53234.7562000006],[288369.6089,53235.7656999994],[288415.6964,53250.7963999994],[288233.6762,53232.4111000001],[288054.7742,53227.1980000008],[287885.0131,53829.4945999999],[287867.07,54039.2329999991],[287816.4679,54072.6867999993],[287763.701,54259.8988000005],[286934.9004,54818.3988000005],[288131.1008,56000.3998000007],[286171.2004,56279.0002999995],[285677.1,55954.0998],[284748.6003,56929.1998999994],[284697.8994,56602.5969999991],[284078.1006,56841.8984999992],[284246.3999,57214.8006999996],[283971.7004,57826.6967999991],[283057.8968,57575.1967999991],[283011.3998,57562.3998000007],[283006.5836,57512.2716000006],[282994.4038,57385.5029000007],[283983.0032,57399.3989000004],[283251.4,56517.2997999992],[281623.9015,56292.7957000006],[281233.803,56568.9966000002],[281872.804,56049.9991999995],[283865.5015,56627.4000000004],[284513.8071,55939.9026999995],[285817.7991,55556.0001999997],[285325.4982,55010.6030999999],[285914.8998,55166.4009000007],[286346.1997,55833.1997999996],[286780.6011,55644.6007000003],[286528.4009,55085.2006999999],[286721.9997,54628.7002000008],[287694.7224,53661.1648999993],[287689.7383,53639.9327000007],[287282.8994,52616.6994000003],[287048.7999,52758.6002999991],[286260.0108,52011.1543000005],[286200.736,51954.9863000009],[286184.5004,51939.6017000005],[287757.9,52347.0999999996],[287852.8301,51453.9437000006],[287869.5242,51300.9353999998],[287909.72,50764.0700000003],[287931.4597,50733.2708999999],[287935.199,50698.9982999992],[288137.4009,50360.3037999999],[288434.9547,50315.0976],[288822.4126,49557.0898000002],[288180.5988,48990.6993000004],[288281.6159,48776.4890000001],[288309.7706,48691.5612000003],[288279.4508,48641.5724999998],[287693.6765,48511.6929000001],[286987.5011,48509.4001000002],[286585.6555,48050.4874000009],[285902.4212,47849.4327000007],[285451.5969,47831.6975999996],[285409.2114,47781.9319000002],[283741.2995,45823.6012999993],[283298.2558,44884.7561000008],[283102.283,44620.3430000003],[283034.386,44325.5945999995],[282814.7341,43859.7459999993],[282721.6033,43393.0896000005],[282013.3674,39999.9694999997],[281776.097,38863.2200000007],[281802.4205,38779.3585999999],[281785.0998,38692.3997000009],[282100.0017,37712.4046],[283046.7841,37057.6810999997],[283056.8781,37043.3384000007],[282406.3008,37060.1000999995],[282356.7793,37015.6641000006],[280801.0277,37071.7781000007],[280159.7024,37176.0976999998],[279999.9952,36981.7872000001],[279976.9378,36953.7340999991],[278844.2132,36118.9968999997],[278554.8012,35971.5010000002],[278492.3246,35859.6800999995],[277806.4042,35354.2057000007],[277575.5023,35368.2951999996],[277530.8745,35295.1604999993],[277293.0199,35094.2118999995],[277263.4101,35072.9580000006],[276929.4029,35667.8994999994],[276731.3499,35618.0960000008],[276190.9995,36299.7815000005],[276139.2001,36422.1001999993],[273594.6785,37515.7953999992],[273601.7922,37527.5309999995],[274467.8988,38842.9002],[275950.4005,39191.5],[277002.5,38856.1001999993],[276083.3003,39346.7997999992],[276374.481,39507.9584999997],[275613.7797,39333.3550000004],[275042.5319,39346.3352000006],[274911.5289,39521.9723000005],[274987.68,39748.1116000004],[275136.0003,39844.7002000008],[275096.6954,40000.0317000002],[275086.3201,40041.0344999991],[274908.588,40523.3719999995],[275536.1,40530.6000999995],[275523.1006,41073.3004999999],[276283.5007,41188.3998000007],[275710.4998,41477.2999000009],[276822.1016,41807.7019999996],[276831.0874,41853.7278000005],[276832.6762,41861.8657000009],[276897.5012,42193.9012000002],[277524.9008,42592.5999999996],[276892.7041,42422.8958999999],[276629.2991,41932.8960999995],[275702.9995,41690.9954000004],[274853.2965,40909.9989],[275041.5985,41535.3001000006],[274506.6988,41659.8043000009],[274734.5465,43297.9903999995],[274741.5751,43348.5249000005],[274847.4991,44110.1000999995],[274306.5998,42799.8991],[273789.2002,43197.5998],[273790.981,43470.5199999996],[273570.7022,44021.2978000008],[273411.1034,43653.3037],[273516.8245,43598.2300000004],[273695.6,43505.0999999996],[273688.293,43443.3447999991],[273593.0028,42638.0011],[273960.5,42575.7992000002],[274120.4006,41817.6994000003],[273803.7002,41515.0956999995],[272820.4012,42166.5995000005],[272879.6005,41779.8999000005],[273449.4997,41608.6995000001],[273632.4003,41181.1006000005],[272640.8001,40976.7997999992],[274088.4129,40841.7514999993],[274294.6163,40771.7675000001],[274499.5208,40000.0044],[274677.7,39328.9006999992],[274673.0111,39327.1840000004],[274222.5622,39493.4094999991],[274028.7005,39758.9992999993],[273515.1999,39702.9998000003],[274019.1024,39563.9042000007],[274146.5,38863],[273159.6441,38128.6350999996],[273003.3998,38143.3006999996],[273011.4453,37890.0803999994],[272945.458,37783.8609999996],[272815.1707,36563.0240000002],[272622.8003,36542.4001000002],[272749.3076,36095.2184999995],[272753.161,36067.0768999998],[272674.1883,36046.8676999994],[272130.3123,36175.5601000004],[271718.7963,36521.4951000009],[270964.0189,36657.6324000005],[270174.0097,36814.2886999995],[269985.4899,36957.0929000005],[269757.7,37551.6001999993],[269185.2087,37947.0080999993],[269158.9,37982.5999999996],[269058.1945,38040.8635000009],[268985.599,38130.2100000009],[268636.058,38326.2950999998],[267963.0968,38791.0954999998],[267804.3422,38792.8701000009],[267038.3032,39222.6018000003],[266888.6331,39379.8442000002],[266958.9893,39622.2625999991],[267539.0001,39727.6999999993],[267443.0367,39892.1698000003],[267433.3881,39999.9964000005],[267404.2041,40326.1392000001],[267656.2989,41742.7004000004],[267371.4972,42140.3967000004],[267290.7168,42127.4879000001],[266056.9038,43486.5204000007],[266156.0998,44117.8001000006],[266585.1663,43966.2442000005],[266820.5138,43883.1141999997],[266824.0761,43881.8559000008],[266994.1,43821.7996999994],[267296.5999,44692.3003000002],[268150.3998,45096.4005999994],[267994.7804,45120.8290999997],[267973.3074,45124.1998999994],[267720.4003,45163.9002],[267749.8999,45950.0000999998],[267828.3985,46024.9872999992],[268187.1932,46367.7326999996],[268925.6994,47073.2047000006],[269182.8,46877.2003000006],[270091.5,47230.4001000002],[269156.3,47015.5],[269498.6996,47279.0956999995],[269219.0005,47203.6985999998],[269282.2983,47445.0983000007],[269103.9,47164.7996999994],[269088.6003,47472.6997999996],[268412.7,46816.7981000002],[268055.7817,47098.1380000003],[268030.4633,47121.9140000008],[268038.5804,47106.6688999999],[268280.3997,46652.4952000007],[267416.4998,45923.6996999998],[267568.5003,45159.5000999998],[267296.4614,44767.4480000008],[267292.9028,44762.3194999993],[267113.8,44635.9000000004],[266996.7164,44335.4671],[266793.5002,44042.5997000001],[266175.0988,44431.6997999996],[265071.8003,44143.6001999993],[264870.6959,44862.2975999992],[264437.3064,45123.5366999991],[264032.8867,45538.9110000003],[263366.6703,45768.8961999994],[263172.3998,45885.9988000002],[261655.5015,45805.5989999995],[261628.8994,45964.7462000009],[261619,46339.8000000007],[261559.9333,46377.3355],[261457.5968,46989.5627999995],[261472.3127,47034.0496999994],[262054.671,47891.9389999993],[262059.6919,48209.0217000004],[262209.1876,48507.6520000007],[262327.6849,48744.3604000006],[262364.9997,48818.8998000007],[262859.0994,48945.0997000001],[263448.7003,49736.8998000007],[262824.6016,49094.6961000003],[262284.2027,49019.1972000003],[262973.3012,50308.5986000001],[263016.8022,50648.1013999991],[262991.1867,50574.2931999993],[262973.6819,50524.0366999991],[262815.96,50073.8200000003],[262678.5068,50024.7599999998],[262419.5959,49928.5974000003],[262193.54,49526.4865000006],[262111.4038,49442.0965999998],[262116.8484,49390.0666000005],[262040.2993,49253.9002],[261968,48050.9999000002],[261928.4431,48017.5066999998],[260956.5276,47194.5767000001],[260334.2,46748.5999999996],[259509.2,47055.1999999993],[258575.7106,47126.5576000009],[258259.4002,47182.5000999998],[257576.7275,46680.2141999993],[257116.9797,46611.5277999993],[256669.8036,46685.3957000002],[256586.3723,46532.2548999991],[256509,46520.3513999991],[256162.7,45796.9000000004],[254168.3951,45867.2340999991],[253946.3185,46112.6179000009],[253908.6,46236.3000000007],[253624.7001,46129.6996999998],[253376.4998,46541.1999999993],[253004.5275,46686.6477000006],[252924.376,46770.2650000006],[252917.2967,46771.2838000003],[252904.505,46772.3234999999],[252742.4952,46789.1068999991],[252340.9693,46946.1105000004],[252559.505,47496.3239999991],[253889.602,47532.8032000009],[254232.3002,47895.1002999991],[254811.4001,47593.5],[255428.7,48013.7006999999],[254521.2973,47835.2965999991],[253915.9997,48141.9998000003],[254667.0002,49113.2002000008],[254434.7984,49213.5021000002],[254715.517,49787.3320000004],[254740.731,49826.6041000001],[256662.3995,50958.3012000006],[255184.462,50789.8554999996],[255038.6608,50590.3443999998],[254806.7103,50272.9485999998],[254513.7002,49872.0001999997],[254130.2,50343.0991999991],[254113.9998,50761.5000999998],[253625.7097,50711.4002999999],[254026.404,50550.7993000001],[254388.7002,49558.3001000006],[254275.6953,49271.8223999999],[254103.6298,48835.6208999995],[253772.68,48540.0899999999],[253675.036,47749.0965999998],[252654.7963,47932.3673999999],[252257.626,48285.7559999991],[252213.331,48274.4374000002],[252207.07,48279.4100000001],[252139.0339,48255.4524000008],[252101.9486,48245.9760999996],[251705.8961,48483.0435000006],[251705.485,48487.3029999994],[251699.5962,48486.7683000006],[251653.8997,48511.7003000006],[251251.1452,48446.0530999992],[250537.899,48381.2970000003],[250527.1107,48362.5288999993],[250473.7,48356.8000000007],[250456.428,48327.2715000007],[249921.8872,48423.2938000001],[249677.9006,48735.4993999992],[249246.0997,48749.5998999998],[249038.1002,49443.2000999991],[249102.2825,49769.7864999995],[249241.21,49878.3800000008],[249229.2456,49957.8552000001],[249246.82,49976.4000000004],[249219.7079,50021.2112000007],[249190.2064,50217.1798],[249259.7999,50571.3002000004],[248689.272,50660.8920000009],[249030.7281,51785.6608000007],[249046.4011,51802.3274000008],[249045.946,51805.3999000005],[248876.4997,52949.2999000009],[248747.6537,53005.5629999992],[248741.307,53032.3310000002],[248561.0722,53097.1196999997],[248483.7402,53308.8723000009],[248717.302,53369.3025000002],[249264.1002,53034.6000999995],[249578.7998,53306.3003000002],[249745.4999,52614.3002000004],[250335.9381,52856.9405000005],[249839.1003,53193.5028000008],[250118.5004,53980.0989999995],[250886.8949,53989.1949000005],[250170.997,54126.0958999991],[250837.099,55424.6041999999],[251794.6626,56068.4034000002],[251948.6,56171.9002],[251616.9998,56343.5999999996],[250479.5916,55446.8881999999],[249742.0971,53540.7034000009],[249217.4997,53434.5999999996],[248387.3017,54009.9990999997],[248354.5493,53664.8290999997],[248351.4,53671.25],[248334.8347,53667.8639000002],[247494,53797.3000000007],[247464.5722,53770.9450000003],[247459.047,53771.6040000003],[247032.7222,53591.5766000003],[246978.0971,53595.7977000009],[246960.8,54010.1000999995],[246158.4989,53246.1291000005],[246108.9631,53564.9777000006],[246285.5002,53757.9002],[246040.297,54107.5324000008],[246027.8445,54087.1161000002],[246014.6709,54088.5034999996],[246009.5992,54095.2047000006],[246006.4481,54089.2052999996],[245011.173,53967.3570000008],[244675.2063,54206.6673000008],[244677.3507,54214.2321000006],[244913.4,54430.25],[244731.4918,54405.2254000008],[244790.3,55257.0999999996],[244930.6779,55374.5894000009],[244935.97,55398.3300000001],[244684.8261,55891.3472000007],[244811.0303,56109.2815000005],[244594.0234,56069.6007000003],[244233.565,56777.2118999995],[245022.5717,57360.1120999996],[245176.9964,57474.1974999998],[244944.2128,57429.4032000005],[244107.1998,56993.1952],[244000.613,57084.8625000007],[243406.3,57897.5],[243784.1999,58206.0001999997],[243573.38,58362.5999999996],[244158.4903,59999.9776000008],[244370.7037,60612.5990999993],[244801.2002,60493.7997999992],[244832.2002,60480.9000000004],[245531.8003,60277.3001000006],[245995.2033,60387.5035999995],[245741.6,60549.6999999993],[245486.2,60344.4000000004],[245355,60580.5],[244882.84,60726.0099999998],[244559.2,61026.5998999998],[245591.2,61591.2996999994],[246553.699,63296.8007999994],[246987.3998,62963.0001999997],[246601.7003,63412.3991999999],[246858.4264,63721.1492999997],[246863.4068,63727.1389000006],[246965.2143,63849.5770999994],[247154.3999,64077.0999999996],[247020.5786,64614.7227999996],[246998.16,64249.1899999995],[246763.11,63982.8499999996],[246478.5037,64087.1016000006],[246074.8,63597.3998000007],[244916.3041,61663.3982999995],[244517.8999,61792.3998000007],[244496.0003,62407.1998999994],[243968.6003,62951.3002000004],[243888.8999,63837.0998999998],[244216.0009,63852.5009000003],[244270.8001,63454.7997999992],[244371.0004,63988.2015000004],[243820.6012,63938.3990000002],[242855.8963,65508.3977000006],[242219.9,65395.6001999993],[241955.3,64352.2599999998],[241646.87,64284.4800000004],[241409.33,64490.4600000009],[241245.6296,65102.7068000007],[241244.5847,65179.2183999997],[241170.3847,65214.6248000003],[241073.8546,65253.2353000008],[240914.1031,65312.5879999995],[240936.6172,65251.6784000006],[241197.4133,64546.1229999997],[241269.5001,64351.0998],[241817.3988,64065.6005000006],[242705.0035,65086.9982999992],[243107.1989,64157.2009999994],[243092.1998,62984.8001000006],[243618.4259,62651.8015000001],[243635.7206,62588.2531000003],[243463.4997,62418.3010000009],[243880.58,62012.5],[243849.196,61803.8491999991],[243577.8,61226.0998],[242624.3999,61224.9001000002],[242325.4044,60824.2047000006],[242323.6322,60821.8297000006],[241991.1988,61897.4997000005],[241262.7032,62267.5954],[241950.704,61846.5958999991],[241839.2169,61252.1499000005],[241836.6006,61238.1999999993],[242135.5006,60760.0968999993],[241724.9001,60752.4998000003],[242186.6059,60634.4337000009],[242189.3603,60633.7292999998],[242209.4011,60628.6044999994],[242231.0031,60747.9003999997],[243133.0002,60724.0001999997],[243021.9738,60000.0232999995],[242986.4989,59768.7003000006],[242973.5385,59758.0063000005],[243280.8636,58998.5179999992],[243256.4469,58871.8265000004],[243253.7919,58858.0505999997],[243230.0609,58734.9168999996],[243129.3298,58626.1438999996],[242866.9651,58479.8233000003],[242804.7027,58445.0996000003],[242916.2113,58396.0109999999],[242903.37,57840.9000000004],[242069.3618,57569.2796],[241995.6973,57545.9968999997],[241651.9302,57282.8392999992],[241606.7185,57263.4739999995],[241691.8007,57636.0998],[241452.8945,57885.7208999991],[241219.1016,58129.9995000008],[241392.5999,57246.7999000009],[240600.6994,56775.1987999994],[240212.0001,57064.4002],[240371.2966,57305.1959000006],[239999.9699,57270.7703000009],[239997.0527,57270.4998000003],[239999.9699,57267.5107000005],[240319.7003,56939.8999000005],[239999.9789,56723.3830999993],[239959.1002,56695.6997999996],[239999.9799,56683.8224999998],[240488.7997,56541.7996999994],[239999.9908,56244.0602000002],[239851.8001,56153.7953999992],[238650.8003,56611.3011000007],[238656.5997,55757.7996999994],[238243.5019,55491.1951000001],[237710.2,56293.0997000001],[238015.7999,56719.7999000009],[237667.1999,56338.4998000003],[237396.7001,56695.5001999997],[237893.9983,57090.6962000001],[237512.0003,56837.4002],[237470.9999,57156.1917000003],[237371.2991,56739.3989000004],[237294.5997,57020.7002000008],[237757.9959,57591.0833000001],[237773.9101,57610.6715999991],[238009.7,57900.8995999992],[237890.861,57829.8331000004],[237216.399,57426.5006000008],[237062.2993,56865.4011000004],[236525.6368,57265.9688000008],[236523.1018,57267.8609999996],[236491.6995,57291.2997999992],[236405.5314,56945.3186000008],[236366.4999,56788.5999999996],[236108.7177,56971.1587000005],[235991.6001,57054.1001999993],[235988.1112,56981.6585000008],[235977.4023,56759.3022000007],[236909.4016,56685.2032999992],[236868.8687,56525.0459000003],[236934.2027,56622.0013999995],[238167.6999,55208.5000999998],[238818.2003,55278.4002],[237836.401,54909.6007000003],[237954.7001,54686.0998],[238665.6003,55019.4001000002],[238905.7003,54637.9010000005],[238954.0999,55215.8000000007],[239364.0998,55415.5001999997],[239999.9705,55204.5521000009],[240163.1997,55150.4013],[240163.9002,55464.7015000004],[241317.785,56188.7993999999],[241185.1993,56561.0997000001],[241526.0003,56885.6002999991],[241724.5837,56915.5825999994],[241802.67,56856.2400000002],[241987.5434,56955.2844999991],[242884.3812,57090.6898999996],[242892.298,57084.9115999993],[243481.1105,56603.3400999997],[243585.4537,56510.7932999991],[243381.2269,56421.6510000005],[243087.4009,56293.3998000007],[243161.1321,56262.7649000008],[243763.0007,56012.6919999998],[243768.5591,55994.2884999998],[243494.5997,55566.4999000002],[243981.99,55287.6381000001],[244086.968,54940.0654000007],[244024.8976,54745.9984000009],[243631.2565,54605.5391000006],[243552.3987,54577.4010000005],[242869.8418,54953.0975000001],[242864.1937,54956.2063999996],[242875.1934,54935.3365000002],[243099.0998,54529.3000000007],[242261.6995,54236.2042999994],[242073.7213,54461.5177999996],[241833.6993,54255.4002],[241132.7377,54181.5196000002],[241017.7031,54169.3950999994],[240824.0003,53707.0000999998],[241124.5001,53936.1992000006],[242383.4003,53718.3002000004],[241909.9993,53340.6006000005],[242946.6003,53384.3998000007],[243196.699,53658.7999000009],[243839.9031,53369.3025000002],[243861.6001,52766.6998999994],[243296.9001,52199.0987],[242906.1012,52437.7997999992],[242964.4004,52013.4002999999],[244124.3002,52373.0987],[244057.2006,52714.4002999999],[244579.6439,53068.0452999994],[244816.8752,53183.6081000008],[245307.5655,53403.0842000004],[245716.9182,52780.6735999994],[245922.929,52292.0407999996],[245801.9598,51884.4912999999],[244984.2485,51375.0406999998],[244397.0991,51285.8998000007],[243437.5026,50430.4038999993],[243451.4041,50053.1017000005],[243571.1984,49950.1289000008],[243577.939,49914.9639999997],[243847.1458,49698.9835000001],[244291.6179,48810.9857999999],[244302.5001,48706.8983999994],[242722.7003,48826.3999000005],[241947.4999,48438.5],[241840.3058,48092.9587999992],[241755.7266,48636.8745000008],[241778.86,48673.8399999999],[241745.5338,48702.4228000008],[241692.3219,49044.6205000002],[242087.2002,49304.0001999997],[242053.9994,49705.9006999992],[241494.8844,50314.3114999998],[241483.827,50385.4199999999],[241406.7548,50429.0556000005],[241271.9,50605.5],[241150.076,50689.5208000001],[240362.9,51546.1001999993],[239999.9775,51781.9174000006],[237720.9,53262.7997999992],[236833.9913,53456.7237999998],[236808.779,53471.5],[236383.7763,53555.1640000008],[235571.5205,53732.7642999999],[235358.419,53853.4149999991],[234976.5204,53862.8614000008],[234772.5391,53907.4620999992],[234125.3486,53883.9155999999],[232571.2565,53922.3567999993],[232565.107,53923.7400000002],[232561.4758,53922.5987],[231553.8527,53947.5228000004],[230336.6,54480.4998000003],[229322.113,54287.7621999998],[229288.723,54281.4186000004],[228651.018,54289.8609999996],[228606.8332,54280.9934999999],[228598.1,54281.0999999996],[228140.1498,54187.6651000008],[226797.3041,54078.3994999994],[226600.3827,53878.3162999991],[226596.724,53877.5820000004],[225720.0265,52984.2135000005],[225199.8977,55085.7011999991],[225206.374,54851.0621000007],[225210.2041,54712.2981000002],[225207.1117,54660.3892999999],[225162.9021,53918.2952999994],[224814.9023,53909.3992999997],[224522.9409,54386.0395],[224514.914,54400.1411000006],[224493.1971,54434.5976],[224167.0935,54465.6409000009],[223901.3433,54490.9389999993],[223820.3417,54498.6499000005],[223455.8076,54531.2884],[224463.2,54332.9001000002],[224834.4024,53780.4047999997],[225312.4016,53819.4036999997],[225704.5422,52933.3464000002],[225703.2859,52655.5613000002],[225667.8765,52534.8993999995],[225324.7947,52196.9964000005],[224113.9998,51664.0000999998],[224101.2339,51245.3123000003],[224062.4894,51064.0604999997],[222362.101,51589.3012000006],[222326.3941,51506.7566],[221096.8271,50947.7522],[220868,50970.3000000007],[220973.8932,50891.8620999996],[219447.2823,50197.8111000005],[219372.7008,50171.0979999993],[219354.7776,50173.0767999999],[216937.5268,51070.5726999994],[216592.2012,51249.9996000007],[215949.9038,51220.4976000004],[215814.8105,51073.5101999994],[215787.11,51068.5600000005],[215598.7835,50838.4637000002],[215137.898,50337.0006000008],[214572.3997,50920.0998],[214450.3058,50843.8816999998],[212845.0774,50499.7208999991],[212646.4882,50525.8211000003],[212387.7578,50967.9154000003],[212840.67,51271.3000000007],[212841.2261,51285.5171000008],[213783.9016,51606.5969999991],[213657.9589,51603.9454999994],[213792.9972,51653.8615000006],[213745.7195,51679.2603999991],[214453.3008,51963.4000000004],[213602.7155,51755.5733000003],[212935.87,52111.4299999997],[212892.9796,52073.0664000008],[212856.3003,52362.5999999996],[212918.6195,52505.8414999992],[213168.4998,53080.1951000001],[212549.6991,53038.5985000003],[212601.7989,54236.2042999994],[214326.008,54297.1539999992],[214618.7964,54307.5039000008],[212609.1001,54453.2996999994],[212849.497,56579.3036000002],[213841.0997,56853.9002999999],[214138.8996,57233.3966000006],[212692.2979,56656.9008000009],[212517.6993,55907.6959000006],[212226.1442,56243.8640000001],[212153.7784,56327.3029999994],[210955.0999,57709.4000000004],[210921.8941,57745.3666999992],[210846.5681,57822.8932000007],[211021.1493,57522.6191000007],[211570.0244,56595.1122999992],[211700.2965,56375.9518999998],[212452.1,55607.8998000007],[212378.6002,53804.5998999998],[212174.4999,53858.6997999996],[212478.9001,53574.7986999992],[212437.4996,52965.6993000004],[212884.2009,52727.7961999997],[212685.5473,51887.5273000002],[211449.8479,50782.2482999992],[211349.8,50757.5],[211350.9918,50693.8258999996],[211011.3434,50390.0252999999],[210211.6002,50420.7003000006],[209855.4519,49546.5835999995],[209793.4608,49429.4388999995],[208979.9995,50134.8991999999],[209285.1002,52094.0989999995],[208785.5971,52472.3991999999],[208683.2788,52833.5100999996],[208601.1963,53123.2028999999],[207845.0098,53164.5478000008],[207975.1,52887.5998999998],[207866.5953,52921.6450999994],[207591.7046,53007.8969000001],[207651.3433,52721.2243000008],[203919.5,51553.25],[203909.9164,51541.8537000008],[203893.0026,51537.1969000008],[203430.0012,51053.7952999994],[203144.3999,50566.8002000004],[203230.1998,49554.1999999993],[203589.7303,49169.6451999992],[204040.5261,47955.0829000007],[203350.997,48183.2970000003],[203243.0059,48065.9844000004],[202535.5936,47477.9854000006],[202518.9507,47452.4353999998],[201990.0999,47057.2997999992],[201740.3998,46447.2035000008],[201886.0636,46239.6063000001],[201859.8,46130],[201988.0044,46009.6565000005],[201770.422,45425.8793000001],[201728.6001,45386.6984999999],[201735.3433,45331.7624999993],[201532.88,44788.5500000007],[201535.4051,44773.8419000003],[201489.7003,44773.0998999998],[201536.5554,44767.1416999996],[201641.2542,44157.3013000004],[201551.2012,43917.9010000005],[202858.503,43304.4035],[202583.1002,43218.3991999999],[202636.6466,43156.2733999994],[202646.4163,43144.9384000003],[202730.4272,43047.2436999995],[202139.7044,42564.4379999992],[201865.9657,42430.8454999998],[201863.3,42429],[201769.7249,42302.1042999998],[201502.3998,42117.5000999998],[201284.1002,41639.4999000002],[201787.3612,41201.9028999992],[201717.5132,41156.5950000007],[201649.1741,41113.0272000004],[200525.7031,40433.6952999998],[200511.6049,40178.2962999996],[200496.8693,39999.9791000001],[200435.208,39253.8084999993],[199631.9093,40017.0146999992],[199458.1002,40435.1999999993],[199243.27,40451.9213999994],[199120.3105,40519.7190000005],[199078.43,40542.8699999992],[198165.7491,40713.5774000008],[198122.1029,40880.4974000007],[197790.8234,40783.7032999992],[197644.1467,40811.1375999991],[197470.504,41296.7982000001],[197402.3098,41267.0175999999],[197085.0665,41128.4766000006],[196558.8288,41121.4086000007],[195936.6003,41253.9002],[195149.3013,40753.2996999994],[194964.6347,40079.5105000008],[194933.324,40048.9113999996],[194557.276,39999.9814999998],[194455.2013,39986.6999999993],[193488.8178,38799.7506000008],[193455.4286,38794.7927999999],[193136.2002,38899.2999000009],[193097.0853,38741.6414000001],[192986.87,38725.2654999997],[192894.7771,38064.8772],[192397.4,37974.7997999992],[192367.6768,37541.5780999996],[191871.0984,37056.2862999998],[191781.9987,36990.5003999993],[191757.7057,36984.3321000002],[191540.2868,37251.7763999999],[191512.1001,37631.3998000007],[190769.8,38239.9999000002],[190184.4064,38080.0760999992],[189767.899,38079.1970000006],[189439.9164,37900.8530000001],[189418.972,37898.1779999994],[189408.2367,37883.6268000007],[189350.6084,37852.2907999996],[189038.4035,37766.9995000008],[188204.6998,36674.6999999993],[188231.9968,36289.2843999993],[187998.5326,35972.8336999994],[187821.1031,35969.8025000002],[187819.6056,35712.6094000004],[187315.5049,33206.6411000006],[186966.6004,32904.0003999993],[187077.3002,32232.0014999993],[186059.2001,31911.3003000002],[185839.5793,31686.4858999997],[185063.4793,30945.4754000008],[185026.2635,30957.0767999999],[184556.431,31863.8210000005],[184534.7262,32020.3725000005],[185447.9942,32162.6135000009],[185466.1989,32140.2994999997],[185475.878,32166.9563999996],[185501.84,32171],[186122.0264,33403.4835999999],[186210.3604,33414.5131999999],[186041.4971,33525.4026999995],[186299.0976,34069.5969999991],[185747.4003,34039.5000999998],[186721.7971,35217.3983999994],[186143.1999,34878.8953000009],[186124.4012,34698.7969000004],[185448.0004,34412.2999000009],[185803.3999,33781.2997999992],[185400.6999,33377.1007000003],[185422.9636,33224.2872000001],[184957.3032,33089.1938000005],[184835.7001,33136.7999000009],[184585.8671,32981.4359000009],[184007.7105,32813.7060000002],[183917.6784,32943.8263000008],[184619.7288,35706.2204],[184932.1983,35861.8039999995],[184933.599,36620.1967999991],[184750.7159,36088.3925999999],[184145.6303,35755.3232000005],[184089.0997,35735.2003000006],[183527.299,38114.9993999992],[183757.2001,38338.3003000002],[184112.7953,38162.2960000001],[183922.2031,38397.4980999995],[184152.844,38680.8934000004],[184255.81,38760.4399999995],[184260.4812,38813.1503999997],[184409.6999,38996.4998000003],[184351.5467,39840.7405999992],[184365.659,39999.9849999994],[184367.451,40020.2061999999],[185267.2615,40557.3469999991],[185479.6758,40640.5666000005],[185660.0001,40118.3000000007],[186506.197,40375.2019999996],[186656.4003,40012.9998000003],[186627.3998,40358.0000999998],[187399.9039,40555.9002999999],[187529.7375,40000.0017000008],[187540.5976,39953.5026999991],[187545.6237,40000.0030000005],[187609.6002,40591.9001000002],[188121.8002,40433.9997000005],[188206.1967,40694.9004999995],[187433.3999,40868.1001999993],[187380.1992,41184.5001999997],[188593.5002,41133.8048999999],[188504.5002,41408.3000000007],[188678.8002,41765.1001999993],[188513.2009,42025.5000999998],[188138.8008,41543.3988000005],[187691.0992,41800.7991000004],[187945.8992,41391.8006999996],[187278.6001,41248.8001000006],[187213.8002,40785.1999999993],[186704.1,40547.7003000006],[186004.5998,40414.5000999998],[185613.9998,40836.5],[185079.8376,40781.0930000003],[185048.1274,40973.3223000001],[184992.7002,41504.8000000007],[185322.198,42213.8957000002],[185134.9,42519.4000000004],[184658.3309,42723.4942000005],[185491.2001,43118.9999000002],[185535.2065,43332.5448000003],[185535.8706,43335.7673000004],[185545.3781,43381.9031000007],[185881.8202,45014.5174000002],[185886,45034.8001000006],[185932.0361,45097.3395000007],[186962.1984,46496.7996999994],[186605.8485,46208.6712999996],[186500.3855,46123.3987000007],[186122.7998,45818.1000999995],[185751.49,45121.9769000001],[185619.7001,44874.9002],[185152.1024,43876.2997999992],[185412.4,43386.3997000009],[184724.1013,43191.5957999993],[184198.0004,42495.6950000003],[183791.6042,43219.2274999991],[183769.6035,43258.3967000004],[183315.018,43560.7214000002],[183302.6635,43586.2177000009],[182999.2319,44576.8436999992],[182936.1436,44782.3920000009],[182715.7039,44911.4031000007],[182917.1349,44305.7068000007],[183426.6997,43217.7982999999],[182707.3953,43157.6699000001],[182620.3986,43150.3976000007],[182873.7322,43081.9058999997],[182892.0358,43076.9572999999],[183682.2997,42863.3001000006],[184057.9999,42361.8000000007],[183941.8016,41975.1040000003],[184584.6001,42486.6010999996],[184698.3811,42416.3279999997],[185043.3003,42203.3001000006],[184433.603,41608.6988999993],[184805.2197,40570.7744999994],[184568.7039,40478.1978999991],[184014.4003,40332.6997999996],[183787.1994,40838.3999000005],[183351.101,41037.1011999995],[182964.8029,40829.3022000007],[183308.7001,40908.8999000005],[183890.5001,40431.7000999991],[183126.2001,40096.0009000003],[184029.555,40069.3505000006],[184032.9024,39999.9616999999],[184056.4399,39512.0572999995],[184053.3075,39452.1659999993],[183820.6137,38918.5296],[183284.0997,39159.3999000005],[183475.3003,38816.2000999991],[183009.6853,38302.1575000007],[182897.6327,38341.6219999995],[182614.0991,38782.4995000008],[182887.5991,38137.9002],[182428.8003,38043.2999000009],[181833.1539,37168.3684999999],[181762.9106,37074.6057999991],[181867.4011,37619.8004999999],[181381.7002,38125.9999000002],[181297.4996,38996.8986000009],[181024.5011,38473.3964000009],[180127.6034,38967.0951000005],[180000.0275,38992.9774999991],[179154.7148,39164.4730999991],[179675.7661,38803.4322999995],[179726.9635,38767.9572000001],[179766.1104,38740.8319000006],[179796.9022,38719.4959999993],[180000.022,38658.5307],[180490.2362,38511.3954000007],[180583.4975,38483.4035],[180596.9306,38426.6916000005],[180736.3,37838.3000000007],[181675.3811,36950.2804000005],[181644.8606,36925.7949000001],[181979.4011,35991.7342000008],[181881.3978,35645.1728000008],[181566.0002,35422.5999999996],[180412.199,36114.1009999998],[181258.8999,35354.0998999998],[181821.8162,35385.1159000006],[182269.9134,35180.6032999996],[182562.5556,34363.5254999995],[182550.2001,34302.0998999998],[181816.5,33501.2997999992],[181566.2951,33524.5218000002],[180652.7478,34002.7506000008],[180520.497,34241.6976999994],[180000.0193,34220.7989000008],[179803.2014,34212.8959999997],[179339.5998,34636.8001000006],[179160.3001,34306.5998999998],[178936.2696,34410.6634],[178569.9988,34580.7984999996],[178913.7992,34306.6996999998],[178649.0001,34194.8011000007],[179641.4993,33910.0026999991],[179669.4827,33853.7226999998],[179695.3973,33801.6037000008],[179851.091,33773.5899999999],[179887.6968,33767.0035999995],[180000.0209,33902.7668999992],[180031.8842,33941.2793000005],[180073.5999,33991.6999999993],[180099.9349,33957.7204],[180756.0926,33111.0899],[180801.8107,33018.6100999992],[180848.2849,32954.9580000006],[180890.802,32896.7256000005],[181005.9002,32682.2040999997],[181019.4912,32675.8538000006],[181117.9079,32629.8692000005],[181178.5,32512.4000000004],[181264.5374,32539.9295000006],[181460.7,32404.5],[181508.3293,32447.4473000001],[181567.5,32419.8002000004],[181572.527,32505.3342000004],[181755.1506,32670.9935999997],[181745.0524,32693.6805000007],[181823.9208,32718.9160999991],[181800.95,32648.8000000007],[182061.0514,32584.4896000009],[182106.0824,32640.5719000008],[182287.9384,32863.3946000002],[182506.7139,32255.7043999992],[182749.6694,31569.6402000003],[182521.3108,31670.6931999996],[181838.6998,32055.4001000002],[181127.6779,31635.7455000002],[180276.75,31207.9499999993],[180297.6544,31145.8545999993],[180270.9361,31130.0851000007],[180246.3982,31115.6024999991],[180489.966,30570.1647999994],[180496.9973,30551.8957000002],[179999.9983,30271.2837000005],[178998.6071,29705.8853999991],[179136.1583,29521.4776000008],[179094.9012,28389.0030000005],[179773.5027,27860.6042999998],[178781.998,27053.9572000001],[178099.367,26992.6175999995],[177615.4981,27294.9962000009],[177424.7809,27192.2565000001],[177314.482,27246.2960000001],[176893.7165,26906.1710000001],[176844.9461,26879.8982999995],[176337.6767,26834.3161999993],[175947.486,26890.4898000006],[175599.7327,27499.9898000006],[175613.7999,27595.2008999996],[176293.7001,28046.1002999991],[175755.5031,28231.6981000006],[175502.1171,27634.5171000008],[175253.1227,27742.1450999994],[175223.4127,27753.3969999999],[175418.9405,27379.5678000003],[175160.0935,26806.4318000004],[174064.1372,26668.6107999999],[173942.1073,26899.2447999995],[174205.2993,27894.2002000008],[173914.5001,28426.5000999998],[173928.2004,27449.2009999994],[173708.5999,27284.0997000001],[173416.0995,27669.9995000008],[173764.3001,27174.0998999998],[173450.8012,26999.6005000006],[173723.4685,26727.7545999996],[173703.248,26600.3430000003],[173976.9961,26474.9908000007],[174124.5637,26327.8679000009],[173898.2126,26256.0855999999],[172133.9002,25909.9000000004],[171848.999,25943.1377000008],[172201.3983,25758.8935000002],[172126.978,25691.4766000006],[171565.9001,25183.1996999998],[171723.6013,24875.2995999996],[171682.7999,25227.7003000006],[172284.3983,25730.1041000001],[172329.6099,25748.0228000004],[172726.2016,25905.2039999999],[172699.1001,25487.4035999998],[172821.4003,25864.7000999991],[173978.4979,26118.0336000007],[174488.3319,26173.6777999997],[174938.9001,25328.8998000007],[174758.5917,26203.1744999997],[175897.8796,26327.5185000002],[175935.1091,26304.0782999992],[175866.942,26087.1972000003],[175816.36,25965.5399999991],[175832.3922,25977.2733999994],[175818.0999,25931.8007999994],[176248.4778,26232.2097999994],[176979.6435,26408.3225999996],[177635.2252,26290.8519000001],[178336.8076,25942.6755999997],[178725.5624,25591.5935999993],[178577.5038,25538.4506999999],[178227.5001,25616.1996999998],[177044.0994,24903.1004000008],[178123.85,25343.5779999997],[178380.9771,25325.6494999994],[178434.554,25211.1850000005],[178751.6586,25224.2113000005],[179195.0101,25059.4591000006],[179684.3991,24877.5990999993],[179770.0885,24938.9088000003],[180000.0059,25092.9810000006],[180048.6488,25125.7762000002],[180000.0016,24849.6179000009],[179724.1009,23283.3999000005],[180000.0073,23230.7981000002],[180566.9992,23122.7005000003],[180586.7576,23089.1790999994],[180943.992,22308.2583000008],[180762.5998,21772.7003000006],[181206.0002,21444.2000999991],[180583.1008,20961.7993999999],[180415.9179,20000.0109999999],[180329.6981,19503.9963000007],[179999.9991,19423.7697999999],[178859.7026,19146.2986999992],[178280.3997,18588.0997000001],[178499.6873,17896.4746000003],[178424.63,17694.3300000001],[178635.9907,17466.5787000004],[178650.6,17420.5013999995],[178319.8992,17424.5007000007],[178239.9244,17218.0745000001],[178234.93,17216.4299999997],[178162.1605,16991.7796],[178155.1757,16971.4296000004],[177864.5989,16172.1998999994],[177723.4006,16152.1138000004],[177629.1535,16194.8551000003],[177523.7839,16254.8551000003],[177520.32,16256.3100000005],[177507.5782,16249.9898000006],[176437.1302,16735.4407000002],[176382.4994,16795.6002999991],[175730.0306,16703.6232999992],[175720.6951,16702.6921999995],[175603.3002,16685.5998],[175611.9733,16608.9652999993],[175424.2128,16577.7423],[175265.7003,16725.0999999996],[173930.3318,16719.4629999995],[173915.2987,16719.3994999994],[173187.4998,16315.8001000006],[172787.3003,15656.2000999991],[172804.172,15483.0559],[172320.0772,14576.2114000004],[172159.7989,14477.0953000002],[172138.0782,14320.7458999995],[171960.2444,13963.7214000002],[171762.6,13757],[171742.7925,13702.1728000008],[171673.1012,13664.9977000002],[171455.4,13038.9002],[171529.817,12887.9745000005],[171662.5921,11922.3475000001],[171634.9018,11857.3950999994],[170825.3017,11985.1997999996],[170671.4303,11437.0879999995],[170584.0029,11443.5635000002],[170017.6526,11504.0917000007],[170015.73,11513.3699999992],[169915.8299,11512.1932999995],[169313.2077,12642.9235999994],[169287.5,12834.7953999992],[168008.799,13517.1000999995],[167535.6729,13444.2268000003],[167351.557,13511.3455999997],[167286.2547,13650.6649999991],[167396.9076,14156.3903999999],[167558.8991,14354.5001999997],[167455.0986,14422.3452000003],[167462.4107,14455.7643999998],[167476.9337,14519.2760000005],[167477.1,14522.9000000004],[167017.3191,15154.7584000006],[167058.2998,15204.2971000001],[166854.7999,15790.4002999999],[166832.6703,15802.4813999999],[166803.1213,15888.2694000006],[166800.75,15894.8000000007],[166708.9812,15870.0059999991],[166357.0579,16062.1287999991],[165949.7221,16621.9140000008],[165930.5764,16791.9548000004],[166009.6548,16961.3358999994],[166652.7003,17630.6011999995],[166611.8645,17715.9123],[166624.453,17736.2301000003],[166641.4793,17760.9817999993],[166644.8892,17765.6055999994],[166603.935,17828.9207000006],[166494.271,17999.3540000003],[166595.5673,18216.3245000001],[166877.0989,18579.8004000001],[166806.8572,18668.8945000004],[166845.7781,18754.4940000009],[166843.0935,18757.6637999993],[166217.4359,19535.6747999992],[166534.6967,19928.6048000008],[166507.289,19935.9464999996],[166389.2459,19967.5665000007],[166370.6417,20000.0269000009],[166131.628,20417.0559999999],[166020.5394,20466.9765000008],[165959.8303,20549.7688999996],[165849.9997,20792.2992000002],[165243.545,21037.7597000003],[165537.07,21698.5999999996],[165535.0169,21706.5599000007],[165604.9007,21825.3008999992],[165433.1287,22101.5796000008],[165384.07,22291.7799999993],[165192.7058,22576.9737],[165194.95,22699.1400000006],[164554.2149,23528.5288999993],[164433.3324,23708.6823999994],[164178.3199,24118.0150000006],[164175.2231,24122.9858999997],[163912.9377,24358.6195],[162861.0939,25719.2021999992],[162824.0265,25736.5305000003],[162868.1003,25835.5998],[162774.8097,25759.5878999997],[162029.9877,26108.5269000009],[162002.5952,26144.4013999999],[161567.9999,26585.3999000005],[160760.8001,26747.1002999991],[159999.986,26540.1498000007],[159530.4468,26416.7237999998],[159335.9004,26937.5994000006],[159041.6502,26926.0750999991],[158812.8726,27183.4634000007],[158734.7998,27407.5999999996],[157565.9004,28111.9013],[157433.5077,28024.4283000007],[157362.467,28009.8772999998],[157358,28011],[157356.168,28008.5870999992],[156960.3544,27927.5138000008],[156340.2003,28282.4002999999],[155907.4794,28056.3167000003],[155852.7006,28027.6963999998],[155866.7,27789.2999000009],[155623.0009,27939.9006999992],[154849.5,27511.6000999995],[154902.6964,28446.5965],[154018.8008,29242.0006000008],[153953.5436,29219.7989000008],[152701.1831,30338.8120000008],[152576.8997,30522.9999000002],[151977.1007,30418.8011000007],[151383.6956,30907.7980000004],[151251.6233,30947.8045000006],[151116.1572,30988.8389999997],[151105.2133,31004.8977000006],[151066.0094,31013.8794],[151064.219,31019.8420000002],[151044.669,31018.4068],[150957.4829,31036.9035999998],[150228.9006,31257.6009999998],[148681.2495,31094.9948999994],[147938.2994,30963.6960000005],[147899.3989,30920.7363000009],[147689.2008,30688.6043999996],[147695.3047,30658.5899999999],[147720.3328,30535.5203000009],[147649.5389,30370.4143000003],[147626.9479,30317.7273999993],[147495.2995,30139.5010000002],[147741.6639,30140.8398000002],[147760.2618,29923.7173999995],[147654.1993,29758.5010000002],[147204.3444,29754.1415999997],[147133.9084,29693.4470000006],[147129.05,29693.25],[147063.6359,29624.3331000004],[146470.5596,29077.1996999998],[146387.3991,29000.4812000003],[146367.8025,28982.4026999995],[146442.3092,28892.4990999997],[146384.7869,28856.8870000001],[146340.3825,28896.8816999998],[146327.7844,28629.3023000006],[146329.4315,28626.1074000001],[146546.95,28384.1500000004],[146575.4663,28407.2411000002],[147323.9068,27045.6155999992],[147370.6022,26916.7045000009],[146916.0021,26332.3019999992],[146836.26,25707.8500999995],[146348.1836,24716.9393000007],[145367.1725,23972.7182999998],[145082.6998,24126.2999000009],[145076.3997,24071.6710999999],[145030.6439,24090.6083000004],[145031.589,23718.1358000003],[144275.0504,23144.2056000009],[144043.701,22987.7010999992],[143830.9859,23054.9309],[143520.8,23179.2002000008],[143291.0846,22999.4419999998],[142880.7327,23008.2971000001],[142815.95,23051.3317000009],[142687.1881,23138.2611999996],[142676.2998,23144.1000999995],[142436.6358,23017.8804000001],[141065.5404,23047.4675999992],[141023.3975,23066.8965000007],[140299.035,22695.7796999998],[140277.7998,22684.9002],[140308.0316,22558.7706000004],[140336.2768,22426.3563000001],[140251.5535,22349.0033999998],[139999.971,22328.8369999994],[139899.7012,22320.7995999996],[139728.7711,21883.9597999994],[139395.6522,22324.6760000009],[139393.3,22326.8000000007],[139370.6539,22325.9798000008],[139302.5998,22412.5000999998],[138954.6024,22310.9121000003],[138950.0004,22310.4579000007],[138929.9323,22303.5916000009],[138745.0988,22248.5003999993],[138739.2205,22234.4481000006],[136648.8486,21476.5732000005],[136632.9175,21472.5857999995],[136584.793,21539.0501000006],[135999.3648,22929.3692000005],[136012.2283,22945.6839000005],[136048,22985.4000000004],[136043.59,22986.9846000001],[136055.1002,23012.9999000002],[135950.2196,23046.0828000009],[135735.8624,23555.1546],[135782.1,23638.2996999994],[135641.5538,23693.6703999992],[134345.4856,24642.8213],[134295.2583,24800.1773000006],[135413.0244,26493.2811999992],[135770.6002,26583.0997000001],[136228.2181,27455.9759999998],[136161.662,27599.6482999995],[136180.268,27639.2829999998],[136175.3553,27647.9999000002],[136182.327,27658.5600000005],[136112.2423,27891.1909999996],[136116,27978.9000000004],[136064.4478,28049.8344999999],[135644.1214,29445.0181000009],[135579.9998,30933.6996999998],[135220.2819,31434.5999999996],[134956.5491,31858.9933000002],[135240.5429,31998.3189000003],[135299.8373,31982.0044999998],[135354.2209,32054.0885000005],[135510.997,32131.0019000005],[135483.2738,32226.0659999996],[135540.639,32302.5253999997],[135389.6858,32590.1202000007],[135477.2379,32717.1346000005],[135610.8509,32774.8526000008],[136176.4971,32965.7029999997],[136240.4363,33824.3280999996],[136827.5632,34676.0897000004],[136895.4639,34729.0618999992],[137165.1,34938.5],[137172.4046,34987.1140999999],[137792.2773,35535.5511000007],[137868.9,35561.5999999996],[137862.7906,35597.9383000005],[137906.6001,35636.6991000008],[137796.5032,36045.9013],[138939.9036,35764.6018000003],[138972.939,35784.3215999994],[139554.3679,36131.3944000006],[140253.9025,36157.9511999991],[140941.8998,36050.4002999999],[141040.6541,36187.8191],[141166.2146,36192.5857999995],[141169.5976,36192.6609000005],[141177.4704,36202.2431000005],[141179.4949,36205.8488999996],[142168.3291,37538.0582999997],[142589.5964,37447.6999999993],[142476.9003,37907.2997999992],[142628.7367,38018.5618999992],[142882.6,38085.9000000004],[142888.0675,38103.5625999998],[142906.5,38109.0999999996],[142947.3453,38252.0307],[143243.2978,38468.8977000006],[143109.4969,38788.5962000005],[143448.0002,38261.0998],[143785.5,38251.5006000008],[143830.371,38376.2824000008],[144089.6291,38564.2780000009],[144239.3001,38528.1002999991],[144240.4022,38673.6079999991],[144598.1149,38932.9958999995],[144777.5965,38904.3030999992],[144823.0772,39096.1226000004],[145140.0064,39325.9371000007],[145206.6035,39250.2039999999],[145346.5556,39286.2509000003],[145361.2652,39293.2465000004],[145656.0998,39375.2991000004],[145801.0197,39543.7770000007],[146356.7346,39860.3707999997],[146414.001,39852.5007000007],[146424.9202,40000.0033999998],[146445.076,40272.2810999993],[146749.4974,40493.0259000007],[147302.1023,40633.2981000002],[147319.545,40657.8900000006],[147653.2002,41128.3000000007],[148480.0994,40806.4993999992],[149342.8897,41055.3570000008],[149532.8271,40983.8282999992],[150126.4949,41215.7309000008],[150763.1096,41234.9027999993],[151075.8691,41003.2841999996],[151088.3992,40994.0048999991],[151513.4,40804.2996999994],[152065.8804,41153.1535999998],[152089.6183,41067.8234000001],[151845.0002,40570.9999000002],[151895.9931,40515.5555000007],[151987.4092,40411.6258000005],[152147.9336,40241.6213000007],[152191.0996,40194.6870000008],[152270.6497,40000.0212999992],[152533.5407,39356.7053999994],[152528.1023,39113.4032000005],[152610.6276,39082.1933999993],[154806.0987,38251.9000000004],[155200.2029,37494.4966000002],[154840.0998,37348.8999000005],[154410.53,36406.6327999998],[154389.4991,36360.5011999998],[154425.9891,36346.4988000002],[154646.9016,36313.1048000008],[154681.8507,36313.8947000001],[154717.5982,36314.7027000003],[155133.2036,36610.8994999994],[155137.1001,36642],[155005.5001,37135.5999999996],[155329.3001,37453.2997999992],[155022.3616,37904.1294999998],[155011.2255,37925.3063999992],[155837.2986,37224.3037999999],[155808.8043,37640.6861000005],[156052.8328,37738.5673999991],[156925.9999,38088.7999000009],[156448.0013,38150.6995000001],[155797.1999,37656.1997999996],[155030.5989,38272.6999999993],[156860.9626,40000.0011],[156865.3491,40004.1405999996],[156914.9036,40050.9047999997],[158203.4997,42030.2992000002],[157974.3003,43343.1999999993],[158754.2038,43235.9020000007],[159090.8867,43550.8286000006],[159253.0844,43689.6826000009],[159557.3652,42911.4796999991],[159559.4337,42906.1894000005],[159847.1477,42891.4135999996],[159892.111,42828.7510000002],[160105.8221,42879.3800000008],[160360.8002,42869.2997999992],[160489.7462,42970.3332000002],[161146.3267,43125.8797999993],[161787.888,42946.5370000005],[161791.2903,42948.3764999993],[161875.8996,42926.9002999999],[162620.1874,43326.1736999992],[162893.5257,43539.7984999996],[162988.697,43562.3450000007],[163135.8689,43729.2372999992],[163249.4959,43818.1643000003],[164172.5402,44771.4012000002],[164188.9026,44788.2988000009],[164157.9012,44787.6988999993],[164129.4969,44787.0990999993],[164759.3382,45450.7101000007],[164918.2192,45489.9867000002],[165244.1997,45311.4999000002],[165429.5008,45602.4009000007],[165656.3001,45306.9001000002],[165490.1193,45631.3648000006],[165715.1811,45687.0018000007],[165968.1998,45724.7002000008],[165793.0374,46024.3742999993],[165909.2308,46136.9313999992],[166937.7272,46712.9845000003],[166998.5756,46722.4930000007],[167566.0999,46754.4998000003],[167664.7865,47120.2050000001],[168177.2239,47407.2173999995],[168480.9834,47479.9304000009],[168510.1003,47486.9002999999],[169112.7998,48054.1996999998],[169421.6181,48966.9524000008],[169443.9995,49033.1037000008],[169565.5628,49346.3386000004],[169688.65,49535.4600000009],[169693.5013,49676.0007000007],[169818.0003,49996.8001000006],[169813.3122,50113.3433999997],[169876.8217,51538.3422999997],[170072.573,51616.0733000003],[171998.2492,51691.8932000007],[172262.4997,51639.7989000008],[172384.6516,51836.1087999996],[172501.3767,51949.466],[172766.2375,52206.6843999997],[172943.2997,52212.2990000006],[172989.6973,52423.6964999996],[173044.428,52476.8479999993],[173080.0466,52835.3475000001],[173088.5968,52874.3041999992],[173297.2249,52971.0030000005],[173725.298,53115.5580000002],[173724.7536,53169.1620000005],[173749.3445,53180.5599000007],[173731.5027,53788.2060000002],[174550.6028,53853.6039000005],[174623.3901,54070.5920000002],[175082.217,54215.8640000001],[175156.804,54396.4640999995],[175467.7,54529.6998999994],[175712.4968,54339.2049000002],[175931.2712,55419.2201000005],[176364.9003,57559.9000000004],[176106.4593,57751.1636999995],[176112.485,57777.6909999996],[175831.5993,57969.1853999998],[175859.15,58107.1744999997],[176186.2003,58271.9990999997],[175965.6068,58640.3693000004],[176062.0058,59123.1886999998],[176401.6734,59087.8969000001],[176643.1993,59062.8021000009],[176413.5002,59220.5985000003],[176731.0997,59796.4013],[176600.635,60000.0263999999],[176497.2336,60161.4120000005],[176443.7982,60659.9888000004],[176611.2946,60821.5665000007],[176730.4419,60774.8829999994],[176922.8479,60695.2958000004],[177264.8,60406.5998999998],[177083.197,60715.5996000003],[177271.7403,61126.1072000004],[177425.124,61165.9428000003],[177962.2002,60679.9008000009],[179196.014,61176.4189999998],[179331.2479,61139.5026999991],[179731.0003,61032.0000999998],[179848.3009,60681.4002999999],[179952.9989,60886.9002],[180000.0126,60864.5523000006],[180697.502,60533.0019000005],[181008.1008,60568.8007999994],[180930.4391,60615.6844999995],[180891.8738,60638.966],[180824.0542,60679.9080999997],[180576.1306,60829.5772999991],[180260.6998,61020],[180000.0193,61061.1852000002],[178783.124,61253.4436000008],[178291.6001,61331.0998999998],[178286.1271,61345.5404000003],[178270.9401,61385.6113000009],[179386.2604,61675.1528999992],[179758.9018,61678.5034999996],[180000.0105,62177.7645999994],[180037.5998,62255.6002999991],[179999.9932,62527.1216000002],[179940.9343,62953.5299999993],[179999.9758,62879.7995999996],[180217.3986,62608.2846000008],[180313.9005,62460.5001999997],[180336.9823,62458.9497999996],[180347.964,62445.2359999996],[180520.412,62440.8914999999],[180808.788,62172.0061000008],[180831.32,62037.3550000004],[180837.6056,62039.7292999998],[180854.4594,62042.5702999998],[180910.6032,61799.2982000001],[181670.1966,61972.9997000005],[181682.8692,61982.1886],[182166.3213,62332.7420000006],[182388.3001,62493.6998999994],[182311.0874,62755.1845999993],[182349.6721,62807.4557000007],[182698.0123,62738.5689000003],[182728.6987,62732.5003999993],[183087.1154,62891.6874000002],[183113.6902,62903.4902999997],[183131.5017,62911.4011000004],[182517.2068,63049.4601000007],[182607.2259,63111.4122000001],[183105.7003,63144.9002],[184083.1962,64903.8007999994],[184203.7492,65367.8037999999],[184338.2003,65885.2997999992],[184123.9496,66444.3574000001],[184144.9499,66540.6102000009],[184464.3997,66682.8004000001],[184248.0102,67012.9771999996],[184278.0363,67150.5990999993],[184879.1989,67295.2995999996],[184481.456,68082.9546000008],[184608.169,68663.7317999993],[184695.7208,68861.7946000006],[184828.4988,70451.4000000004],[184020.7001,70879.9001000002],[184412.0999,70988.4001000002],[184376.8573,71218.5480000004],[184702.8665,71483.8010000009],[184927.0001,71525.0999999996],[185069.6424,72023.6952999998],[185176.4346,72134.3884999994],[185687.3991,72093.2524999995],[185883.0971,72077.4976000004],[185404.0002,72296.2003000006],[185335.6559,72595.6262999997],[185361.991,72735.9966000002],[185488.77,73028.9199999999],[185471.5732,73069.4289999995],[185589.8,73314.5001999997],[185471.1231,73317.6887999997],[185522.7714,73592.9827999994],[185591.3989,73679.0998999998],[185544.7562,73710.1652000006],[185579.6544,73896.1783000007],[185863.8003,74003.4002],[185603.9057,74340.1071000006],[185888.7993,74684.7006999999],[185806.1996,75358.0990999993],[185101.2115,76108.4192999993],[184980.4415,76591.5523000006],[185009.8957,76598.3586999997],[186064.9372,76344.9481000006],[186073.8133,76325.6931999996],[186067.9,76312.4000000004],[186087.5265,76295.9449000005],[186189.0998,76075.6018000003],[186335.3874,76088.1360999998],[186351.27,76074.8200000003],[186932.2061,76136.6385999992],[187272.9528,76054.7946000006],[187205.7012,75799.5987],[187650.6002,75460.5999999996],[187991.5741,75731.8530000001],[188319.8188,75730.0928000007],[188685.5986,75637.3995999992],[189136.1983,75968.5034999996],[188922.9912,76236.2226999998],[188979.4628,76334.6921999995],[189232.4001,76416.5],[189581.3987,77331.4034000002],[189640.7777,77356.0847999994],[190286.98,77481.8699999992],[190419.613,77679.8143000007],[190848.301,77858.0021000002],[190779.2791,78086.0930000003],[191426.3938,78480.9376999997],[191531.3086,78463.7653999999],[191417.5817,77947.2986999992],[191151.9007,77095.1006000005],[191851.8,76819.8001000006],[192158.0767,76177.2248999998],[192207.735,75957.9902999997],[191919.0022,75404.9023000002],[192356.0825,74200.8991999999],[192383.5991,74125.1006000005],[192362.2112,74115.0004999992],[191816.3,73857.2010999992],[192025.7001,73822.9002],[191952.1706,73711.2767999992],[191686.5501,73308.0440999996],[191544.1028,73091.7979000006],[191552.8334,73068.5953000002],[191918.7988,72096.0007000007],[191870.4008,73554.9044000003],[192486.8003,73510.1002999991],[192477.6001,74084.6028000005],[193177.0039,74260.7024000008],[194568.696,73626.8037999999],[194590.8644,73615.4977000002],[195612.9001,74021.8000000007],[197734.9998,73793.1997999996],[197743.0757,73845.0281000007],[197754.3084,73917.1161000002],[197757.5002,73937.6001999993],[197923.701,74093.5999999996],[197421.0006,74731.8975000009],[196954.3961,74374.1998999994],[196893.4989,74755.6002999991],[196698.6008,74368.1008000001],[195290.5999,74706.5000999998],[195148.802,74278.6972000003],[194572.9999,74146.7949999999],[194106.9711,74511.4242000002],[193980.8869,74610.0746999998],[193508.6001,74979.6002999991],[193623,75519.9997000005],[192783.4998,75767.0001999997],[192591.9004,76707.8011000007],[192827.6001,77610.7000999991],[192514.0002,77964.8998000007],[192830.6237,78474.4920000006],[192931.277,78564.1500000004],[192989.159,78729.6479000002],[193094.1987,78898.7048000004],[193666.7001,79198.7000999991],[193542.4,79687.4002],[192995.3572,79999.9696999993],[192455.8744,80308.2194999997],[192394.6464,80367.5440999996],[192392.0563,80546.7985999994],[193280.4,80967.1998999994],[193204.4303,81077.5183000006],[193313.6118,81139.8882999998],[193578.8163,81002.0743000004],[193642.0997,80627.9000000004],[193772.7259,80594.7828000002],[194185.7762,80226.6564000007],[194214.4001,80129.4001000002],[195044.6352,80240.3587999996],[195454.2667,80027.4931000005],[195504.7006,80000.0094000008],[195844.1993,79815.0012999997],[196017.9038,79999.9984000009],[196192.7783,80186.2416999992],[196619.96,80382.5999999996],[196667.1433,80691.4455999993],[196698.2939,80724.6213000007],[196743.589,80710.4677000009],[197123.2963,80516.4019000009],[196933.595,80651.0955999997],[196997.9855,80630.9751999993],[196976.3,81229.8000000007],[197007.0027,81217.6447999999],[197614.8989,80942.7999000009],[197645.0613,80965.0374999996],[197671.4,80954.6099999994],[197924.5844,81147.4203999992],[198826.2714,81069.0888],[198958.8035,80899.2020999994],[199110.6947,81044.3803000003],[199436.2252,81016.1007000003],[199620.5015,80767.1002999991],[199641.5518,80998.2634999994],[199960.6954,80970.5387999993],[199999.9812,80952.5543000009],[200250.0003,80838.0998999998],[200205.4751,80964.9163000006],[201454.5841,81210.3321000002],[201935.1003,81237.5008000005],[202562.4782,81778.4112],[202582.1747,81805.7763],[202626.5,81821.3000000007],[202678.2788,81939.2972999997],[204134.3,83962.2002000008],[204003.6043,84509.1817000005],[204136.766,84996.6129999999],[204274.8628,85304.5022999998],[204309.6573,85528.1139000002],[204607.9559,86272.7094000001],[204869.9988,86410.1999999993],[205088.8995,87317.0991999991],[204959.4328,87374.3530999999],[204853.829,88292.2174999993],[205133.9001,88931.6996999998],[205014.2309,88929.0357000008],[204795.7595,89168.1285999995],[204802.6027,89198.5068999995],[205112.9001,89009.0998999998],[205154.4778,89098.3398000002],[205159.9,89096.6999999993],[205168.8676,89149.7789999992],[205285.9997,89444.2010999992],[206029.199,89312.2039999999],[206236.0997,89546.3969999999],[206029.1997,89752.1987999994],[206285.1573,89890.7249999996],[206388.3663,89853.1607000008],[206606.5999,89325.3998000007],[206934.3176,89446.8527000006],[206948.8,89434.3000000007],[206960.2223,89456.4529999997],[207217.5504,89551.0156999994],[207329.8849,89971.7764999997],[207370.1188,90120.6096999999],[207424.7604,90326.5074000005],[207663.862,90717.7727000006],[207973.2984,90746.4143000003],[208241.92,90651.4700000007],[208885.8003,90830.8758000005],[208988.7003,90840.4002999999],[209203.8,91038.3000000007],[209057.4755,91305.0955999997],[209206.0422,91363.4231000002],[209726.6511,91333.5532000009],[209605.6946,91380.0132999998],[209665.818,91380.3289999999],[209433.5949,91452.7606000006],[210538.3919,91886.5054000001],[210806.0996,91914.3001000006],[210684.0246,92059.3589999992],[210812.4484,92858.3870000001],[211705.0994,93070.5997000001],[211726.5262,93223.0912999995],[212223.6471,93778.9331999999],[212654.7982,94003.1011999995],[212654.16,94039.1526999995],[212654.019,94047.1166999992],[212644.4182,94589.4748],[212749.492,95040.5935999993],[213121.6002,95490.7002000008],[212846.1333,96712.0156999994],[212891.2166,96707.6685000006],[213709,96497.4997000005],[214211.9001,96795.0997000001],[214080.3337,97000.6392999999],[214712.1082,97836.4489999991],[215285.401,97910.6009],[215331.0119,98301.9185000006],[215449.1221,98575.7919999994],[215996.1999,99095.6034999993],[217436.8009,99496.6993000004],[217775.343,99933.5636999998],[217872.1638,99999.9995000008],[217988.1291,100079.571699999],[218431.1988,100086.899700001],[219123.2959,100741.102499999],[219760.5989,101865.000499999],[219910.3002,103013.299799999],[219647.0964,103224.3017],[219954.8021,104120.1952],[219953.7918,104165.540100001],[219953.2539,104189.682800001],[219904.8002,106364.4002],[220000.0143,106547.118899999],[220059.2006,106660.699100001],[220324.4334,106586.4081],[220221.5997,106829.5],[220220.6508,107141.933499999],[220216.3025,108573.600400001],[220213.5087,108666.0283],[220127.1981,111521.4966],[219999.9974,111746.836300001],[219694.6293,112287.8049],[219591.8758,112887.5441],[219960.3999,113395.799799999],[219673.9004,113739.6008],[219798.8963,114416.398],[219407.7008,114727.699999999],[219872.2998,115273.200300001],[219849.5901,115648.7466],[220565.9742,116769.741599999],[220744.1008,116963.499600001],[220710.1246,116995.307600001],[220909.1297,117306.710000001],[221181.7002,117410.301000001],[221186.8949,117442.1129],[221189.8689,117460.325300001],[221266.4003,117928.999700001],[221137.9787,118160.5518],[221295.7878,119023.8224],[221469.7002,119180.0044],[221441.5627,119506.1274],[221488.16,119732.470000001],[221437.5957,119799.561000001],[221546.3735,120394.613600001],[222231.2965,121495.3016],[222100.1011,123038.799799999],[222347.1229,123469.6873],[222502.35,123617.550000001],[222459.8095,123666.2499],[222576.9801,123870.634099999],[222296.1895,124496.3683],[222358.8245,124839.0034],[222540.0011,124944.903899999],[222431.3724,125235.865700001],[222534.0212,125797.3904],[222590.7976,125913.297],[222561.577,125948.1305],[222672.6896,126555.9553],[222841.398,126654.2049],[222937.9971,127794.998400001],[223317.1784,127795.341499999],[224039.7035,127679.039899999],[224680.5001,127334.0999],[224829.3516,127551.933800001],[227766.8546,127079.0973],[228337.7,126741.5002],[229800.7985,126578.5966],[230484.5369,126140.5648],[231939.9111,124835.8083],[232026.5,124694.9],[232157.8516,124627.208799999],[232330.3005,124409.0989],[233418.4002,123875.200200001],[235496.8,123670.598999999],[238097.6787,124419.555],[238451.7003,124521.5],[239417.5641,125778.553400001],[239557.65,125921.35],[239570.3923,125977.4564],[240000.0095,126536.594799999],[240153.4687,126736.319399999],[240172.9,126744.4],[240202.3203,126799.8989],[241866.5664,128965.8837],[242013.7316,129012.940199999],[242055.7646,129021.858899999],[243143.6993,129252.7006],[243393.1005,129615.500299999],[243724.8393,130572.866699999],[243733.0966,130596.6964],[244171.503,131656.2031],[244758.4029,131863.503799999],[245343.8023,131468.696799999],[244903.9035,130992.1032],[245175.0011,130391.0996],[246086.7977,131031.901799999],[246515.5468,130713.1404],[246567.7661,130647.825300001],[246222.1049,129121.157500001],[245869.5926,128555.5288],[245825.0373,128484.323999999],[245593.9994,128115.096899999],[245602.4004,127739.0044],[245624.9076,127738.0361],[245601.2187,127580.5337],[245387.5108,126159.6372],[245386.4725,126152.7336],[245384.302,126138.3026],[245330.0005,125802.798800001],[245423.6437,125522.164899999],[245519.6997,125234.299799999],[245920.6536,126909.5759],[245930.4961,126950.700099999],[245930.7489,126963.1949],[245975.25,128321.699999999],[246400.7772,128617.965700001],[246738.4993,128889.698799999],[247312.5995,129949.000800001],[247287,131927.299699999],[247951.1677,132283.4878],[248451.8028,132810.7027],[248877.3001,132665.399900001],[248703.4,132439.699999999],[249361.9991,132670.2026],[249104.0001,132983.200099999],[249280.0025,133413.0011],[250430.249,133314.930199999],[250918.6499,133273.288799999],[251364.1975,133235.301100001],[251364.8983,133209.7984],[251371.2787,133180.505000001],[251381.7246,133155.842399999],[251373.456,133086.113299999],[251370.0472,133044.3025],[251377.0727,133023.7015],[251376.1546,133016.6346],[251394.766,133003.456900001],[251402.3872,132997.8847],[251425.9035,132976.5952],[251444.2993,132947.401900001],[251472.4527,132922.0535],[251496.45,132891.8993],[251539.858,132862.1017],[251548.9645,132851.1263],[251588.9421,132811.1215],[251601.8999,132797.2995],[251630.3273,132766.665999999],[251641.6021,132755.499],[251680.6017,132698.004899999],[251951.3848,132599.062999999],[251929.2955,132624.987199999],[251432.1003,133208.5001],[251736.7999,133495.700200001],[251771.2974,134412.7041],[253982.6007,133185.999199999],[254089.9808,133139.326199999],[254127.0792,133123.201300001],[254138.4237,133118.270400001],[254221.5967,133082.119000001],[254691.2033,132878.0034],[255157.8506,133014.8215],[255445.2999,133099.0998],[256090.2005,132411.8968],[256095.5642,132458.000800001],[256096.904,132469.516899999],[256114.6931,132622.422599999],[256117.5989,132647.3994],[255346.1847,133330.068499999],[255344.0365,133331.969599999],[255326.6003,133347.399900001],[255653.3002,133530.4],[255672.9015,133506.103599999],[255703.1902,133624.502599999],[255745.4003,133789.502499999],[255684.0612,133616.939099999],[254692.8003,133225.0001],[253757.4988,133926.3004],[253542.667,133997.1459],[252476.7036,134826.4956],[251735.6002,134939.100099999],[251023.8001,134825.7958],[250637.5001,133997.0999],[248545.2028,133848.695499999],[248198.597,134259.398],[248306.4272,134906.343],[248276.2493,134824.2426],[248080.2794,134288.0535],[248074.7865,134273.0244],[248059.9012,134232.297],[248310.804,133485.399499999],[247395.2074,133188.956700001],[247345.2723,133172.7892],[247254.8013,133143.497400001],[246519.901,132294.500399999],[246606.2036,131788.295299999],[244870.6,133047.399900001],[244424.8999,134595.501499999],[244541.0961,137739.7017],[243689.0939,137952.962300001],[243337.2374,138127.796],[243160.9966,138426.495200001],[243426.7015,139502.9968],[242730.8766,139999.977399999],[242042.1716,140491.8727],[241898.6808,140625.892200001],[241951.1591,140678.3728],[243301.6064,140884.097100001],[244470.099,140682.3003],[244819.8009,140947.8003],[245008.4041,141618.419],[245621.4959,143798.397500001],[245297.6959,144243.200099999],[245517.8967,144429.196900001],[245335.9001,144903.799900001],[244219.5964,145549.1963],[245552.9938,145761.703600001],[246280.1787,146868.0286],[246584.6843,146802.269300001],[246845.5871,146701.2454],[246852.7404,146698.4756],[246870.499,146691.599300001],[247007.5634,146710.946599999],[247929.2441,146511.9056],[247949.4972,146498.004699999],[247959.4671,146505.378799999],[247976.78,146501.640000001],[249792.8799,147144.960899999],[250172.2008,147172.3017],[250196.0691,147217.2499],[250203.0122,147230.324999999],[250242.2013,147304.125],[251488.8919,147745.742799999],[251896.5976,147830.5033],[251898.8857,147890.9758],[252154.7362,147981.6063],[252444.5302,147965.4978],[252605.4007,147932.404100001],[252314.2017,147759.003799999],[252602.9011,147705.300100001],[253201.7001,148125.299799999],[253437.6868,147961.9596],[253547.787,147834.7245],[253573.2224,147868.147500001],[253622.701,147833.9005],[254264.2995,148545.1993],[254589.2038,148360.201300001],[254712.7369,148484.159700001],[254963.4534,148380.0339],[255001.8724,148320.590700001],[255024.0977,148286.2028],[255506.7965,148144.203500001],[255491.2177,148183.5691],[256089.1904,147942.7708],[256839.2002,147360.000299999],[257452.9799,147281.461300001],[257482.9773,147277.6229],[257683.9999,147251.9001],[257577.4628,147471.9519],[257757.0535,147641.7864],[258169.4978,147665.4005],[258408.0381,148257.4066],[258464.1252,148310.446799999],[259220.2927,148388.658299999],[263159.9616,148520.4124],[263339.7025,148491.205],[263739.674,148726.1215],[264046.973,148768.707],[264263.1115,149033.5536],[265642.6629,149843.809599999],[267842.2029,148996.809],[267979.3973,148880.9026],[268332.5658,149148.647500001],[269000.9219,149393.0384],[269380.9999,149248.897299999],[269404.8918,149540.753900001],[269700.4543,149648.8292],[270126.7992,149596.299000001],[271156.4466,150036.5658],[271378.8318,150004.7805],[272320.0014,149502.8046],[272500.7995,149756.101199999],[273826.4002,149624.0997],[275480.6001,151206.0001],[276550.9,150209.100199999],[279957.5005,149619.201300001],[279972.3423,149616.3599],[280000.0285,149611.0594],[282199.2632,149190.0206],[285584.22,148408.83],[285728.1869,148514.4156],[286040.933,148454.540999999],[286708.7747,147788.0746],[286833.4999,147647.4],[288910.6986,148261.2994],[289048.9306,148406.1939],[289165.2498,148535.107000001],[289174.5834,148545.344599999],[289867.5012,149291.199999999],[290656.3946,149334.242699999],[291576.0379,149356.468900001],[295139.9997,148164.3003],[295566.7997,148264.399900001],[296284.866,147801.9146],[296297.6859,147793.6577],[297253.1999,147080.1],[297476.796,146436.9022],[297519.8868,146444.2062],[298444.2962,146600.895300001],[299361.0846,146243.9099],[299999.9914,145306.561000001],[300566.2039,144474.6039],[301434.2012,143684.7994],[302725.8987,143508.9003],[304093.0041,143723.4999],[305720.8011,143343.1996],[305770.5786,143351.644300001],[307220.3969,143597.604900001],[307266.0003,143353.4048],[308304.5977,143078.803400001],[309657.001,143402.200099999],[310255.3346,143191.0853],[310338.9016,143161.5997],[310916.9001,143056.799900001],[312256.101,143917.703299999],[314215.4985,144339.702500001],[315107.7999,144602.4998],[316105.2006,145381.5043],[316949.9,145501.799900001],[317621.9001,145167.9001],[318754.8003,145470.5996],[319426.5005,146122.5011],[320000.0206,146200.768300001],[321063.5,146345.8992],[322243.9999,145898.100199999],[323203.5003,146042.5001],[324894.2001,145235.800100001],[326425.6993,145691.298900001],[326474.0004,145730.383400001],[328102.6992,147048.3002],[328918.3998,147056.399900001],[328554.2,146465.8002],[328409.1,146694.8992],[328124.5003,145949.6997],[328537,146387.1997],[327934.2998,144419.3003],[327062.5995,144456.7991],[326264.9,143565.4002],[325897.3001,142129.3003],[326186.712,142105.557399999],[326260.5021,142099.503799999],[326262.8132,142136.602],[326281.514,142436.7863],[326283.3431,142466.146500001],[326317.7971,143019.2005],[326641.7999,143624.4999],[327791.5028,143809.0044],[328324.7002,144221.1997],[328464.9061,144564.1392],[328674.8526,145077.6622],[328980.7997,145825.9998],[329100.3003,145348.3036],[329147.2959,146139.7972],[330095.4777,147885.0559],[330104.9021,147902.4027],[330051.8751,147881.305299999],[329982.6509,147875.351],[330143.9012,148351.5041],[330151.0742,148380.781400001],[330260.9115,148833.404300001],[330329.3708,149115.5151],[330168.9995,150000.0011],[329226.1022,151431.4025],[328805.2002,152704.899],[329627.3976,158395.698999999],[329453.9173,158758.9706],[328455.5012,158844.1],[327919.5992,159337.499700001],[329989.3497,158967.834899999],[330789.651,158477.277000001],[330916.256,158143.097999999],[331329.8935,157534.2687],[331174.1,157169.300000001],[330724.5999,156966.2992],[330735.3,156439],[330857.8345,156234.3292],[330800.9,156833.4],[331246.398,157012.4858],[331274.0307,157187.0189],[331487.4009,157433.804400001],[331485.671,157476.9178],[331342.2002,157799.700200001],[330937.6997,158400.9],[331404.1011,159955.602499999],[331409.2502,159999.984300001],[331419.6706,160089.801100001],[331607.4251,161708.1121],[331612.0992,161748.3993],[331152.1001,161796.399800001],[330874.8001,162478.699899999],[332680.7004,163139.801000001],[332721.4984,163221.6241],[333040.2015,163860.8047],[333113.9998,165251.100199999],[332400.6981,165907.9987],[331849.6971,165942.898700001],[333522.9004,166329.597999999],[333984.8745,166592.098099999],[334879.0288,166837.424000001],[334927.9,166798.603700001],[334734.5999,166203.5009],[334921.014,166397.253799999],[334970.8001,166448.9999],[335335.1978,166046.9989],[334991.1002,166631.100099999],[336275.4997,166716.6],[337615.4567,166082.4405],[337586.9406,166151.5429],[337525.0999,166301.4002],[337767.6969,166339.6951],[337261.385,166304.171599999],[337084.4982,166387.1006],[336576.0999,166723.7008],[338275.6999,168625.900699999],[338338.0626,168820.904200001],[338339.3433,168824.9088],[338710.6002,169985.800100001],[339306.0683,170329.0901],[339209.2964,170527.896199999],[339196.1589,170537.2136],[338987.7646,170685.011499999],[339022.6392,170721.9405],[340000.0024,171511.759400001],[340071.582,171569.603800001],[340092.3732,171600.5228],[341158.6077,173186.1427],[341324.1152,173432.272399999],[341327.3758,173437.121300001],[341818.4206,173878.8695],[343297.7601,175209.6963],[343335.8919,175243.996300001],[344587.6998,176573.799900001],[345672.4135,176807.0283],[345719.9637,176817.2523],[346353.5003,177231.300000001],[346394.4006,177575.2381],[346414.2299,177587.759],[346563.0618,177588.792400001],[347731.103,177596.902799999],[347548.1492,177345.1853],[347831.8971,177370.126800001],[347942.1563,177379.820499999],[348701.9554,177367.7369],[349340.6919,177746.592],[349595.6988,177941.304199999],[349582.6242,178015.449100001],[349506.9999,178444.731799999],[349603.6336,178111.357000001],[350256.7022,178289.6973],[352538.15,175945.550000001],[353134.8006,175852.702],[353700.5025,176043.397399999],[353976.2869,176539.9573],[354018.3001,176615.603599999],[354063.6521,176576.0669],[354345.8022,176330.0954],[354872.7028,175167.498199999],[354560.8799,176125.600500001],[354457.8488,176442.1722],[354453.4346,176445.2718],[354012.1999,176755.0997],[353345.865,176279.3928],[352865.1886,176080.720799999],[351686.803,177400.099099999],[350242.1022,178825.8006],[350562.3,178796.9],[350251.2966,179057.104800001],[350503.2987,179017.0962],[351335.4844,179999.9882],[351862.802,180622.796599999],[351940.0297,180747.3002],[351949.4704,180761.9739],[352025.6008,180855.200099999],[352036.7976,180867.996400001],[352158.6017,181062.100500001],[352399.2999,181385.8982],[352436.1985,181389.6985],[352434.2214,181407.361500001],[352437.3014,181424.597100001],[352438.8489,181459.2478],[352448.7499,181488.1493],[352466.7549,181529.753599999],[352494.8524,181607.901799999],[352503.4996,181623.2248],[352524.9959,181672.6961],[352539.0318,181687.5995],[352559.5444,181706.237199999],[352588.5527,181754.5524],[352602.0761,181780.4713],[352617.3268,181802.4246],[352641.3053,181847.7279],[352653.3509,181859.6526],[352679.3022,181900.6008],[352692.3319,181920.251],[352701.3,181939.7996],[352718.3013,181971.3006],[352723.8761,181987.2192],[352740.2926,182001.5066],[352748.7009,182013.298599999],[352751.3022,182029.354],[352782.5511,182063.251499999],[352797.6443,182079.478800001],[352857.9411,182062.6614],[352870.5274,182043.6272],[352893.9342,182016.658600001],[352890.5705,182035.566500001],[352869.0499,182071.901799999],[352840.435,182126.972999999],[352858.2489,182182.5],[352861.1703,182202.5441],[352892.7934,182251.885199999],[352899.6993,182267.255899999],[352916.0014,182291.9988],[352924.2641,182311.5832],[352938.9054,182340.627599999],[352949.7017,182360.332599999],[352966.3499,182385.601399999],[352989.704,182421.9016],[352997.9985,182434.498],[353008.1977,182444.895],[353025.1004,182472.0976],[353033.8028,182489.1524],[353051.9431,182510.704399999],[353061.7988,182536.198899999],[353071.6652,182549.370200001],[353087.3096,182584.8268],[353106.7015,182605.848999999],[353112.6288,182625.5023],[353125.7997,182644.500399999],[353137.6582,182658.0153],[353160.8587,182703.5989],[353176.1732,182726.476299999],[353189.4733,182753.2248],[353266.132,182885.1907],[353322.4318,182975.9537],[353326.9825,182983.2916],[353332.5549,182992.276900001],[353368.0672,183050.060000001],[353369.4257,183052.952500001],[354086.8995,186240.6993],[354548.91,186397.9637],[355899.7393,188303.5649],[355934.5018,188352.604],[356619.0987,189831.000499999],[358623.2994,191165.0997],[358816.5959,191024.099300001],[358709.7976,191255.403000001],[359587.0975,192072.700300001],[359901.8026,192858.304199999],[360000.0146,192812.022299999],[360870.3004,192401.904899999],[360000.0168,192945.382300001],[359941.7,192981.8002],[360000.008,193195.499],[360380.7998,194591.099300001],[361485.9999,196552.0997],[363121.9994,197743.899],[363285.3353,197833.1963],[363413.7734,197903.4147],[364933.2002,198734.1],[366001.9303,200000.0396],[366229.4998,200269.6019],[366301.2983,200215.0713],[366814.4001,203101.9],[367474.4999,203135.0998],[369061.9995,204663.605],[370221.8997,204256.6009],[373646.675,206730.2684],[373728.399,206789.296499999],[373919.4997,207578.5999],[373621.9965,208634.2984],[371605.6009,209791.198799999],[369694.1001,210051.899800001],[369265.9,210542.0012],[369471.0997,211327.799799999],[369937.7173,212145.271400001],[370368.2779,212657.162599999],[370827.1022,213020.103],[371647.4033,211933.0042],[374241.4001,210526.899900001],[375665.0334,210657.124399999],[375668.221,210657.415999999],[376156.8993,211061.103700001],[376252.6987,211753.195599999],[375322.9003,212565.200300001],[375168.4989,213793.7008],[375295.7,214276.699999999],[375971.98,214492.74],[375997.8026,214626.7031],[375950.6,214629.101199999],[375231.4992,214349.601299999],[375060.9998,213723.400900001],[375249.3999,212086.100199999],[376100.1001,211633.5002],[375957.9808,211221.5239],[375910.5039,211083.8972],[375029.4,210692.6],[374504.964,210769.6141],[373358.4,211510.4],[372395.1986,211813.4991],[371520.8007,213245.899599999],[370875.5005,213493.198999999],[369722.49,212754.5221],[369721.0339,212751.6853],[368941.2012,211232.399800001],[368927.25,210426.960000001],[369163.5001,209679.0011],[369646.4001,209290.7004],[371718.2999,209093.100099999],[372107.4035,208877.6987],[372176.801,208314.699999999],[370126.7999,206908.101399999],[369878.3266,206828.8761],[369892.6,206796.5002],[367120.5307,204700.8506],[367136.0978,204664.7026],[367137.507,204661.430400001],[367029.8011,204139.1],[365993.7405,203364.5891],[365821.2908,203170.2541],[365181,201414.899700001],[364539.4613,201074.013900001],[362518.1937,200000.000299999],[360638.1001,199001],[360602.1065,199051.8125],[360358.3991,198676.399],[360000.0227,198466.7432],[357914.7016,197246.798],[356799.9034,195944.500800001],[356953.8001,195205.4999],[355193.5017,192707.2974],[355249.1,190694.300100001],[354999.9983,190303.295600001],[354661.8012,190357.0995],[354471.7554,190981.7719],[354534.4004,191271.8137],[354739.9998,191750.8007],[353890.4,193085.800000001],[354064.25,193764.65],[353840.6026,194304.100400001],[353024.9022,194524.7972],[354038.7973,196381.3958],[352623.04,196269.699999999],[354675.4975,197507.9033],[353618.0024,198240.103700001],[353843.6038,199589.397500001],[352840.6993,200430.3967],[353906.8022,200994.5952],[352612.7976,203746.997400001],[353676.6001,204397.4012],[354352.5961,206341.2048],[353142.3036,208024.6029],[353902.4982,210836.498],[353309.497,211795.4035],[354627.404,212654.997500001],[354547.699,213998.402899999],[355272.7037,214366.797499999],[354193.6973,215433.102299999],[352324.6986,215252.304],[352060.296,216474.804099999],[350827.2966,215978.995999999],[350524.1984,216941.425000001],[349189.0029,215591.8968],[346471.1999,218872.897600001],[347210.72,220487.42],[342576.61,223387.050000001],[342189.96,224690.08],[340814.57,224289.210000001],[341985.75,225177.359999999],[339743.1971,226508.402000001],[333237.0029,223383.896400001],[332939.1006,225891.6985],[330775.4976,225881.2015],[329598.5,229250.5],[326792.584,232168.288699999],[324673.6989,236599.603399999],[325588.8018,238533.5998],[325311.0009,239685.699999999],[322937.8002,242814.304500001],[323200.9,245573.35],[324391.73,245807.49],[324440.13,247066.52],[321926.2961,248343.1019],[322357.7025,249453.404100001],[325255.2973,250120.6031],[326721.5,251374.404200001],[326049.0988,252193.5997],[324916.5984,251285.7995],[323321.5006,252276.495999999],[325255.6023,254507.7973],[324779.5985,256626.300799999],[326846.0994,257748.5996],[326818.998,260284.3037],[328790.4992,260483.5967],[328530.1036,261856.3038],[329390.8963,262569.6996],[331456.0037,263375.198999999],[333400.6014,262839.802200001],[335295.0031,263902.798],[331012.03,265044.220000001],[331879.4041,269766.6994],[334212.5997,270589.7039],[335069.5007,272770.499600001],[333725.597,273405.3979],[329236.4003,272313.8003],[327847.0003,272769.300000001],[324494.6986,276040.703500001],[321529.1975,277257.7951],[319907.74,279701.550000001],[317162.14,281060.08],[316113.8,283443.76],[318779.6016,287123.6011],[319932.2034,286876.002],[324674.9027,289582.1973],[330232.4037,289759.396600001],[330052.4964,292261.100500001],[331980.3979,291800.202400001],[332689.9019,295470.401799999],[331364.6979,298001.5973],[326374.3005,295385.7961],[326472.4992,293512.0024],[323227.15,292779.68],[322969.6014,293515.001599999],[324715.0974,294302.0963],[322893.7963,299265.4955],[324390.2007,299246.900800001],[326300.4989,300746.7015],[326041.8019,301844.5973],[327457.9983,304006.5984],[328365.56,304187.609999999],[326776.0988,305388.6028],[328981.11,306032.140000001],[329874.6999,309134.7005],[329327.904,310910.802100001],[331012.304,312600.1985],[331185.2029,314648.702099999],[332515.0983,314093.0012],[334075.5998,314774.2962],[334024.1012,313525.103700001],[335175.6971,313632.902899999],[334930.0025,315394.298699999],[333159.5983,315590.8024],[333129.3966,316696.8958],[331129.4993,317635.497199999],[331881.79,318351.76],[331468.83,319375.33],[330234.2,318993.630000001],[329999.91,319704.84],[329082.49,319517.199999999],[329409.45,319962.720000001],[327267.3973,319869.5977],[326472.2023,321567.1018],[326827.8036,322555.298900001],[324672.7013,321252.0019],[321823.6039,322650.401699999],[322359.401,323823.7958],[321349.0017,323946.9005],[321391.9997,325274.500499999],[322554.0009,327848.003900001],[321771.1983,328408.703400001],[324182.7962,330552.399700001],[322540.7016,331874.101399999],[323688.4966,332552.997099999],[322891.6032,333139.2992],[325141.3011,333527.698100001],[326423.11,337552.960000001],[327726.5977,336993.1961],[330515.41,337395.34],[332269.6016,340345.0966],[334130.0997,340652.898499999],[334614.5959,341735.0987],[335609.9974,339739.5999],[337669.6961,338322.795499999],[340474.8968,339828.304500001],[340728.3005,339169.802999999],[343580.3991,338688.8007],[346355.901,333443.202299999],[349317.5022,336623.0021],[351125.8008,336679.2959],[351448.1002,340216.103499999],[350715.9965,341650.302999999],[351298.6997,343127.000299999],[349080.2011,343500.0035],[348530.7008,344444.903100001],[346172.5969,343884.803300001],[343988.3977,344750.3956],[343473.8976,347039.2004],[342341.6034,347629.001599999],[342718.1965,349227.404100001],[341763.402,350140.602700001],[342504.501,351121.301999999],[341618.0003,351617.1],[342363.2961,351835.5975],[341030.4985,353379.5955],[341436.8975,354167.899900001],[339686.5041,355359.798699999],[341131.5994,358631.202299999],[339169.2996,357658.300799999],[335612.9986,359943.296700001],[334590.8007,361944.8038],[333553.7039,362356.7958],[338075.6005,364211.504899999],[338471.5036,366195.8969],[333460.4028,371444.3046],[330973.5028,373253.9965],[327674.8453,373853.93],[327617.1731,373893.205600001],[326663.474,375042.6755],[326248.626,375578.494999999],[326226.615,376459.536],[325573.91,376934.437999999],[325235.9039,377513.153999999],[324098.7731,379375.1021],[325291.157,379147.530999999],[324988.997,379675.316],[325452.1154,380000.028999999],[324476.152,380530.468],[324500.93,382259.609999999],[324263.9697,382537.7839],[320878.3983,386367.502900001],[320859.9059,386397.806299999],[320363.6007,387211.1007],[320262.6,388522.299699999],[321798.8028,389855.6044],[324257.0015,391165.899900001],[324282.0159,391174.0911],[325732.6039,391649.101],[325767.8788,391669.799799999],[325770.3578,391671.2544],[327676.6337,392789.8276],[329655.4655,394061.2839],[329658.912,394063.498400001],[329903.0959,394220.404999999],[330996.5985,394516.4003],[331650.4005,392751.6964],[331708.0944,392617.195699999],[332025.9023,391876.296],[332034.7068,391852.407],[332759.6195,389883.045499999],[332760.936,389876.986199999],[333135.1897,388154.523499999],[333137.2751,388144.9257],[333150.0999,388085.901000001],[333851.1259,386186.5679],[333867.5027,386142.1973],[335319.7008,384455.3002],[336282.2217,382174.322000001],[336291.0157,382161.9154],[337823.4046,380000.0372],[338209.6796,379455.0844],[338211.6315,379452.330600001],[338224.2012,379434.5974],[339139.6009,379134.803200001],[339805.6973,378437.1019],[339873.098,378366.5031],[339999.973,378238.009400001],[340076.6026,378160.402100001],[340983.8023,377720.772399999],[341543.9999,377449.300100001],[343066.8998,377568.6997],[343178.3002,377929.699100001],[344140.0004,378303.100400001],[343565.4999,378685.7008],[343607.0966,379145.9],[343925.2,379284.699999999],[345725.301,379110.999700001],[347378.8557,377988.5318],[347510.5962,377899.103499999],[349944.1063,380000.011499999],[349965.2248,380018.2435],[349959.7862,380031.040899999],[349254.3002,381451.499700001],[349632.4328,382329.680500001],[349520.5003,382387.6],[349575.0037,382658.4046],[349592.6725,382687.4323],[349912.6999,383213.200200001],[350608.7002,383416.700300001],[351091.9261,383380.203],[351094.8852,383379.979499999],[352030.6961,383309.2993],[352099.2624,383370.180400001],[353539.4022,384648.9048],[354925.6961,384423.0535],[354971.1949,384415.640900001],[355156.201,384385.5002],[355761.7009,384740.699200001],[355915.6,385801.8002],[356402.301,386559.399],[357361.4001,386368.601199999],[357641.5007,386939.600099999],[358734.2167,386641.591],[357591.1013,387027.600199999],[357139.4002,386534.8003],[356568.3001,386749.100199999],[356175.6039,386540.203400001],[355205.2014,384641.796800001],[354119.1331,385139.9782],[354024.6403,385183.3222],[353966.4603,385210.009400001],[353953.4016,385215.999500001],[353136.3005,385185.8005],[352682.1962,384784.096100001],[352633.2019,384767.776900001],[352588.0642,384752.7422],[351608.9036,384426.5984],[351296.0036,383703.295499999],[349590.1497,383912.494999999],[349516.8378,384047.157400001],[349373.1978,384311.001599999],[349524.1678,383986.0857],[349563.0988,383902.299000001],[349536.3778,383884.3553],[349479.0581,383845.864],[348902.8004,383458.895400001],[348340.1579,382351.922499999],[348267.9966,382025.4957],[347872.4998,382454.5997],[348301.9001,381649.1998],[347487.6999,380892.9001],[345552.9969,382096.4954],[345112.1033,381973.9966],[345105.2125,381972.082],[345044.7961,381955.2958],[344978.5931,381903.923699999],[344389.5001,381446.800100001],[343153.8,381511.9014],[341618.7998,382279.0002],[341294.7631,382547.715],[339999.9773,383621.4454],[339528.8997,384012.097100001],[339498.1327,384044.4694],[339117.5879,384446.588500001],[338705.1652,384882.3926],[338612.0736,384950.441],[337285.8147,385919.914100001],[337231.0983,385959.910800001],[337167.3988,386006.5962],[335698.3357,386931.8375],[335612.5039,386985.8958],[334663.2087,388100.1293],[334586.2999,388190.400800001],[333937.7012,389804.199100001],[333878.863,389959.222200001],[333507.9026,390936.605],[333501.1259,390985.562999999],[333496.9437,391015.7775],[333096.6483,393907.702199999],[333094.2193,393925.2502],[333093.814,393928.178400001],[333086.1008,393983.902100001],[332131.4974,395983.701300001],[331853.9027,395866.3551],[331209.9955,396684.730599999],[331025.2304,396947.1316],[330958.0756,397046.358899999],[331219.7997,397358.300100001],[330848.11,398412.681399999],[330115.0779,399999.9682],[329456.0996,401426.9011],[329533.766,402059.801100001],[329539.4775,402151.4187],[329646.6935,403871.266100001],[329650.6981,403935.5041],[329563.4998,404297.4004],[329604.5866,403836.7435],[329094.9975,403295.397299999],[328559.5416,403816.0221],[327961.59,403960.698999999],[327102.6999,405469.799900001],[326856.8,406665.0999],[327215.5002,408649.000299999],[328199.2921,410632.3431],[329826.4004,413146.7974],[329835.2601,413166.1215],[331152.0003,416038.100299999],[331935.3963,417286.4024],[332828.3035,417999.6982],[332837.8262,418016.6153],[333818.4034,419758.604800001],[333607.7008,419898.104800001],[333301.1989,419417.3025],[333041.534,420000.044299999],[333003.0987,420086.301000001],[333112.9972,420772.3046],[333884.0011,420519.696900001],[334851.3034,421362.4956],[335173.7018,421122.5043],[334818.8014,421666.0987],[335071.7021,421925.0046],[335346.9105,421584.7116],[335369.4284,421841.4109],[335376.4973,421921.9955],[335580.0003,422674.600299999],[336366.2002,422849.399900001],[336404.2029,422323.3006],[335946.9004,422183.100199999],[336511.9002,422255.3003],[336810.7001,421661.9],[337096.9969,422080.096999999],[336880.2975,422046.6998],[336557.1999,422360.5001],[337026.902,422650.622199999],[337012.0041,422678.198999999],[336963.299,422761.898700001],[337197.6004,423015.2026],[337931.5999,422643.300100001],[337302.6009,423004.9954],[337866.4,423047.0999],[337140.2987,423302.500299999],[337560.6961,423497.403899999],[337046.9961,423534.104],[337800.0005,423937.1993],[338234.5003,423527.4003],[338780.8,423518.6996],[338175.8997,423628.700300001],[338033.2982,424298.9969],[337607.4998,424179.0997],[337964.6825,424504.991900001],[337510.8963,424345.1019],[338345.4003,425852.499700001],[338572.5979,425105.610200001],[338544.2002,425750.0001],[338834.6002,425472.799900001],[338836.5039,424811.406500001],[338914.1974,425320.1028],[339673.7992,424490.100099999],[339415.3982,424906.201300001],[339660.1997,424884.0001],[338776.0005,425705.9014],[339719.3029,425909.2042],[339954.0043,424867.007099999],[339999.9817,424974.3518],[340079.6144,425160.272399999],[339999.9813,425285.505999999],[339838.5998,425539.299900001],[339999.9813,425564.200200001],[340135.7881,425585.1544],[339999.9813,425694.9712],[339916.599,425762.396199999],[339999.9813,425870.394099999],[340226.3081,426161.3367],[340435.403,426214.296800001],[340365.8791,425873.5836],[340956.4997,425548.6986],[340678.3013,425923.799900001],[341078.5012,426333.2016],[341421.6999,426393.4002],[341298.9989,425843.2031],[341461.8966,426401.903100001],[341631.8997,425969.5998],[341768.1001,426424.700300001],[342822.2899,426680.967700001],[343884.25,426425.9],[345064.5782,425257.472899999],[345157.7497,425096.8257],[345363.5754,424741.938999999],[345512.1188,424485.8192],[345534.0609,424447.986500001],[345560.4998,424402.4002],[345542.898,424700.5001],[345534.1184,424717.3914],[345328.6983,425112.6022],[345541.8997,425173.901000001],[344972.8998,425648.8993],[344948.9968,425696.0952],[344480.4959,426169.5996],[344369.9998,426297.3002],[343707.5998,426886.700099999],[345862.3022,427792.805],[346012.3,427860.9],[348685.8889,428766.5317],[348930.0944,428805.625],[349047.2987,428295.2217],[349034.8249,428822.3906],[349034.4987,428836.0964],[349985.0579,429106.7236],[350172.9026,429160.203600001],[349725.4311,429163.526799999],[349705.4767,429163.675000001],[348105.503,428826.845799999],[347792.8139,428710.5591],[347743.2974,428692.144300001],[347736.8911,428691.387399999],[347700.5998,428687.0997],[347192.899,428504.3003],[346940.3014,428722.399800001],[347106.0998,428458.5001],[346001.3998,428083.700200001],[345979.533,428138.1995],[345869.7969,428411.697799999],[345838.004,427987.8991],[343623.583,427246.7413],[343591.802,427236.1043],[343174.6013,427129.5999],[343126.67,427131.159499999],[342394.4584,427154.985200001],[342314.1968,427157.596799999],[342091.9017,426899.000800001],[339999.9813,426656.5154],[338821.8178,426519.9484],[338806.0855,426518.124700001],[338800.6959,426517.5],[338764.999,426645.103599999],[338210.0032,426594.797900001],[338110.4006,426717.625800001],[338039.0007,426601.596000001],[337469.2912,426670.404100001],[337224.8998,426708.295399999],[335444.0988,426892.499299999],[335425.7181,426896.1854],[335387.0522,426903.9396],[334079.7307,427166.127499999],[333621.2468,427362.5408],[332385.8844,427891.767000001],[332371.7977,427897.8017],[331858.8003,428461.9002],[331580.7676,428402.7322],[330832.4777,429723.958900001],[330546.2999,430029.699899999],[330449.9694,431655.029100001],[330339.429,432451.7358],[330334.7002,432485.8016],[330491.1,433716.1998],[330206.9999,433745.3002],[330476.9002,433759.899900001],[330454.5009,434095.101],[330456.4111,434125.8278],[330543.499,435526.701199999],[330542.4215,435640.540100001],[330535.502,436371.5913],[330535.3012,436392.803400001],[330561.1006,437458.1983],[330566.0726,437557.3759],[330574.8587,437732.6348],[330630.5989,438844.501499999],[330641.7606,438908.1108],[330691.8428,439193.523399999],[330833.3624,440000.0273],[330941.8005,440618.003799999],[330951.4898,440678.2007],[331099.0162,441594.74],[331188.3872,442560.836100001],[331197.8648,442663.327],[331199.2018,442677.804300001],[331273.6972,444449.9969],[331270.7623,444510.2972],[331126.2522,447517.708699999],[331644.0992,448040.6994],[332894.2978,448274.691],[333948.9326,448446.4619],[334033.9,448460.299799999],[334083.2945,448293.8005],[334168.2001,448007.5999],[333923.6155,447681.1193],[333883.6435,447627.7632],[333726.9596,447584.587099999],[333598.9034,447549.299799999],[334043.501,447412.7993],[334004.7,445688.9012],[333838.0895,445535.328600001],[333999.803,445420.899],[334146.7891,444691.887700001],[334150.1569,444675.1845],[334173.4011,444559.899499999],[335366.7453,443253.330399999],[335483.5017,443125.496099999],[335943.1975,443073.5019],[336399.5033,442408.9012],[335725.2999,442064.800100001],[335835.4429,441307.818299999],[335861.1998,441130.7985],[335821.8589,441075.470000001],[335891.6767,441068.5111],[335974.1973,441060.2861],[336342.4266,441023.583900001],[336960.2997,440961.999199999],[337119.7231,440838.240599999],[337172.8532,440796.996300001],[337387.2096,440630.594000001],[337437.6966,440591.4014],[337402.8283,440641.192600001],[337057.9999,441133.5997],[336156.4966,441370.7983],[336574.107,442355.4881],[336788.4972,442861.0021],[335347.6002,444185.0999],[335441.7995,444827.3983],[335281.9998,444496.899800001],[335056.2008,444693.398600001],[335258.7002,444822.399800001],[334959.601,444828.6987],[334760.6,445891.800000001],[334878.4689,445951.490599999],[334895.4958,445964.639],[335022.583,446062.7774],[335026.6141,446065.8903],[335073.2736,446101.9213],[335095.0008,446118.6993],[335008.105,446087.218699999],[334912.5076,446060.2983],[334618.7011,446324.200200001],[334663.5002,448794.600099999],[339128.8827,450811.3686],[339134.1289,450813.738],[339206.1733,450846.2765],[340000.0053,450980.0768],[340048.2001,450988.199999999],[340000.0006,450834.2402],[339957.5989,450698.800100001],[339999.995,450665.067299999],[340332.0016,450400.9035],[339999.9865,450407.6897],[339658.7321,450414.6647],[339999.9822,450278.6642],[340166.0001,450212.5],[339999.977,450121.4978],[339778.5001,450000.0997],[339999.9755,450077.010399999],[340221.4024,450153.904200001],[340701.9988,449531.702299999],[340668.2002,449761.8002],[341009.6999,449519.700099999],[341072.6002,449815.300000001],[341081.4035,449525.704],[341231.9006,449821.3994],[341589.2993,449629.1044],[341540.7029,449932.6975],[341895.641,449870.224400001],[341366.7003,450303.0999],[341715.3003,450588.799699999],[341734.2765,450579.1505],[341756.0592,450568.0743],[342115.9011,450385.0989],[342109.6414,450351.2477],[342106.5775,450334.6785],[342065.4001,450111.9998],[342153.2494,450325.613299999],[342158.6954,450338.855699999],[342176.3971,450381.8989],[342272.12,450370.6351],[342702.5447,450319.9867],[342445.2009,450505.8003],[342593.8999,450930.600099999],[342708.7972,450981.2974],[342841.8972,451206.7028],[342328.9967,451241.502900001],[341910.4032,451729.903100001],[342930.4986,451508.5964],[343025.9022,451865.304300001],[343054.7022,451877.2009],[343307.199,452182.203600001],[343359.4974,452249.904200001],[343549.1008,452401.6008],[343845.8003,452171.899800001],[344053.8964,452449.497099999],[344059.5001,452477.3992],[344426.6732,452447.3379],[344909.2002,452533.700200001],[344569.7981,452510.7995],[344730.8002,452787.300100001],[344354.7999,452516.8002],[344186.3776,452689.8312],[343923.4001,452596.100099999],[343223.1001,452836.9001],[342432.703,454029.3049],[343066.3003,454522.3002],[343180.7002,455581.9999],[343522.1986,455824.3007],[343640.5003,455515.5],[343908.8995,455620.0998],[343564.2965,455823.001399999],[343979.6,456287.899800001],[345014.5004,455987.404999999],[345422.6007,456169.4011],[345531.1962,455741.704],[345660.6998,456008.3002],[346126.4996,455725],[345508.4991,456151.498600001],[345745.0923,458043.672700001],[345745.2812,458049.172],[345812.3091,460000.018100001],[345824.7583,460362.351299999],[345819.9139,460379.4846],[345719.3992,460341.6971],[345691.9111,460331.375299999],[345643.2837,460313.075300001],[345630.5153,460302.149800001],[345651.7865,460000.011700001],[345656.5961,459931.6953],[345631.173,460000.0109],[345532.3769,460265.4901],[345500.7702,460259.5285],[345412.7979,460226.401000001],[345324.4026,460458.9044],[345713.2002,460464.0001],[345555.5999,460712.700099999],[345228.0007,460435.600500001],[345532.4998,460744.101399999],[345189.2991,460489.4957],[345379.7013,460828.9991],[345090.4985,460626.396500001],[345288.0984,460865.2984],[345000.0003,460780.4011],[345240.7,460996.299900001],[344949.0997,460894.300000001],[344996.9,461412.699999999],[345124.5666,461464.023700001],[345323.4641,461553.6132],[347154.9649,462378.145500001],[347473.5025,462162.3968],[347540.003,462141.051200001],[347746.3976,462074.801899999],[347786.8304,462113.5579],[347992.2983,462310.5044],[348047.3211,462605.1161],[348053.099,462636.053099999],[348174.5966,463286.595000001],[347778.7645,462327.606000001],[347742.2397,462239.116800001],[347740.0251,462233.751599999],[347723.6994,462194.198999999],[347673.7716,462219.5703],[347616.8462,462248.497500001],[347159.0418,462482.340500001],[345336.4146,461826.9724],[345191.9311,461776.1954],[345160.3035,461752.092399999],[344412.401,460903.100400001],[344727.6999,461107.999299999],[344810.999,460723.4999],[344563.899,460940.095100001],[344510.4042,460668.602299999],[345044.2025,460325.7026],[344963.5315,459999.9882],[345051.2001,460280.5997],[345250.4628,459999.9956],[345299.6,459930.800000001],[344992.9007,459498.0996],[345275.6,459855.7985],[345500.7999,459490.299900001],[345468.7989,458908.999199999],[344932.8035,459228.696599999],[345090.9012,458899.600299999],[344906.0987,459146.599400001],[344817.3003,458707.199100001],[345090.6939,458581.5099],[344993.9983,458706.2961],[345178.2008,458873.0998],[345455.6999,458810.300000001],[345365.4,458227.0002],[345207.0043,458431.410800001],[345260.5757,458172.5988],[345353.6987,458096.8004],[345108.4999,457872.0998],[345363.6987,458028.698799999],[345362.0013,457525.003699999],[344946.8034,457406.297900001],[345168.4998,457258.800000001],[344895.6008,456985.599400001],[344171.1001,456950.800100001],[344726.7999,457979.4999],[343677.6997,456769.4002],[343289.0708,457483.684599999],[343079.7004,457282.603599999],[343382.9002,457163.899700001],[343158.1034,457014.899599999],[343415.4,456894.9003],[343052.5997,456782.4968],[342905.7963,457198.697899999],[342716.8014,456893.137],[342946.2001,456658.700099999],[342653.9998,456507.295700001],[342329.9036,455181.1952],[342144.7031,455771.2962],[341817.5016,455907.5933],[342128.1999,455726.0997],[341999.6999,455360.100099999],[341075.5003,455484.0997],[340853.8975,456199.4037],[341303.401,456449.401000001],[341057.4012,456357.599400001],[340656.2964,457158.099300001],[340906.8968,458660.9991],[339999.9885,459471.1863],[339546.4,459876.4],[339919.1761,460000.019099999],[340000.0053,460026.8235],[340325.0144,460134.7687],[340336.16,460137.08],[340270.66,460336.52],[339999.9994,460265.9866],[339750.6193,460200.9989],[339999.9962,460394.6625],[340334.1999,460654.2017],[340392.3461,460672.301100001],[340763.3999,460787.800100001],[340790.3214,461448.0779],[340792.6334,461504.7819],[340809.2998,461760.5002],[341359.4022,461852.0956],[341645.6721,462796.9954],[341658.096,462838.0034],[341884.4972,463755.1009],[341979.1157,463739.6796],[342323.8023,463683.501399999],[342722.0964,464271.0032],[342690.9928,464349.009500001],[342571.7958,464647.9495],[342711.1058,464710.5283],[343324.9011,464494.9991],[343977.4634,465146.196699999],[343996.4036,465165.0973],[344667.4248,464955.1426],[346052.5684,465980.0503],[346432.96,466179.630000001],[346203.57,466453.26],[346175.6208,466757.239499999],[345971.7997,466819.799900001],[346020.4997,467435.598999999],[346501.754,467791.2086],[347231.9965,468330.801100001],[347904.6123,469909.389699999],[348220.1512,470392.891899999],[348280.9001,470485.916999999],[348801.9963,471305.5996],[348240.8192,470593.898399999],[347836.55,470504.51],[347398.44,471288.43],[347474.65,471816.810000001],[347171.13,471020.560000001],[345951.38,472417.25],[346025.11,472729.9],[346557.79,473030.27],[346470.08,473347.76],[346988.36,473789.4],[345992.5,473370.4],[345557.18,474370.01],[345446.8006,475698.702099999],[344690.29,476330.41],[343664.1,476787.199899999],[343714.0999,477706.899900001],[344411.9955,477777.297599999],[345548.2987,478744.100199999],[345606.1034,479152.203500001],[346178.9465,479070.7119],[346404.8513,479233.414000001],[346425.0557,479247.9881],[346717.2994,479452.7983],[346520.5961,479605.503799999],[346875.1344,480000.0057],[347468.459,480660.209799999],[348309.6012,481590.9954],[348300.2999,482305.4001],[348091.6348,483051.569],[347974.1081,483471.834799999],[347914.4979,483684.995999999],[347192.4469,483568.545499999],[347112.8001,483555.700300001],[347137.301,484096.699100001],[347143.7398,484096.2104],[347814.4028,484045.3029],[347929.2439,484207.1121],[347693.9998,484116.3013],[347548.1655,484254.735200001],[347469.2883,484226.643200001],[347033.1008,484071.295499999],[347005.6036,483533.3994],[347334,483301.699899999],[347873.7013,483483.003900001],[347872.265,482015.247400001],[347751.1054,481334.4936],[347631.7965,481279.6983],[345833.6005,480705.999500001],[345504.7202,480000.005999999],[345213.1013,479374.0001],[345145.3,479190.4001],[343439.4003,478830.295700001],[343517.8012,479129.5999],[343340.6986,478795.695599999],[343244.8001,479047.700300001],[342791.6011,478772.2008],[342721.8854,478710.749199999],[342712.7847,478702.727299999],[342301.4994,478340.196],[342220.9039,478542.698000001],[342201.8001,478006.100199999],[341602.81,477494.77],[341302.19,477525.220000001],[341513.57,476412.48],[340657.88,476347.08],[341429.5,476038.960000001],[340000.0046,474825.5209],[339903.25,474743.390000001],[340000.004,474751.029999999],[340794.42,474813.76],[340152.06,474213.050000001],[339999.9968,473874.312899999],[339658.49,473113.57],[338840.5327,473064.812999999],[338237.71,473024.75],[337458.04,473422.970000001],[337041.6376,473142.964400001],[334818.8007,473509.8992],[334776.8,473574.200300001],[334729.2,473760.6],[334675.2,475007.300000001],[334788.5003,475195.199100001],[334997.9003,475009.300100001],[334995.2988,475718.6],[335273.9002,475396.299799999],[335203.1824,475706.4746],[335080.7964,476028.197799999],[334868.8992,475980.0009],[335070.8034,475735.3016],[334807.2006,475860.4958],[334757.4001,475608.2991],[334593.0011,476021.399900001],[334718.0001,475624.399700001],[334392.2008,475631.3005],[334192.5972,476141.1954],[334500.0969,476521.0966],[334153.796,476155.9012],[334193.4959,476802.896],[334003.8003,476466.199200001],[333464.5999,477093.4],[333528.8028,477573.295],[333395.2009,477148.497099999],[333084.3997,477583.001],[333243.4998,477819.800100001],[333035.9965,477632.398600001],[332943.7998,478045.899800001],[332328.8008,478434.899900001],[332588.8016,478353.900599999],[333199.0023,478382.5033],[333370.2009,478850.299900001],[333569.8971,478848.0897],[333923.1981,479432.6033],[333477.4957,480000.035],[333431.0989,480059.103599999],[333417.4424,480283.1095],[333382.1059,480862.729900001],[333380.401,480890.695900001],[333090.9004,480882.499299999],[333031.9991,481010.6011],[332716.6992,481998.8994],[331884.4999,481732.5002],[331735.7,482454.399],[332710.2999,483156.6986],[332764.1002,483614.0999],[333038.1989,483364.798800001],[333011.8629,483208.0261],[333147.1989,483358.399800001],[333073.1208,483896.3945],[332606.8993,483675.3994],[332479.2991,483185.799900001],[331797.003,483461.299799999],[331517.0007,482744.0954],[331530.8623,482627.535499999],[331538.2991,482565.0001],[331549.3522,482479.68],[331555.1011,482435.3038],[331548.2041,482359.8157],[331528.3085,482142.0579],[331431.3006,481080.3007],[332567.1989,480482.1029],[332765.4424,480000.019099999],[332325.3959,479384.9969],[332638.0311,480000.0098],[332645.6002,480014.899800001],[332613.643,480000.009099999],[332349.0036,479876.6985],[331950.36,478689.210000001],[331580.8227,478653.7754],[331393.8016,478637.3007],[331278.3113,478097.51],[331266.4992,478042.301200001],[331365.7038,477479.702299999],[330947.0003,477583.5996],[331196.004,477336.903200001],[330809.985,476635.342499999],[330836.9155,476482.6282],[330961.5669,475775.1896],[330828.4997,474540.4003],[329697.1,473664.6998],[329035.8997,471702.5],[328172.7003,470797.6998],[327895.9999,469912],[325375.2779,467436.911599999],[325364.8682,467426.718499999],[324942.0443,467012.4431],[323897.6,465883.0011],[323397.2999,465730.9998],[324660.3001,464139.100099999],[324726.5999,464421.9001],[324785.3002,463816.399900001],[323456.4001,465490.1],[323327.4041,464820.595899999],[323019.7,464968.6998],[323312.0003,465911.600299999],[322467.502,466708.395500001],[322588.5972,467294.5977],[322199.9005,468095.499700001],[321673.1752,468084.8577],[321666.8376,468084.729699999],[321329.296,467919.198899999],[321171.098,467841.701099999],[320967.9912,467742.7139],[320838.1009,467679.1],[320691.7961,467604.598999999],[320639.5989,467571.500700001],[320408.8479,467342.1921],[320368.6148,467302.2105],[320304.302,467238.299699999],[320303.9979,467221.5986],[320320.2997,467173.299799999],[320345.9967,467118.222899999],[320342.3188,467099.710999999],[320313.9002,467033.4025],[320299.9646,467023.3178],[320219.1955,466977.484200001],[320216.4024,467003.101199999],[320193.3374,467066.8791],[320180.1515,467103.3398],[320147.2503,467106.008400001],[320055.7175,467124.683800001],[320000.0026,467198.803200001],[319114.1321,468234.079700001],[319063.7998,468292.900800001],[319057.7033,468329.418400001],[318916.4036,469175.7992],[318839.403,471028.698899999],[319070.5038,473076.9026],[319270.2,474052.1],[319090.693,474329.596000001],[318492.0963,473941.695],[318065.0997,475495.899700001],[318750.9997,475850.100099999],[319904.6979,475760.304500001],[319999.9816,475845.020400001],[320653.1019,476425.7039],[320801.6002,477244.100299999],[320292.001,477581.203299999],[320825.1,477334.800100001],[320552.0998,477543.6],[321029.3002,478898.9003],[320977.199,479728.6994],[321539.5001,479980.600099999],[321175.6998,479880.804],[321233.5856,479999.9717],[321482.8958,480513.218699999],[321518.3965,480586.302999999],[321717.7848,480152.3934],[321527.2011,480873.600299999],[321925.9002,481133.299900001],[322583.2029,482639.0923],[322028.5019,482115.295399999],[321883.3971,483109.2009],[321713.5018,483343.335200001],[321640.2785,483444.2448],[321078.5967,484218.303400001],[321138.2996,484692.198899999],[320848.292,485152.001],[320068.511,485395.015000001],[320021.9547,485661.383099999],[320383.403,486145.325999999],[320264.817,486580.412],[320413.8001,487499.699899999],[320298.545,487538.2355],[320278.5973,487544.904999999],[320151.8023,487587.299000001],[320359.8005,487350.2969],[320136.617,486420.115],[320278.447,486138.873],[320000.01,485899.0101],[319906.875,485623.742000001],[320000.0047,485268.4475],[320420.4998,484680.5013],[320000.0025,484486.899800001],[320345.9992,484193.200200001],[320461.02,483757.481000001],[320815.665,483097.797],[320464.836,482216.82],[319999.9906,482309.156199999],[319634.9002,482547.6998],[319381.4002,482698.6993],[319562.7998,482447.399900001],[319999.9836,482140.148700001],[320211.622,481991.41],[319999.9884,481570.857799999],[319459.153,481256.039999999],[319333.173,481425.5],[319497.2,482056.3002],[318892.6002,482506.702199999],[319414.8011,482044.695599999],[319016.7918,481314.8312],[318993.132,481772.060000001],[318841.3989,481568.8002],[318766.686,481438.295],[318665.958,481334.562999999],[318532.426,480876.813999999],[318512.4985,482105.388699999],[318477.588,481117.032],[318351.469,480743.578],[318170.7,480618.9999],[318489.2013,480733.600500001],[318586.0997,480033.301000001],[318616.9965,479999.970699999],[319260.2999,479305.9998],[318277.4031,478044.8005],[317314.3999,477893.5999],[316736.6286,478326.485200001],[316731.8152,478330.091499999],[316084.8023,478684.497400001],[315754.863,478072.426000001],[316790.109,477939.748],[315956.883,477674.992000001],[314335.1007,477774.098999999],[313324.899,478658.6042],[312584.7796,479999.998199999],[311127.1,482641.9002],[309265.8976,485203.4014],[307825.5019,488196.004799999],[307494.4998,489514.600199999],[307973.2998,490699.499700001],[307434.8998,493506.200300001],[307612.598,494734.403200001],[308448.4994,495895.2004],[308303.3032,494527.5024],[308787.9986,494506.4991],[308368.9001,496667.999700001],[308575.2998,496972.001399999],[308801.1304,497142.678099999],[308852.1003,497181.1998],[308832.7233,497185.961999999],[308126.6033,497359.501800001],[308335.4013,496717.795399999],[307649.9991,496947.5995],[307172.3,496521.8013],[307969.5019,496228.6954],[307968.4991,495745.600199999],[307342.0033,495106.196799999],[306791.7998,495152.6998],[304390.5023,498776.1962],[304267.523,499618.887800001],[304212.6424,499994.946599999],[304209.284,499999.9932],[302766.7035,502167.6954],[302668.3741,502280.4648],[302641.4001,502311.4],[300000.0041,505903.671800001],[298995.5923,507269.661699999],[298105.3276,508480.412599999],[297777.1406,508962.694800001],[296889.7999,510808.0002],[295939.3001,511813.6],[295189.8963,511825.200999999],[294738.1,513068.495100001],[294390.0258,513431.9077],[294118.826,514022.448999999],[294030.8819,514634.412599999],[294486.7201,514998.5187],[294833.1985,515142.001599999],[295583.6571,515568.1599],[295663.4999,515613.499700001],[296018.0691,516221.7019],[296039.6,516238.9],[296055.9741,516280.0821],[296065.9,516293.35],[296070.6735,516311.935699999],[296158.7923,516463.088199999],[296218.1348,516687.9288],[296889.0524,518375.338],[297024.0001,518161.699999999],[297187.6137,518434.0766],[297268.6001,518568.8993],[297115.8024,518588.494999999],[296992.8749,518636.4596],[296997.4142,518647.8763],[297156.599,518603.300799999],[297159.669,518611.58],[297647.4028,519926.901900001],[297658.9242,519961.6251],[297660.386,519966.0307],[297671.6697,520000.037699999],[297930.2999,520779.499],[297915.7357,521062.1129],[297930.23,521143.92],[297911.3716,521146.796399999],[297821.3983,522892.703],[298505.9577,523971.753900001],[298545.4519,524442.683],[298967.75,525244.4],[298578.6506,527361.054099999],[298479.2139,528221.1841],[298474.0122,528266.179199999],[298473.0962,528274.102600001],[298289.633,529125.329299999],[298279.3546,529654.9597],[299270.0997,529042.101500001],[299611.7968,529018.4001],[299146.7999,529218.801200001],[299183.3886,529228.8827],[299216.6529,529238.0482],[298685.7999,529550.200300001],[299999.9944,531481.5447],[300083.9997,531604.9991],[301228.6038,532948.3046],[301243.8086,532967.486300001],[301246.8426,532971.313899999],[302191.3001,534162.799799999],[302675.8676,535637.1997],[302697.5655,535806.460100001],[302746.2133,536185.9507],[302997.8231,536815.9253],[303399.1991,536624.801100001],[303024.1086,536881.738399999],[303026.095,536886.7119],[303399.1986,536828.104],[303906.6994,537780.2008],[304770.4996,538425.832900001],[304861.301,538493.7008],[306404.0378,540000.025900001],[307003.3104,540585.1545],[307068.5971,540648.9003],[307555.821,541579.6995],[307878.9959,542197.097100001],[308026.9,543850.0999],[307667.7995,546141.999],[309523.597,550346.204500001],[309527.3068,550361.0054],[310322.309,553532.797800001],[310586.0301,553486.850299999],[310614.5508,553480.0999],[310605.1356,553488.3499],[310624.2,553480.199999999],[310587.845,553503.500600001],[310582.8266,553507.898],[310438.7004,553651.6993],[310503.2675,553729.8486],[311126.464,554304.037],[311602.9457,555060.853700001],[312418.1989,556047.602499999],[314241.8992,556987.9033],[314441.3485,556835.1061],[314476.6001,556808.1],[314359.1677,556749.23],[313534.115,556252.055],[313847.6039,556355.5043],[313863.8961,556357.2039],[314174.9,556547.9002],[314497.119,555877.618000001],[314870.696,555849.257999999],[315092.6275,555731.1434],[315365.0999,555790.6997],[315539.67,555741.172],[315969.0993,555623.104],[316143.1031,555527.8013],[316560.2002,555263.000299999],[317060.707,554830.499],[317440.314,554558.935000001],[317488.1034,554757.3018],[317734.521,554300.0624],[317841.4,554186.0999],[317590.3864,553520.2819],[317493.5039,553263.2995],[317812.2992,552611.3961],[317717.0272,552995.4431],[317674.1349,553168.3444],[317654.2991,553248.3038],[317723.9039,553484.995999999],[318111.0002,554417.4999],[317862.108,554713.866],[317756.418,555126.768999999],[317548.1,555695.300000001],[317583.21,556033.366],[318465.308,555932.130000001],[319123.572,556233.282],[319560.422,556593.872],[319839.9999,557184.8002],[319570.48,557338.220000001],[319614,557986.5],[319920.1002,558168.0999],[320000.0025,558090.626599999],[320515.4999,557590.799799999],[320296.0995,558005.0012],[321065.7012,557847.398600001],[321764.5033,557024.8028],[322529.399,557244.899599999],[322425.5027,557305.071599999],[322224.2988,557421.5997],[321787.8002,557089.000299999],[321007.8323,558103.068600001],[320117.8994,558400.100299999],[320059.6458,558361.095899999],[320000.0025,558321.160800001],[319400.271,558131.651000001],[318644.065,556855.604],[316549.8992,557937.801000001],[315885.1976,558588.6951],[315907.5996,559033.299000001],[316658.8954,559999.961100001],[317888.6987,561582.299699999],[319041.5992,561662.6998],[318798.9032,561003.603800001],[319067.9973,561674.2019],[320000.0098,561777.577199999],[320163.4,561795.6998],[321149.247,562435.748],[322966.3,562800.0999],[324136.5997,562341.4003],[324720.1021,561427.9024],[325969.0998,560963],[326079.8027,560352.601399999],[326708.98,560185.130000001],[327172.499,559789.8068],[327975.428,559865.831],[328775.263,559686.702],[329473.728,559853.426999999],[329792.2,560248.9001],[331359.1992,560802.1008],[332012.6998,561696.200300001],[332980.088,561795.497],[333401.412,561623.094000001],[333929.366,561549.635],[335094.144,561853.51],[335427.9001,561746.399900001],[335862.8992,560806.600099999],[335732.9649,560414.0233],[335609.7006,560041.599199999],[336292.0951,560592.401900001],[336041.15,560742.902100001],[335978.2961,560780.5977],[335530.1003,561840.799799999],[335132.664,561968.148],[333587.68,561722.759],[333084.789,562050.648],[332706.61,562241.176000001],[331986.44,562115.18],[331701.159,561992.498],[331366.326,561978.351],[331090.8144,561806.1874],[331413.497,561676.104],[330726.3002,561126.0997],[329585.6033,561068.895],[329960.8031,560910.600500001],[329107.3796,560258.8257],[328311.8984,560490.1231],[327912.538,562388.289999999],[330625.709,563995.722999999],[330609.107,564486.572000001],[331458.9967,564999.9999],[332174.134,566097.833000001],[333019.742,565914.552999999],[332943.5034,565235.502499999],[333376.5011,564948.3047],[333502.623,564429.3232],[333663.5002,564875.0001],[333223.374,565324.583000001],[333103.9998,566067.200099999],[332515.0638,566279.417199999],[333306.5994,567607.103599999],[332981.002,568818.2969],[334533.2996,571810.600400001],[332791.1017,573038.298900001],[332959.4989,573650.103800001],[338852.7965,573174.799900001],[340285.5984,574300.797599999],[340043.004,575366.102600001],[342836.6039,576311.202099999],[343536.2962,578178.797499999],[345325.9032,579663.3026],[347321.0019,581474.304199999],[347472.9996,582972.495300001],[350069.02,583329.59],[355291.17,586766.6],[356180.3708,588517.2903],[357677.7963,592130.603800001],[359931.996,592345.3024],[360028.6034,594692.000600001],[361224.7968,594942.099099999],[358992.6032,596399.002],[360273.2014,596629.596000001],[361400.598,598959.799000001],[363691.8016,600458.0001],[364622.0011,602784.1043],[367084.8009,603343.1043],[369956.4979,606849.8005],[373788.7034,607290.704299999],[374780.5,606090],[376070.4993,606192.298699999],[378704.4006,608184.398499999],[378155.9968,608840.400699999],[379187.8003,609745.8015],[378252.0023,611761.604499999],[378846.9,612748.602],[380262.9975,612584.099099999],[383607.3014,615480.0001],[385461.5992,614972.0955],[387771.7993,616763.602700001],[388206.0008,618712.8048],[389634.0041,619406.5962],[387371.8974,620178.895099999],[387293.5034,621767.700300001],[385645.497,623996.202400001],[384939.3982,629130.2028],[381891.0013,631888.6032],[381875.3027,634500.3956],[380191.2984,636364.702],[380665.8017,637299.4044],[379676.7984,637002.2995],[378943.7959,637708.6973],[380853.3026,639320.595899999],[385346.1024,638635.1021],[384470.6995,639874.397299999],[386356.0976,641215.9033],[386347.2012,642512.202299999],[389589.7034,645856.395],[388998.9407,647266.2502],[390640.5035,647759.3003],[391038.72,649552.07],[392712.5038,649493.8038],[393343.8034,651842.601500001],[394724.9006,652080.203500001],[394698.7967,655530.9957],[397932.4469,657546.949100001],[397940.7878,657536.721000001],[398145.0002,656772.899800001],[399309.2785,655559.425100001],[399287.553,655368.128],[399418.6708,655317.8972],[399835.3776,655011.095899999],[400000,654839.5175],[400099.8003,654735.5002]]]]},"properties":{"FID":1,"CTRY25CD":"E92000001","CTRY25NM":"England","CTRY25NMW":"Lloegr","BNG_E":394883,"BNG_N":370883,"LONG":-2.078117,"LAT":53.23497,"GlobalID":"d00f4a26-4114-486a-8c62-d1e78e97dc09"}},{"type":"Feature","id":2,"geometry":{"type":"MultiPolygon","coordinates":[[[[173005.7833,536966.970899999],[172807.1142,536307.8466],[172759.09,536149.93],[172044.9645,536770.9323],[171434.1749,536651.536],[172227.7243,537588.1559],[172231.9126,537590.192600001],[173005.7833,536966.970899999]]],[[[173065.8781,539262.7256],[172890.0305,538782.982899999],[172842.4772,539327.3771],[173065.8781,539262.7256]]],[[[116847.5098,602929.1724],[119698.8089,601990.6076],[120000.0013,602042.730900001],[120831.0181,602186.5436],[121420.7936,602769.353],[122416.048,603329.732100001],[122425.7286,603326.1108],[122836.1681,602893.6006],[122977.2138,602744.894300001],[123475.5799,602912.9087],[123842.738,602482.8379],[124625.5997,602502.543400001],[125829.6988,601328.299000001],[127300.6627,601289.095000001],[127397.5337,600673.4461],[127400.7062,600670.816400001],[128339.9382,600215.2892],[128521.0129,600000.0197],[129233.5522,599152.9221],[129475.7556,599062.398700001],[130496.8693,598017.0594],[134266.8789,599033.763699999],[136401.5268,600489.5891],[138174.1526,598322.6303],[138177.1036,598321.620999999],[139777.7525,597660.7807],[139999.9954,597485.684699999],[140769.7988,596879.188200001],[141532.651,596936.2574],[141364.8097,595961.7311],[141835.427,595332.997099999],[141889.6386,595260.546399999],[142089.0636,594324.4395],[142197.5486,594196.7535],[142212.4071,594122.786599999],[142307.9538,594066.807399999],[143446.9062,592726.269200001],[143534.3732,592445.014900001],[143496.8509,590465.092900001],[143489.6131,590300.2557],[142432.7538,589313.4056],[142442.1539,589123.9344],[142362.7494,589038.485099999],[142349.0627,588622.363399999],[142470.3807,588554.9877],[142586.8706,586206.983200001],[140993.506,583843.750800001],[141270.7555,582100.072699999],[141173.9839,582199.5562],[140910.762,581956.2465],[140632.221,581506.127599999],[141848.7865,580640.9869],[146052.7344,580771.0013],[146853.0043,579374.090500001],[146200.6032,577942.7048],[145945.1356,576542.142100001],[145470.4265,575061.364700001],[145039.1213,574599.124399999],[144667.886,573053.262499999],[144773.5787,572887.661599999],[144757.7626,572838.3258],[144837.1492,572788.058499999],[145217.3589,572192.340500001],[145622.4464,572290.811100001],[146544.725,571706.827400001],[146868.6816,571015.8508],[147638.3367,571014.3563],[149160.6694,570050.420499999],[151445.4061,563887.884099999],[151592.124,563759.6643],[151626.4816,563651.1522],[152551.6947,562921.0758],[152657.404,562828.6942],[152666.5481,562830.4471],[152678.6868,562820.8687],[153565.9014,563002.8555],[153874.2082,560796.3969],[153892.9233,560780.74],[153898.105,560745.529999999],[156264.1618,557435.9233],[157173.4103,557267.3013],[157189.3319,557316.099400001],[157238.927,557308.760399999],[157445.0815,558099.9442],[158289.2274,557337.1775],[158296.2097,557341.9671],[158298.6575,557339.7872],[158300.2807,557344.7597],[158585.2289,557540.226399999],[158541.4627,558083.598099999],[158549.1689,558107.2053],[158574.2618,558100.648],[159389.2529,557616.4345],[160000.0229,557141.5262],[160594.145,556679.5626],[160872.0661,556735.445599999],[160880.9252,556730.1821],[160897.2861,556702.1494],[162750.5651,552066.405400001],[162904.052,551620.377],[162901.0281,551510.203],[162404.5457,548406.9158],[162793.3532,547587.2128],[161815.79,546649.4026],[161251.223,545324.0353],[159999.9807,544627.3247],[159580.0345,544393.4923],[159116.6561,543504.2289],[158675.2147,543127.881899999],[158078.9279,543072.271500001],[158224.9629,542744.023700001],[157555.6229,542766.319399999],[157536.6524,542963.261700001],[157505.459,542767.9904],[157361.7509,542772.7773],[157066.9301,543046.642000001],[156184.8905,542891.304],[156050.7441,542816.447000001],[155946.7749,542819.9102],[154227.5162,541735.9681],[153679.0631,541771.2567],[152603.6272,541250.3522],[152231.9633,540557.9527],[151329.9097,539999.989],[151215.7501,539929.3528],[151121.6728,539852.1271],[150729.398,539530.507200001],[149340.3085,538414.993000001],[148870.4798,537981.9344],[147602.7475,535144.0853],[149996.9912,533957.3761],[151238.6538,533346.518200001],[152366.9276,534235.4298],[152933.0495,534515.187799999],[154597.8996,535993.1031],[157511.6109,537138.933700001],[158858.2988,537834.7459],[159999.9778,536693.222100001],[160105.8848,536587.923800001],[161619.8767,536624.0233],[161893.2576,536357.620999999],[162324.0659,536502.1128],[162742.7168,536642.3802],[163168.0343,535998.597899999],[163160.8787,535976.7754],[163174.9778,535988.0879],[163185.0653,535972.8189],[163656.1829,536326.3531],[163730.5893,536304.402899999],[164296.2252,536806.6109],[164589.1051,536193.325200001],[165172.4245,536416.1812],[165362.8634,536331.2381],[165429.3078,536514.323000001],[165642.4073,536595.737199999],[165602.016,536990.213300001],[165845.7274,537661.7501],[165913.2053,537684.8928],[166103.0538,537661.8287],[166355.7829,537466.375800001],[166543.2458,537608.3511],[166591.5493,537602.482899999],[166513.9463,537386.817500001],[167264.8304,537091.8781],[168023.5437,537428.5144],[168174.6034,537410.162599999],[168544.0936,537046.1778],[168605.9198,536985.250499999],[168977.7426,537312.516000001],[168984.9422,537307.794500001],[169589.081,536605.2752],[169914.3126,535694.5381],[170856.8596,534749.424799999],[171255.158,534667.887399999],[171661.6476,534195.203299999],[171761.8652,533660.1636],[171825.016,533322.665999999],[172256.1257,533503.302999999],[172258.0818,533494.286900001],[171882.4101,531008.018200001],[172547.739,528206.8959],[172614.5925,528110.218800001],[172647.7777,527986.648700001],[172745.2608,527921.2589],[173685.2206,526561.979699999],[173778.2917,526102.752499999],[174057.7563,526023.2545],[175227.2139,524332.0976],[174580.7618,522421.0221],[174727.2983,521741.7863],[174672.15,521655.786],[174773.716,520990.7006],[174934.1897,520782.789100001],[175751.8219,516992.844900001],[175764.0312,516984.4179],[175775.1823,516930.347100001],[176992.1621,516119.948999999],[177683.1549,515659.414999999],[177022.917,514386.509],[177214.0394,513116.2524],[177063.9062,512577.6709],[177301.8277,512333.720100001],[177062.692,512237.551999999],[177335.4036,512309.629799999],[176285.1926,511510.8005],[176180.3545,511148.1084],[175268.6254,510232.6438],[174440.3582,509641.589199999],[174449.4277,509410.089600001],[174299.6416,509259.6898],[174466.2272,508981.2798],[174477.963,508689.6854],[174632.1918,508703.9078],[174756.5804,508496.0206],[174760.2144,508170.2665],[175257.8611,507416.498299999],[175271.7988,507010.887599999],[175102.2404,506069.333699999],[175318.5343,505650.798],[175357.3896,504520.0361],[175350.0695,504514.4528],[174606.8347,504132.3596],[174485.0366,504400.1372],[173951.5401,504330.789999999],[173387.7721,503505.6457],[173110.0959,502283.7632],[173825.5906,501286.239700001],[173279.1263,501448.7073],[173115.7298,500956.881999999],[172699.9141,500763.782299999],[172696.2073,500000.0327],[172690.572,498734.7774],[171392.8288,497802.5187],[170327.5298,496904.500700001],[170677.3237,496278.9055],[169829.1807,496578.625],[169590.6355,496052.160599999],[169045.264,495915.142899999],[168297.7927,493738.157500001],[167040.9483,492285.7271],[166819.4551,492217.266899999],[166123.3945,491331.6349],[165078.1207,491554.0603],[164953.7862,489980.7489],[164629.7208,489577.645300001],[164424.4161,489495.0359],[164282.2054,489524.743799999],[164246.6388,489643.094900001],[164086.1218,490490.0394],[163991.5078,490492.0658],[163978.303,490536.005799999],[163892.3381,490494.1897],[163696.152,490498.3914],[163685.0512,490393.3586],[163285.436,490198.9728],[163621.5459,490821.2345],[163171.2418,490948.3276],[163218.9599,491408.341600001],[162992.2652,491390.1183],[163128.2377,491179.9098],[162590.3971,490629.7969],[163042.5093,490289.6467],[163052.2903,490075.419299999],[162912.0338,489889.263],[163097.97,489074.922],[162705.7846,488945.0447],[162491.8538,488423.2184],[161450.3984,487303.432700001],[161101.2493,488386.408500001],[161030.156,488327.656500001],[160843.4245,488784.363399999],[160469.8527,489693.239700001],[160000.0069,490042.335200001],[159831.4094,490167.6032],[159608.3341,490195.2038],[159478.0154,490271.134],[159149.7069,490251.9487],[158458.6391,490337.4529],[157999.0723,490184.7092],[157551.0087,490158.525800001],[157307.5101,490584.4356],[156005.5289,490517.4837],[155479.8844,490037.4959],[152507.748,489863.8137],[151014.5084,489835.6445],[150565.9898,490825.8694],[150347.1217,491360.119000001],[151510.4675,491569.013],[151761.3382,494488.6821],[151802.9046,494619.556700001],[151770.0326,494589.8686],[151771.1296,494602.635299999],[151747.9229,494569.9003],[150690.2503,493614.6697],[150842.9685,493408.0867],[150846.0785,493414.057800001],[150850.4063,493408.486300001],[150962.4386,493637.466],[150883.3969,493350.4136],[150199.3079,492385.4485],[150154.2358,492350.3419],[150140.7084,492302.789000001],[149362.3765,491204.886299999],[149285.0089,491172.6623],[149271.382,491076.5309],[149247.1322,491042.3246],[149265.8951,491037.2916],[149204.8818,490600.953600001],[149857.5563,490659.9418],[149944.0536,490855.3814],[150326.0697,490751.974199999],[150487.778,489801.3881],[150429.9151,489639.9221],[149842.3333,489120.2017],[146743.9731,486807.9472],[146178.5158,485879.528200001],[146168.5592,485870.7215],[146169.6083,485864.903000001],[146171.8419,485858.435900001],[147312.2987,481590.2499],[146703.2214,479515.8332],[145975.2808,477999.7554],[146033.2668,477234.078600001],[145725.203,476184.864399999],[145666.6714,476133.3114],[145606.3673,475780.1295],[145318.1601,474798.5436],[145189.0967,474616.198100001],[141523.8161,471895.9827],[141479.3885,471807.378599999],[141370.3749,471727.6084],[140704.2013,470261.386499999],[138529.9812,470224.519200001],[138795.9272,469937.9087],[138976.9562,469802.9768],[139028.1649,469783.3498],[138244.7653,469539.626599999],[137264.8518,468136.872],[136159.4837,467530.970899999],[133907.0345,466203.7864],[133886.8389,466218.8674],[133760.409,466811.8906],[132857.9418,466987.1972],[132672.4752,467125.694499999],[132293.9169,467809.7141],[131107.3648,468294.442],[131637.0529,468657.588400001],[131754.4062,469192.838199999],[132754.8833,468955.098200001],[132783.6455,468738.048900001],[132960.8731,468906.149499999],[133400.7111,468801.4594],[132080.7313,470741.1292],[132077.9264,470744.1974],[130848.156,470891.659499999],[130100.1141,471228.4783],[129683.9679,471031.2576],[128714.9695,471147.4505],[128495.2079,471303.393999999],[127879.3763,471247.6467],[126674.2743,472362.261299999],[126380.6447,472306.568499999],[126020.038,473756.7874],[126020.6026,474590.771],[125567.6253,475089.351],[123218.9485,475582.777799999],[122341.2869,475367.499700001],[121897.646,475106.3835],[121823.1787,475596.408399999],[121612.7446,475437.6745],[121223.3114,475682.4846],[120930.0008,475933.067299999],[120538.1296,476499.0067],[119999.9953,476825.612299999],[119603.809,477066.066500001],[118378.6217,476475.036499999],[117684.3662,474760.638900001],[116511.5076,475252.0558],[116704.6897,476395.8531],[116394.2222,477176.668400001],[115812.6225,477438.0667],[115663.3972,477304.0176],[114684.4687,477474.5997],[114679.8902,477475.713400001],[114678.6035,477468.043299999],[114584.2464,476192.5965],[114648.8174,476025.684],[114634.8038,475347.092599999],[114561.5157,475280.955499999],[114582.507,472901.785399999],[113300.137,472520.147299999],[112666.9065,471488.6449],[112652.3868,471494.7304],[112432.3842,471802.9902],[111349.7866,472040.671],[110094.471,471680.138800001],[109935.0684,471904.870300001],[109241.9497,471435.290899999],[108536.4426,473273.915200001],[107148.9547,473871.2478],[106854.6547,473381.8517],[107496.7838,472642.286699999],[106645.2861,472745.6801],[105794.6153,471965.1152],[104911.2382,471821.32],[104833.6216,471291.2982],[103481.3636,472156.991],[101859.452,471202.312899999],[101826.8632,471197.3528],[101450.3027,471262.059800001],[100987.4633,471527.265699999],[101001.9361,471633.447799999],[99999.9889000002,472104.1215],[99893.0992000001,472154.333900001],[99257.1256999997,471573.785599999],[99254.8301999997,470749.7204],[98629.8775000004,470836.3551],[98516.4488000004,470455.0184],[98276.7238999996,470359.339600001],[97854.8125,470614.3862],[97305.8601000002,469971.8495],[96118.2544999998,471842.3497],[95780.9484000001,472861.477600001],[95403.7198000001,472967.754799999],[94638.7786999997,474172.550799999],[94626.2430999996,474205.558700001],[95351.3685999997,474533.2654],[95589.5179000003,475744.8202],[95418.9296000004,476043.297],[95450.6096999999,476751.367000001],[95932.4385000002,476369.1241],[96147.8481000001,476689.5505],[96351.4555000002,476671.4989],[96287.5985000003,476897.4322],[96375.6677999999,477028.437200001],[95527.0162000004,479588.457],[95494.9116000002,479702.046800001],[95506.3766000001,479707.243799999],[96237.4595999997,479551.348300001],[96290.8244000003,479515.204],[96290.6966000004,479539.996099999],[96310.2522,479535.826099999],[96746.1418000003,480563.816400001],[96956.0744000003,480615.4264],[96962.0330999997,481072.968699999],[97412.2712000003,482134.7983],[97600.4968999997,482289.3463],[97765.2802999998,482967.3255],[97770.7269000001,482980.170600001],[97769.5564999999,482984.919500001],[97774.6573000001,483005.9059],[97514.9266999997,484942.2566],[97031.1468000002,485981.054500001],[96040.9365999997,486809.869000001],[95765.6851000004,487559.0529],[95226.0516999997,487491.934800001],[95166.0023999996,487542.1965],[94911.0471000001,487893.3983],[94827.2336999997,487825.7488],[94066.0811000001,488462.8401],[92861.1780000003,488298.8818],[92445.8975999998,487432.270199999],[92075.3765000002,487137.735200001],[92029.3707999997,486563.057499999],[91139.0866,487044.4704],[90716.1946,486695.5273],[89881.3819000004,488610.195499999],[88600.8831000002,488681.5944],[87051.8453000002,490383.012599999],[87151.5367999999,491259.0352],[86642.3273,491696.0288],[86139.5042000003,491540.590299999],[86067.9117999999,493279.579600001],[85927.5877999999,493529.1482],[85678.7586000003,495864.085100001],[84971.4548000004,496614.5197],[84711.6950000003,496537.3068],[82544.9546999997,498045.683800001],[82802.2967999997,498952.291300001],[83190.1188000003,498602.3928],[83214.8265000004,498341.5919],[83635.7713000001,498200.3188],[84402.3872999996,499360.828500001],[84366.8941000002,499999.962099999],[84349.1020999998,500320.3477],[84268.5619999999,500404.493000001],[84135.5795999998,501441.5843],[84217.7888000002,501786.8092],[84082.5358999996,501855.256899999],[83851.8629999999,503654.2071],[83191.7306000004,505540.169],[82346.0635000002,505786.829399999],[82118.6765999999,506126.316199999],[81252.6447000001,506105.753],[81555.1047999999,507239.8247],[81180.1649000002,507690.2546],[81169.7955,507916.942500001],[81378.1100000003,508217.445499999],[81147.04,508414.408399999],[81130.0126999998,508786.646600001],[81136.5811999999,508804.772700001],[81128.9183999998,508810.5701],[81128.2724000001,508824.6916],[81096.6667999998,508834.9704],[80454.9442999996,509320.4725],[80109.2213000003,509156.1086],[79806.7680000002,509254.4728],[79794.3794999998,509303.1348],[80376.8054999998,509790.122400001],[79038.6984000001,510505.2938],[79124.0761000002,510796.671599999],[78121.9413000001,510995.2684],[78196.2264,511620.095000001],[77605.9711999996,511877.8673],[77009.0124000004,512899.002499999],[76339.6612999998,513029.744200001],[76417.4044000003,512798.478700001],[75879.7947000004,512619.4868],[75496.0909000002,512996.7344],[75633.0905999998,513515.3342],[74833.9731999999,513988.5868],[74673.1875999998,513765.594000001],[73903.2943000002,514496.884400001],[73890.6295999996,514510.2634],[73851.3086999999,514546.2634],[71948.2867000001,513537.7138],[71938.6069,513532.6765],[70779.3947999999,511083.9738],[68198.3517000005,509033.0447],[68499.3306,507631.006200001],[67148.4932000004,507147.176899999],[66081.7455000002,506139.5196],[65406.8760000002,505725.2413],[65100.0328000002,505567.1709],[64918.6153999995,505601.6383],[63298.4216,506208.8443],[62813.3430000003,506001.6171],[63213.1882999996,502848.744100001],[62008.3424000004,503091.214500001],[60983.2341,501886.425799999],[61279.8551000003,501280.7004],[63425.7170000002,500194.015900001],[63356.2718000002,500000.0228],[62900.1464,498725.8507],[63055.6505000005,498485.9329],[64121.4156999998,498752.204299999],[64178.5681999996,498239.4044],[64488.4325000001,498023.101],[64607.8267000001,497785.916300001],[64661.1655999999,497007.1175],[65172.0011999998,496665.146],[63985.1323999995,495416.578600001],[64796.0998999998,494919.7282],[64479.5811999999,494034.6931],[64744.9203000003,493243.9944],[62983.767,492577.233999999],[62162.0663000001,493269.313999999],[62179.1776000001,493390.2379],[61925.7219000002,493468.375800001],[61165.3227000004,492489.8313],[59730.4565000003,492618.2907],[59724.7611999996,492610.5814],[59717.8532999996,492614.1667],[58920.8699000003,492127.3957],[58935.9483000003,491542.8247],[58933.0696999999,491538.928200001],[58471.1074999999,491708.835999999],[58023.9325000001,491491.458699999],[57863.9452,491484.020400001],[57850.1155000003,491406.964199999],[57787.6973000001,491376.6219],[57734.9801000003,490765.453600001],[58791.8361,490675.390799999],[57046.6748000002,490184.7432],[56976.2192000002,488529.1494],[58084.4501999998,487587.2566],[56878.2684000004,487099.654200001],[56877.0092000002,487096.8606],[56877.1292000003,487093.3258],[56517.0385999996,485092.9596],[56341.2736999998,484988.865599999],[56341.0120999999,484115.1019],[55320.4551999997,483317.098300001],[55274.4179999996,483123.795399999],[54299.1386000002,482217.358100001],[53293.7335000001,483747.926100001],[53984.6585999997,483883.416200001],[54343.9813000001,483496.171800001],[54856.2241000002,484103.2962],[54862.1133000003,484104.635600001],[54859.5232999995,484107.206599999],[54868.4753999999,484117.8168],[54973.4666999998,484476.9155],[53951.5021000002,485008.5657],[53898.2977,485061.379799999],[53903.8848999999,485077.011399999],[54519.4567999998,485566.5897],[54676.5552000003,485552.226299999],[55114.8243000004,486040.099099999],[55492.6491999999,487550.780200001],[54773.8925000001,488086.8991],[54278.2604,487620.343499999],[53504.9709000001,487664.6395],[51448.8104999997,485545.0778],[51426.3958999999,485534.0066],[51431.8459000001,485527.5901],[51422.5566999996,485518.0144],[52036.8584000003,484683.9552],[52104.2356000002,484194.3115],[52341.2029999997,484270.7357],[52935.5091000004,483463.825099999],[52783.5542000001,483208.0024],[53455.8925000001,482757.282099999],[52495.6613999996,481716.6032],[52490.3180999998,481713.786],[52047.7786999997,483001.8662],[50837.4020999996,482261.3211],[50769.5349000003,482863.5571],[49726.6349999998,483942.724400001],[47779.6168,482835.464500001],[49190.6708000004,484886.702400001],[49035.8613999998,485165.9407],[48501.1727,485140.001499999],[48177.0954999998,484867.6909],[47689.3502000002,484858.542400001],[47228.2096999995,485192.0352],[46062.4495000001,484828.026900001],[46521.0641000001,485930.6491],[46702.1308000004,486081.934699999],[46934.4327999996,486924.4892],[44776.7515000002,486832.4318],[42957.6799999997,485507.1997],[42091.4118999997,483502.7686],[39023.7989999996,485252.025],[38211.1195,484414.335200001],[37754.0332000004,484620.5295],[37648.9924999997,483834.9087],[36973.3578000003,484527.1895],[36491.4144000001,484426.377900001],[36318.5089999996,485144.392100001],[36301.9437999995,485149.7204],[36045.5824999996,486128.4318],[33728.6745999996,486569.297499999],[33694.5300000003,486953.1483],[33566.6508999998,487065.034600001],[32943.0449999999,488973.055],[32949.1135,489049.899599999],[32830.2189999996,489318.263699999],[32774.1572000002,489489.7937],[32731.9812000003,489540.0024],[32706.6774000004,489596.8937],[32647.3726000004,489640.725400001],[31120.6037999997,491458.279300001],[30980.4970000004,491427.3847],[30843.1172000002,491632.269200001],[30594.7231000001,491756.625499999],[30190.2488000002,491253.129000001],[29759.6234999998,491158.172900001],[29756.0970999999,491159.172599999],[29751.7882000003,491195.3587],[29658.5466,492339.874199999],[29613.5154999997,492356.559900001],[29409.4175000004,494066.4538],[28502.5131000001,494018.59],[28329.3010999998,494157.645400001],[28127.7368000001,493998.8474],[25870.2152000004,493879.924900001],[25326.7796,494585.964],[24449.4082000004,494510.628],[24048.3402000004,494688.664000001],[23267.1767999995,494496.5436],[21703.2600999996,494612.0732],[21139.4078000002,493973.237199999],[19999.9648000002,494770.5437],[18117.5943,496087.7015],[18482.6681000004,496632.173900001],[18240.9215000002,497425.267100001],[18435.3459999999,500000.0288],[18498.1926999995,500832.307800001],[17751.0436000004,501559.9267],[17848.2516999999,503040.593599999],[18417.7807999998,504021.3806],[18492.0700000003,504027.165899999],[18713.4082000004,504530.4811],[17981.1644000001,504678.8368],[17451.9031999996,504465.1797],[17447.3377999999,504469.466399999],[17070.2137000002,505456.8201],[16213.6316,505627.861099999],[15553.1566000003,505076.134400001],[15125.0327000003,505909.4409],[14043.4680000003,506086.6241],[12410.0750000002,507179.9136],[12373.2414999995,508078.8879],[11896.0067999996,509278.356799999],[11366.8276000004,509835.658],[11220.0301999999,510209.3531],[11100.1650999999,510844.002599999],[10939.8402000004,510922.6193],[10334.1446000002,512464.509299999],[10329.3169999998,512464.546499999],[10329.5663000001,512470.8901],[9881.23460000008,512853.1643],[9309.51520000026,512472.3994],[9174.3814000003,512473.439999999],[8697.04530000035,512807.6197],[8305.77180000022,512480.128599999],[7837.28149999958,513186.079500001],[6703.30530000012,513631.563100001],[6818.74550000019,513936.808499999],[6377.9868999999,514465.625800001],[5273.63580000028,517297.0002],[824.873300000094,522487.424799999],[793.795800000429,522719.671],[1006.1520999996,522872.9692],[1439.625,522832.5803],[1990.44010000024,523542.885],[1962.36780000012,523563.2532],[1976.16830000002,523573.215700001],[435.25540000014,524850.482799999],[359.677000000142,525240.607899999],[-0.0392000004649162,525291.232799999],[-0.0384999997913837,525211.2992],[-116.19280000031,525307.5798],[3983.49949999992,525427.4461],[4009.13370000012,525547.1439],[4205.89169999957,525546.1766],[4054.36600000039,525758.3542],[4155.73539999966,526231.694700001],[5582.69379999954,526103.827299999],[5173.58800000045,527019.5735],[5820.50549999997,527285.2631],[8828.72090000007,527095.9242],[9241.62100000028,528790.8278],[9063.32079999987,529175.614600001],[11185.0960999997,531976.265799999],[11751.7209999999,533358.140699999],[12663.9811000004,532958.8473],[14066.2078999998,533311.1821],[15267.1623,531682.6711],[15979.6465999996,531614.715700001],[16047.5445999997,531554.004000001],[16253.0379999997,531588.6402],[21669.2325999998,531072.0539],[23492.7971999999,532195.3431],[22963.4844000004,533127.065099999],[25506.9038000004,535072.4619],[25762.9560000002,536165.620200001],[26198.9285000004,535975.361300001],[27850.3945000004,536472.106899999],[28666.2034999998,537851.062899999],[31848.7455000002,538671.0502],[32440.1377999997,539089.356699999],[32589.5936000003,539801.864600001],[31761.4972000001,539921.8005],[31785.5421000002,539999.968],[32024.8339,540777.8825],[31773.1105000004,541634.01],[30624.7418999998,540779.2808],[29763.2452999996,540440.143100001],[29519.0294000003,539999.9959],[29477.7291000001,539925.560799999],[29451.3783999998,539999.9959],[29383.1494000005,540192.7281],[29212.7591000004,540160.2151],[28492.5450999998,540798.028000001],[27520.7560000001,540484.233200001],[26905.7794000003,541856.99],[26214.6309000002,541941.2048],[25097.4225000003,543187.65],[24026.0761000002,542064.015000001],[23119.1222000001,542245.3544],[22800.3351999996,542076.100299999],[22339.5513000004,542080.6434],[22328.1874000002,542090.6461],[22328.7424999997,542119.746300001],[22606.1179,542537.584799999],[22341.2461999999,542775.246200001],[22367.5151000004,544152.378699999],[21081.3003000002,544846.0294],[20304.1401000004,544930.663000001],[20127.9822000004,544997.107999999],[19999.9737999998,545137.600400001],[19921.7093000002,545223.4976],[19292.6310000001,546132.379699999],[18981.4358000001,546987.953500001],[18926.4869999997,547251.6117],[19990.8062000005,548212.419299999],[19999.9583999999,548400.65],[20004.3879000004,548491.750800001],[20048.7735000001,548540.744200001],[20008.1946999999,548570.0448],[20021.4452999998,548842.565099999],[19999.9583999999,548838.2918],[19715.1424000002,548781.648399999],[19266.2187999999,549105.8015],[19166.9353999998,549325.0759],[18645.8639000002,549553.739700001],[18895.8485000003,550287.8573],[19346.7663000003,550053.7882],[19527.6849999996,550233.2116],[19828.0229000002,550207.236300001],[19999.9528000001,550106.9356],[20344.7410000004,549905.7927],[20603.1972000003,550140.193700001],[21380.8189000003,550072.9395],[24445.9338999996,553592.067600001],[25641.9737999998,553199.509],[26337.0822999999,551446.6538],[27377.0247,551468.318700001],[27979.4550000001,550978.1768],[27972.9968999997,550386.944800001],[29118.8548999997,550051.1523],[29393.6436000001,549827.5821],[29295.7396,549733.942600001],[29726.8093999997,549556.515799999],[30058.0210999995,549634.982899999],[30784.0595000004,550885.3672],[32390.9095000001,551780.8035],[33307.1045000004,551445.957],[34089.6333999997,551969.6986],[34635.7982999999,552134.4321],[35143.0250000004,552674.7269],[37439.4930999996,554211.738399999],[38589.1332,553209.1085],[40458.8548999997,553096.703400001],[41062.5915000001,553743.1362],[41112.5236999998,553717.180299999],[41093.9090999998,552828.8112],[42753.6216000002,552772.470799999],[42960.2273000004,552538.7795],[43296.7855000002,552754.0327],[43356.017,552752.022],[43920.5356000001,553152.965700001],[43978.0279000001,553189.736099999],[43975.9753999999,553192.3412],[43981.1113999998,553195.989],[43196.6935000001,554181.454299999],[43313.3021999998,556106.9363],[43712.5352999996,557172.3313],[43383.5802999996,557968.120200001],[44385.7704999996,559247.2687],[44896.7938000001,559360.729499999],[44895.9398999996,559898.424900001],[45594.6661999999,559902.4143],[45736.1661,560000.011499999],[47816.9244999997,561435.1787],[47874.6842,561465.566500001],[47884.3136,561481.6591],[47889.7666999996,561485.420299999],[47894.0637999997,561497.9537],[48362.9116000002,562281.4912],[48815.7987000002,562629.8236],[49198.8545000004,563631.613399999],[50906.2500999998,566527.1043],[50906.3821999999,566532.134099999],[50911.4885999998,566540.6679],[51082.2494999999,570864.778999999],[51119.6043999996,570952.9209],[51200.8870000001,573640.8594],[53738.6335000005,574257.113299999],[53945.4897999996,574222.046399999],[54815.4872000003,574518.611099999],[54227.9477000004,576012.548800001],[54297.5833999999,576139.3321],[53989.3370000003,576619.2644],[54516.8172000004,577532.840500001],[54181.9987000003,578764.801999999],[55063.8859999999,580000.0341],[55305.5048000002,580338.462099999],[54450.6116000004,581015.485300001],[55514.1392000001,582821.6676],[57136.0220999997,584543.444399999],[58668.8941000002,585956.1227],[60012.7284000004,585383.3123],[60162.1977000004,585254.210000001],[60220.3934000004,585294.7949],[60375.5421000002,585228.662699999],[61675.4312000005,586363.269099999],[62254.5283000004,585345.5847],[62260.4918,585352.6084],[62262.9205,585348.412900001],[63073.8150000004,586057.6086],[63241.1541999998,586507.615499999],[63804.8192999996,587171.4904],[64054.4323000005,587253.482899999],[64561.3887,586602.921399999],[64581.5078999996,586577.525],[64563.3261000002,586965.327299999],[64841.3055999996,587038.1612],[64556.4375999998,587185.8511],[65174.1371999998,586921.196900001],[64500.4265000001,585686.131100001],[64542.9327999996,584924.2401],[64647.6630999995,584927.4714],[64615.2788000004,584804.833900001],[65858.6677999999,585163.022],[66455.1037999997,586513.831],[67119.1963,586037.306700001],[68673.4742000001,586273.9515],[70088.0986000001,586094.620300001],[70851.4400000004,585898.964199999],[71318.1766999997,584590.298599999],[72314.7676999997,583990.467800001],[73631.1679999996,583951.292199999],[73636.8207999999,583949.7305],[73645.3696999997,583950.8696],[73655.5663000001,583950.566099999],[76907.2199999997,584279.380899999],[77442.2004000004,584456.7565],[77591.1426999997,585268.546],[77763.7561999997,584596.0659],[78088.8043999998,584802.1587],[77869.6896000002,585395.1516],[78133.1862000003,585087.569599999],[77945.0702999998,585393.349300001],[79539.7734000003,586620.6689],[79801.9523999998,587115.048],[80061.1871999996,587344.1712],[80042.8454,587569.2892],[80077.8483999996,587635.2928],[80028.6146999998,587743.949200001],[79848.1651999997,589958.6897],[79864.2303999998,589974.403899999],[81076.6359000001,590508.262],[81366.4857999999,590465.1174],[81837.7933999998,590843.4223],[83490.3402000004,595007.4728],[83514.0333000002,595228.805600001],[83659.9532000003,595534.51],[84278.9709000001,598218.996099999],[84039.2483999999,599999.981799999],[84031.1869000001,600059.873600001],[84043.6128000002,600175.952199999],[84102.6448999997,600158.2783],[87207.7074999996,597707.0886],[87325.9153000005,597664.2579],[87377.1723999996,597616.268100001],[87664.8770000003,597541.440400001],[89636.4446999999,596827.073799999],[90655.5603999998,596763.608100001],[91440.1901000002,596559.537599999],[93113.1189999999,596447.1984],[95533.5516999997,596448.077299999],[95583.8192999996,596456.6996],[96326.8986,596410.4242],[96392.3037,596283.258199999],[97015.8382000001,596367.520300001],[97407.4477000004,596343.1327],[98337.8949999996,596546.603599999],[99055.4161999999,596643.797700001],[99067.1297000004,596706.0732],[99226.5445999997,596740.9342],[99382.9502999997,597710.9516],[99651.7467,597925.434],[99523.0218000002,598579.6656],[100000.0018,598434.6173],[100054.4671,598417.933599999],[100274.3205,598717.317],[100674.0848,598788.775],[100713.5947,598763.944800001],[100773.6164,598806.566299999],[103557.0401,599304.1044],[103553.5183,599352.9727],[103633.0319,599374.697699999],[103827.4433,600000.035800001],[103859.3996,600102.8912],[103729.585,600321.4374],[103585.6651,600073.6447],[103446.7833,600859.6797],[104233.2454,599959.022399999],[106982.5457,599872.083000001],[106998.73,599878.314200001],[107023.1162,599871.985300001],[107627.9808,599999.980799999],[108563.1075,600197.9048],[110485.69,601220.8496],[110793.7041,600730.968800001],[110830.5981,600813.2422],[110889.4247,600742.960999999],[111376.4746,601122.6435],[111543.0997,601093.204700001],[111906.6239,601535.9243],[112073.05,601665.662699999],[112068.3766,601732.9156],[112137.9547,601817.6516],[112053.1647,601951.824100001],[112005.0703,602643.930500001],[112831.2176,602765.130999999],[112832.7848,603064.5473],[113230.2676,603265.6601],[113604.1634,603286.6852],[113673.2659,603489.802200001],[115519.9919,604424.183],[115667.7493,604400.4421],[116847.5098,602929.1724]]],[[[130999.4503,610189.1018],[132323.7596,609464.213500001],[133157.2188,609485.601],[135378.7584,608757.169199999],[135123.193,607988.2059],[135078.9027,607955.9725],[135052.8718,607776.6184],[134626.7883,606494.588],[134525.0088,606400.4025],[134541.7492,606238.716399999],[133811.2746,604042.095699999],[133233.0193,605964.707800001],[134063.5928,606981.437100001],[133842.6088,607850.8576],[132950.7818,607919.072899999],[131673.5097,608364.4517],[130647.3941,608095.2575],[127945.0767,608301.956],[129057.9275,609741.4921],[129369.8322,609564.649],[129725.1357,609897.054],[130294.9468,610029.907500001],[130577.5472,609924.142999999],[130657.4018,610114.415200001],[130988.1117,610191.521400001],[130999.4503,610189.1018]]]]},"properties":{"FID":2,"CTRY25CD":"N92000002","CTRY25NM":"Northern Ireland","CTRY25NMW":"Gogledd Iwerddon","BNG_E":86544,"BNG_N":535337,"LONG":-6.855706,"LAT":54.61502,"GlobalID":"761c6130-3ed3-4afe-9ad0-94310760eab9"}},{"type":"Feature","id":3,"geometry":{"type":"MultiPolygon","coordinates":[[[[202147.961,599212.818499999],[202007.7719,599209.629899999],[201533.9209,599483.7772],[201553.8109,599634.384199999],[201717.3866,600000.0123],[201895.5068,600398.150800001],[202015.3392,600329.4078],[202350.8368,599999.987],[202520.57,599833.3281],[202636.0008,599689.3002],[202627.0199,599678.4419],[202147.961,599212.818499999]]],[[[173258.0575,604973.661699999],[173389.5593,604016.347999999],[173383.9715,604010.1357],[171737.5599,604170.4552],[171672.131,604208.054500001],[172704.4093,604714.264799999],[172752.0004,604667.495200001],[172766.6117,604676.335100001],[172779.7975,604668.196],[173050.3351,604847.9889],[173258.0575,604973.661699999]]],[[[198605.0893,620000.034],[198489.64,619937.470000001],[198449.9253,620000.0371],[198605.0893,620000.034]]],[[[198330.7298,620000.0395],[198328.9073,619966.7744],[198146.4304,620000.043199999],[198330.7298,620000.0395]]],[[[176133.3643,620000.0328],[175761.0482,619966.030400001],[175705.8296,620000.040200001],[175373.2769,620204.863399999],[175749.9436,620422.006999999],[176185.5002,620521.497],[176313.9995,620051.5009],[176236.9096,620009.4892],[176133.3643,620000.0328]]],[[[205621.8651,631343.595000001],[206652.446,628547.1995],[206634.0342,628547.4285],[205997.277,629235.736],[205902.9008,629517.036],[205884.8833,629572.584000001],[205839.0001,629707.5002],[205262.5124,630119.6905],[205590.0445,631352.512800001],[205597.5002,631355.5],[205621.8651,631343.595000001]]],[[[139255.1427,643329.059800001],[139244.4548,643318.862500001],[138808.5394,643421.277899999],[138617.3926,643500.0023],[138786.7281,643625.3467],[139519.7132,644110.8059],[139374.9199,643682.974300001],[139370.5019,643681.4976],[139310.1174,643491.4976],[139255.1427,643329.059800001]]],[[[163817.9726,643276.282400001],[163803.5,643248.0002],[163519.4544,643569.076300001],[163459.0615,643650.287599999],[164092.0821,644730.9208],[164138.6666,644753.7171],[163817.9726,643276.282400001]]],[[[143118.346,646060.804400001],[142666.1034,645904.164000001],[142885.5034,646465.000800001],[143131.6234,646106.962200001],[143118.346,646060.804400001]]],[[[147106.1354,648630.144099999],[147088.7049,648598.7081],[146940.5001,649027.998400001],[147071.1782,649047.954],[147306.7154,649076.0384],[147106.1354,648630.144099999]]],[[[116765.6033,651192.997400001],[116704.2002,651190.728],[116213.7834,651290.5221],[116213.7529,651479.0382],[116365.7053,651798.582699999],[116372.3997,651804.200099999],[116765.6033,651192.997400001]]],[[[198352.2697,650463.925899999],[198929.4999,650082.9999],[199154.0483,649828.8127],[199578.5,649128],[199999.9813,648759.0525],[200437.0644,648376.447799999],[201118.1692,647605.4419],[201448.5364,646925.1998],[201541.6811,646514.9449],[201447.849,646529.001],[201570.4993,646388.0156],[201738.7044,645647.158299999],[201580.8008,645478.4011],[201584.698,645470.494999999],[201580.105,645474.586999999],[201945.6782,644735.5447],[203020.9805,639999.388599999],[203074.4994,639578.101199999],[202968.8869,639313.1174],[201848.1904,637995.9595],[201382.7085,637606.9035],[201270.7012,636657.099199999],[201280.7981,637000.0956],[201261.1001,636719.100099999],[200911.9025,636765.597999999],[201305.2001,636159.0999],[201344.1134,636428.4659],[201366.9,636586.199999999],[201573.2999,636071.299799999],[204098.5019,635291.999600001],[204775.9489,634322.4235],[205615.6971,633040.236],[205290.7519,632782.6105],[205032.5016,632772.000399999],[204631.6518,632388.7994],[203935.3188,632024.0415],[203398.5001,631864.500800001],[202629.6036,630814.300799999],[202825.2001,630043.2007],[204862.2006,628537.001399999],[205635.8469,628325.162599999],[205651.1235,628315.282099999],[204749.8001,627126.299799999],[204584.9034,626340.501399999],[204663.4008,625307.299900001],[204803.8705,624956.388499999],[205138.4449,622283.298800001],[205108.003,622176.0034],[204914.9961,622017.972100001],[204341.5,621638],[204227.5629,621455.1117],[203215.8027,620626.696900001],[202763.7309,620774.779300001],[202624.5,620858.5],[202558.0853,620842.1414],[201621.2993,621148.9987],[200287.4997,621029.199999999],[200000.0146,620791.873],[199873.4168,620687.3629],[199071.1612,620252.6065],[197868.1975,620197.399900001],[194419.9963,620980.4957],[193765.5002,621808.499700001],[193304.354,622040.265699999],[191265.8186,623447.0525],[190649.0007,624009.499],[190375.511,624780.7324],[189930.4534,627366.488700001],[189935.4996,627737.000700001],[189607.3991,628200.599199999],[188852.1576,628510.2795],[188766.5,628582],[188603.281,628612.3292],[188209.0007,628774.000499999],[188583.5,629539.5],[188540.771,630826.7334],[188779.2718,632137.2534],[189198.3001,632808.1998],[189143.7568,633335.471899999],[189150.0269,633584.200300001],[189166.4917,633580.188100001],[189153.4459,633719.828299999],[189167.3,634269.4],[188995.0647,635415.119999999],[188983.8043,635535.649599999],[188972.1654,635682.1098],[188949.9988,635897.4989],[187612.9989,637593.5],[186505.4865,639999.9915],[186259.4965,640534.498400001],[186351.0001,642278.999],[186967.499,643176.5012],[187286.0526,644853.3608],[188191.6047,647129.187000001],[188538.4974,647892.5022],[190911.9999,648981.000499999],[191037.2257,649538.547499999],[191582.1366,650608.498400001],[191743.9999,650811.000299999],[191807.3828,650828.0132],[193088.6317,650734.460899999],[193586.0001,650334.203199999],[193741.6999,650741.6996],[193180.4333,651529.359200001],[193626.9468,652031.942199999],[193741.8075,652130.7534],[194557.3129,652280.183700001],[195347.67,652287.016100001],[198352.2697,650463.925899999]]],[[[116247.1337,652026.6874],[116266.7127,651945.4999],[116222.8009,651980.3815],[115877.5002,652328.5],[116051.5442,652515.783500001],[116247.1337,652026.6874]]],[[[215521.9071,652917.249399999],[214491.4909,650282.3848],[214226.0964,650584.635299999],[213693.2448,651469.214600001],[213693.7748,651524.279300001],[214441.3612,652126.0853],[215521.9071,652917.249399999]]],[[[166377.7358,654555.9671],[166441.9984,654209.003699999],[166751.4812,654233.024700001],[167008.0019,653896.3413],[166995.3966,653874.844699999],[165730.0035,652686.4999],[165570.9999,652152.999700001],[165848.3396,651996.0546],[165927.2869,651535.427300001],[165903,651428.4999],[166165.9949,651403.4528],[165763.5,651083.5],[165735.5277,650958.439999999],[165593.0028,650831.5019],[165674.7576,650686.745999999],[165540.5,650086.5],[165548.9661,650081.2707],[165350.5,649754],[165812.9992,649640.001],[166129.6996,649883.757200001],[166384.5789,649795.2634],[166347.4736,649768.9663],[165860.0033,649601.503],[165890.4031,649453.7643],[165171.4994,648957.998600001],[165014.0012,647936.5],[165192.7575,647990.587099999],[165197.3736,646980.1785],[164849.9998,647078.994999999],[164005,646360],[163855.5233,645982.2871],[163288.9631,645572.679400001],[163275.5426,645569.484099999],[163282.4442,645596.4608],[163460.0969,646142.1032],[163426.29,646158.7248],[163427,646161.5],[163372.114,646213.168400001],[163635.5343,647957.335000001],[163665,648022.4998],[163585.3556,647993.430400001],[163304.675,648195.3146],[163304.9991,648199.0044],[163242.3993,648165.5821],[163171.4998,648276.5002],[162979.9998,648031.499700001],[162793.5013,649055.4999],[163935.8741,650655.571900001],[164127.5016,650734.998500001],[164131.2714,650742.9713],[164617.0764,651609.702500001],[164778.9988,651836.5002],[164700.3335,651973.069499999],[164748.7796,652535.712300001],[164760.9074,652556.8771],[165225,652340.5],[165229.8826,652359.384500001],[165327.4958,652315.496300001],[165538.8529,653554.869200001],[165583.9402,653731.3224],[165584.5,653735.5],[165568.7894,653730.4133],[165610.5001,653975.0001],[165208.1455,653684.296499999],[165201.8249,654188.2325],[165253.3901,654237.310699999],[165654.5623,654109.5042],[165712.5,654054.499],[166209.0378,654629.694399999],[166377.7358,654555.9671]]],[[[218559.4987,656285.1998],[217996.1961,654870.9046],[217194.1554,654003.2009],[217231.7965,655026.4001],[216200.5,654890.6998],[215732.7001,654616.1],[215587.9688,654235.6533],[215233.4295,653901.020199999],[215114.6643,653899.4705],[215011.6068,654471.071799999],[214939.7002,655085.100299999],[216394.6005,658457.598999999],[216459.3179,658530.863399999],[217990.5824,659321.4526],[218035.4696,659323.321],[218051.2817,659313.611099999],[218262.5443,658083.678300001],[218124.9015,657012.7015],[218559.4987,656285.1998]]],[[[202714.516,659156.314999999],[202065.0171,658250.219900001],[201809.4784,658847.8665],[201500.6151,659790.7062],[201929.5978,661334.294],[201966.7815,661362.458000001],[202406.7877,660091.1424],[202436.7893,660000.0024],[202714.516,659156.314999999]]],[[[150055.5002,662487.4999],[149842.0016,662028.9957],[149834.1292,662035.6359],[149850.7244,662460.775900001],[149999.8255,662504.610200001],[150055.5002,662487.4999]]],[[[147047.9335,662676.0295],[146946.8539,662673.1711],[146889.4268,662992.095000001],[146910.0821,662980.136700001],[147091.4805,662796.457599999],[147047.9335,662676.0295]]],[[[201269.5776,674773.9683],[202213.5002,674204.499700001],[202591.5032,674419.4989],[202938.9994,673674.000800001],[205411.9991,670950.5009],[207009.0003,669740.999199999],[207546.4608,669645.3079],[207172.3474,668411.5551],[206623.0001,667990.299900001],[206596.6994,667629.601399999],[206889.554,667549.451099999],[206890.8767,667482.8388],[206891.4279,667479.562999999],[207632.7477,667346.0491],[208466.0011,667117.999],[208475.7939,666879.8377],[208368.9,665750.800000001],[208544.773,665202.2754],[208557.3006,664897.6041],[208654.4056,664860.345799999],[208655.52,664856.869999999],[208741.224,664828.138800001],[209000.0022,664730.401900001],[209492.7367,665023.8561],[210719.1217,665268.463300001],[210701.502,661474.704299999],[211081.6557,659999.977],[211245.9177,659362.7564],[211240.5,659266],[211752.7259,657396.6994],[211844.8034,657039.503900001],[211759.7553,656926.4737],[211078.4624,656340.049900001],[210508.5009,656312.7009],[209853.8013,655690.299900001],[209822.1992,655297.3013],[210542.5451,654645.7459],[211447.7995,652687.9516],[211181.4997,652773.9998],[211218.3832,652405.0155],[211100.9123,652341.4175],[210536.5018,652384.996200001],[209848.5805,651755.222999999],[208841.4624,652652.536599999],[208358.4999,653097],[208664.4997,653470.4998],[208040.3864,654502.2097],[207936.1433,655036.1165],[208031.0004,655930.000700001],[207717.3942,656156.493799999],[207713,656179],[207156.8729,656740.8266],[207095.5003,656985],[206735.7364,657166.279200001],[206108.4574,657799.9868],[206082.998,658188.1951],[205523.9998,658402.0002],[204372.3999,657630.000299999],[204354.4596,657713.781400001],[204223.0557,660413.4453],[204369.9999,660784.0001],[204160.8001,661780.8003],[203593.5004,661622.501],[203414.0001,660992.0002],[203630.9998,661878.999399999],[203336.9998,662180.000299999],[203263.5,661829.999700001],[203156.496,662189.499700001],[203206.7469,662512.804500001],[203702.8959,664853.821799999],[204182.8991,665132.199200001],[204184.2001,665764.799699999],[203177.0999,666553.4001],[202680.3802,666138.407400001],[201962.6459,666434.639699999],[201717.7071,666597.2249],[201684.5841,666647.077500001],[201063.9984,667866.504699999],[200682.9554,668154.6021],[200049.4342,669108.097899999],[200000.0098,669224.9473],[199626.5003,670108],[199250.9535,670309.869899999],[199205.989,670377.5447],[199172.499,671841.9967],[198706.001,672257.999],[198897.773,672504.4146],[199763.1907,673332.5233],[200000.0158,673426.8452],[200251.4971,673527.0044],[200537.0059,674072.978599999],[201269.5776,674773.9683]]],[[[166968.1525,675585.4893],[166542.3741,674947.282099999],[166682.4874,675547.3971],[166722.1947,675554.2314],[166723.2615,675517.2849],[166722.9974,675360.499600001],[166860.353,675489.1856],[166968.1525,675585.4893]]],[[[128831.0818,675621.471799999],[128749.9218,675562.555],[128582.1394,675626.9659],[128551.3647,675684.2914],[129296.4687,676154.024900001],[129334.3239,676160.253599999],[128831.0818,675621.471799999]]],[[[142348.2985,679363.9256],[142679.7912,677635.016000001],[142671,677512.4989],[141729.0016,674008.996400001],[141747.5843,673955.2117],[141822.28,673545.9],[141906.8216,673494.3248],[141944.8007,673384.4002],[141996.4551,673358.044299999],[142766.8034,671443.8621],[143006.4364,670244.124199999],[143009.6192,665829.2609],[142974.4998,665360.001],[144027.5,661921.0009],[144124.9652,661849.6865],[145901.0115,660136.0472],[145998.0301,659999.996099999],[146230.4997,659673.999700001],[145783.7101,657590.8588],[145724.5,657351],[145726.8062,657343.847100001],[145725.5,657338.5],[145727.922,657330.7487],[145718.0034,657284.503699999],[145999.4984,656420.500600001],[146036.497,656400.213400001],[146885.9146,655819.124600001],[146963.3326,655592.2467],[146544.7718,654110.331],[146295.0002,653645.9977],[146308.7324,653274.6328],[146288.5,653203],[146318.1488,653019.968800001],[146319.4971,652983.504899999],[146324.5231,652980.6184],[146499.8988,651897.9712],[146497,651891.5],[146500.8971,651891.808599999],[146502,651885],[146507.2075,651885.4585],[146424.93,651696.59],[146501.9925,651733.922800001],[146453.9988,651603.4999],[146977.0473,651926.826099999],[147184.3071,651945.0746],[147197.7839,651785.279100001],[147063,651509.5],[147097.0921,651459.169299999],[146879.9127,650872.215700001],[146720.9992,650719.003],[146824.2812,650721.8649],[146791.6968,650633.8016],[146781,650620],[146787.1717,650621.571900001],[146784,650613],[147236.2833,650733.281099999],[147394.2739,650737.6589],[146250.3456,649893.3935],[146274.0008,650112.9966],[145448.4971,649446.997199999],[145180.2281,649103.603399999],[145080.5,649030],[145081.2488,648976.906300001],[144869.9989,648706.499199999],[145084.7783,648726.6336],[145086,648640],[145090.4194,648640.911900001],[145097.5107,648444.831900001],[144929.7477,648213.785599999],[144831.2642,648165.8991],[144673.4998,648305.9998],[144525.5382,648151.0921],[144380.6406,648296.2984],[144390.4994,648488.000499999],[144259.7191,648521.3115],[144018.78,648745.630000001],[143999.3313,648587.6347],[143915.9224,648608.879699999],[143925.6114,648506.341700001],[143604.5,648225.5],[143606.6187,648184.148600001],[143583.2034,648177.500399999],[143578.3323,648175.995100001],[143609.6979,648124.051100001],[143704.1844,646279.9188],[143261.6697,646217.350500001],[143196.5,646332.5],[143178.5833,646270.214199999],[143007.5001,647069.9001],[142730.1103,646872.603399999],[140609.3454,645671.5129],[140559.4987,645730.3006],[140404.8722,645671.316299999],[140106.4986,645557.100299999],[140123.7979,645528.8408],[140107.23,645520.439999999],[140118.9888,645503.8759],[140081.03,645481.640000001],[140153.4812,645413.335200001],[138947.5945,644730.3839],[138885.5027,644701.4956],[138821.7668,645025.3718],[138804.0112,645116.0745],[138802.2002,645124.799900001],[138393.9634,645007.8802],[138076.6771,645209.316299999],[137902.9999,645345.9998],[136564.5124,644593.6545],[136451.1279,644873.701199999],[136709.5,645075.800000001],[136703.709,645074.6029],[136709.1,645078.800000001],[136649.9081,645066.1336],[136753.0002,645158.000299999],[136378.78,645052.8355],[136176.7497,645553.065300001],[136128.9985,645694.6],[134613.5003,645510.5001],[134443.4987,645085.5],[134463.2735,645055.8015],[134941.5495,644346.834000001],[134909.9537,644300.0459],[133612.7516,642710.1437],[133476.9999,642647.4998],[133456.5354,642518.8857],[133303.561,642331.445699999],[133077.4124,641501.432399999],[132964.287,641370.884299999],[132130.0324,641164.201099999],[131762.0007,641102.9957],[131124.4385,639999.9649],[131115.4972,639984.4958],[130969.7454,639999.9639],[130557.0919,640043.7574],[129327.9444,640270.1447],[128902.0002,640702.5],[128348.0003,640493.500299999],[128277.8053,641152.8046],[128277.6112,641156.2169],[128276.1711,641193.7092],[128266.4989,641258.999700001],[128122.8363,641232.4066],[126746.5986,641579.7303],[126705.5026,641600.5032],[127197.9966,642247.498],[127193.1151,642891.2291],[127418.813,643480.872099999],[127548.2971,643582.0955],[127284.1283,644762.811000001],[127428.5781,644827.193299999],[127648.0038,644891.5012],[127641.8937,644999.997400001],[127810.8052,645500.260199999],[128074,645679.499700001],[128047.1153,645964.6809],[128312.8564,646358.345100001],[128816.5021,646828.4967],[129282.0073,647794.028100001],[129330.5463,647865.933],[130100.2833,647990.3892],[131159.8388,647875.213500001],[131245.5,647840.5],[131347.5541,647962.7097],[131647.3528,648177.900699999],[131686.1768,648205.721000001],[131778.6155,648478.9058],[132086.0003,648846.9991],[132203.2992,648681.2995],[131882.2675,650469.872099999],[132071.05,650336.279999999],[131758.1382,651161.4373],[131706.2003,651450.800000001],[131194.275,652648.359999999],[131185.5,652671.5],[131181.7547,652677.6491],[130722.4965,653752.003699999],[130061.6408,654516.661499999],[129891.5,654796],[129707.7755,654926.109200001],[129315.5006,655379.999500001],[129341.2058,655756.1054],[129263.4999,655415.4998],[129007.8158,655421.8035],[128968,655450],[128891.939,655424.6603],[128793.8132,655427.079500001],[128613,655464.5],[128557.8684,655432.896500001],[128330.497,655438.5022],[128321.1004,655423.6305],[127463.9376,655500.883400001],[127448.5632,655508.3125],[127499.6669,655624.1995],[127854.5001,656332.999299999],[127613.7,657001.899599999],[127641.3829,657028.3412],[128064.0012,657316.0044],[128239.0006,658346.500399999],[129181.0002,658629.4999],[129377.4961,659104.002900001],[129945.4989,658949.4989],[130860.6726,659856.066199999],[131988.5067,660301.7641],[132751.5992,660511.199899999],[132803.9997,661039.500299999],[133407.4949,661266.8113],[133427.8999,662152.4003],[133015.59,662356.289999999],[133024.3479,662555.1328],[133032.0068,662772.1932],[131671.9976,662507.998500001],[130788.4981,662970.496200001],[130194.0971,662766.499399999],[128962.5,663292],[128955.7166,663290.0217],[128895.498,663317.9967],[127543.003,663097.999700001],[127411.5202,662848.413699999],[127342.1677,662819.101500001],[127338.7067,662809.5557],[127177.6834,662404.5352],[125970.4967,660113.0041],[125950.1744,660000.024700001],[125734.4983,658800.999700001],[125721.5084,658782.993100001],[125272.62,658488.220000001],[125073.7951,657885.128599999],[122761.9971,654680.4991],[122329.9309,654310.309900001],[120445.66,652947.1665],[119999.991,652723.754699999],[118832.4999,652138.4968],[118704.0634,651687.238399999],[117881.313,651092.0337],[116584.5005,651818.199999999],[116791.0988,652162.6996],[116576.329,652280.6127],[116379.7431,652418.489],[116398.38,652728.238500001],[116408.4799,652800.0043],[116435.2864,652989.403100001],[116414.6176,652998.1139],[116421.5,653112.5],[115946.4977,653187.996400001],[115702.9963,653673.497400001],[115944.9595,653931.0965],[116001.067,653971.6929],[116079.004,653688.0032],[116299.4447,653786.8375],[116305,653782.5],[116307.6552,653790.7545],[116359.501,653815.4967],[116526.5319,654351.8917],[117145.1207,654799.4702],[117519.4978,655012.003799999],[117471.3527,655129.763499999],[117569.8669,655528.520099999],[117893.9979,655781.0043],[117846.9998,656096.9999],[117272.205,656371.042300001],[117067.7681,656487.7393],[117677.1788,658066.304199999],[117778.1949,658300.100199999],[118514.4966,658708.999299999],[118619.5923,658959.082599999],[120016.6639,659905.8354],[120167.4997,659955.499600001],[120101.9921,659999.9452],[119999.9935,660069.1491],[119888.1205,660145.3047],[119605.7656,660417.6154],[119633.2056,660533.7414],[120000.0074,661181.838300001],[120417.5,661919.5],[120418.5938,661945.909299999],[120651.9997,662255.5002],[120685.4989,663343.499500001],[120354.0029,663878.9966],[119999.7046,663823.557499999],[119741.2334,663869.4542],[118855.2627,664607.9432],[119104.0004,664555.501399999],[119147.3935,664917.0348],[119859.4126,665575.020199999],[119862.2475,665576.939300001],[120352.4334,666030.626599999],[120876.915,666315.092],[120874.8785,666317.2007],[120787.9975,667017.9976],[121062.4997,667243.502800001],[120856.1559,667498.5955],[120954.9094,667924.090600001],[121067.4969,668091.000399999],[120895.1691,668184.849300001],[120939.5014,668584.6713],[121022.999,668617.000399999],[120962.844,668758.2862],[121025.5,668798],[120969.2328,668852.810900001],[120986.2229,669006.040100001],[121141.9992,668985.0045],[121041.0179,669369.914999999],[121247.266,669699.9901],[121440,669922.499700001],[121076.3425,669818.805199999],[121082.0754,669870.5088],[121461.0004,670114.000499999],[121306.9994,671116.5044],[122504.0009,671364.0035],[122582.2536,671447.5734],[122626,671457],[122627.7479,671460.2925],[122631,671461],[122679.074,671550.9725],[122958.044,671848.8978],[123287.1864,671490.1776],[123285,671477.5],[123561.9558,671183.883199999],[123779.5004,670884.000700001],[123819.5004,670952.000700001],[124961.5367,671450.3665],[125259.0001,671493.0002],[125357.5048,671703.5889],[127228.3785,673295.6141],[127625.0009,673299.4999],[127540.1465,673547.4823],[127562.8322,673580.218499999],[127734.9408,673726.674799999],[127976.9982,673777.502699999],[128769.1734,674595.353399999],[129391.8886,674901.6918],[129832.1818,674326.265799999],[128719.5001,672439.499700001],[128702.0029,670985.002],[127970.5003,668690.9998],[128458.5002,667597.5011],[128716.4989,667572.499299999],[128608.9999,667292],[129280.6999,667534.199899999],[129591.0007,667178.1009],[129088.0002,668601.500299999],[129686.9997,669377.501],[129664.0001,670245.4999],[130399.0017,671047.0042],[130742.2909,672127.302100001],[130104.9992,672905.5011],[132418.4986,673123.499700001],[133170.2995,673675.0011],[133170.757,674180.652100001],[134122.3275,674898.1905],[134925.4987,675277.0035],[135202.7706,675624.277899999],[135304.3168,675676.3413],[135489.8153,675929.3544],[136723.636,676859.694800001],[136799.126,676977.1184],[137143.9973,677134.501800001],[137930.9967,678388.502800001],[138299.9959,678113.500600001],[139370.9966,678176.003599999],[140000.0076,678856.691500001],[140119.4999,678986.000800001],[141393.9965,678907.5042],[142348.2985,679363.9256]]],[[[170705.1932,679498.022500001],[169531.2441,677374.675799999],[169375.8132,677118.3156],[169368.2847,677109.944599999],[169290.0104,677210.2083],[169260.262,677301.51],[169237.0129,677291.8027],[169191.5027,677380.001499999],[169146.3982,677324.3259],[169093.743,677293.9748],[168865.7339,677512.569499999],[168738.2398,677766.4355],[168734.5,677848],[168706.8468,677828.9452],[168644.7975,677952.4976],[168895.5759,678714.6098],[169730.3559,679923.3211],[170331.4979,679328.003900001],[170827.1768,679999.991599999],[171078.8335,680341.1602],[171158.6406,680406.1006],[170955.8469,679999.983899999],[170705.1932,679498.022500001]]],[[[172211.9997,682642],[172081.5034,682250.998600001],[172323.6283,682315.4023],[171993.0006,682094.500800001],[172211.9997,682642]]],[[[318927.6998,682702.4991],[319256.3595,682536.853],[319000.0003,682642.2952],[318806.9989,682452.726399999],[318746.1649,682441.337400001],[318927.6998,682702.4991]]],[[[329456.7836,682700.091700001],[329649.5002,682193.000299999],[329010.5002,682932.4998],[329278.788,683125.839400001],[329456.7836,682700.091700001]]],[[[133789.501,686625.4998],[133521.4997,686563],[133617.5013,686824.9987],[133789.501,686625.4998]]],[[[133886.7558,686715.791099999],[133905.5022,686648.498400001],[133643.4996,686823.999199999],[133706.8982,686832.321599999],[133886.7558,686715.791099999]]],[[[134357.1996,687053.661499999],[134661.3135,686593.691199999],[134626.9105,686612.1752],[134013.968,686989.1744],[134052.0901,687019.6721],[134358.9313,686934.0185],[134314.8359,687054.276799999],[134270.8939,687173.9597],[134357.1996,687053.661499999]]],[[[360341.6795,687565.2842],[360230.0962,687170.299000001],[360079.3023,687467.0041],[360341.6795,687565.2842]]],[[[133637.4993,688900.9998],[134494.4999,688564.9003],[133555.5054,688655.1667],[133530.3243,688809.649800001],[133637.4993,688900.9998]]],[[[137275.4785,689711.769099999],[137427.0008,689598.0041],[137431.56,689598.6932],[137440.4141,689603.1273],[137590.0991,689660.2993],[137760.0023,689632.5042],[137803.7093,689472.091700001],[137697.9077,688710.6489],[137521.9999,689001.5],[137375.9436,688895.697699999],[136562.8893,688733.9552],[136420.4025,688756.095100001],[135950.0003,687477.5001],[134802.4837,686923.069],[134843.9655,687521.3114],[135029.8977,688231.1954],[134510.7969,688564.699899999],[134624.4968,688903.2015],[133745.0039,689104.4954],[134100.4947,689174.497099999],[134009.8069,689338.055299999],[134014.023,689372.029999999],[134796.5103,689572.4538],[135484.0015,689683.999700001],[136236.4999,689468.001],[136781.999,689792.4991],[137275.4785,689711.769099999]]],[[[287273.8878,691571.6949],[286786.596,691431.2993],[286920.14,692216.34],[287509.65,692135.5],[287303.0536,691590.094799999],[287303.1679,691586.795399999],[287273.8878,691571.6949]]],[[[365271.2004,699807.6009],[366282.3994,698839.6],[365516.301,699087.3992],[365271.2004,699807.6009]]],[[[178858.0041,699141.002499999],[177967.0016,698568.996200001],[178046.8184,698703.547900001],[179120.7627,700050.961100001],[179107.9209,699999.9564],[179066.7779,699836.546],[178858.0041,699141.002499999]]],[[[365244.209,699999.981000001],[365369.8034,699823.897],[365166.2996,699905.057499999],[365107.1372,700055.2053],[365184.491,700071.9385],[365225.984,700025.532600001],[365244.209,699999.981000001]]],[[[142811.5039,699958.498500001],[143209.5013,699755.996400001],[141100.5002,696458.0001],[140790.8275,695173.611300001],[140153.1954,694679.598200001],[139999.9759,694579.6434],[139400.7035,694188.699999999],[139678.2631,694021.411900001],[139147.6377,693492.270400001],[138857.3003,693383.0999],[138933.8461,693279.0766],[138908.9287,693252.361099999],[139667.7734,692240.9274],[139264.999,691709.9998],[139497.0002,691528.0002],[139343.1465,691120.8412],[139257.0845,691037.6369],[138674.5033,690744.9958],[138841.6759,690637.4125],[138055.38,689883.608100001],[137832.7836,689829.750800001],[137831.5,689856.5],[137764.8368,689813.311000001],[137670.1301,689790.396600001],[137375.4909,689809.333799999],[137153.7004,691183.899800001],[136571.9999,690704.000299999],[136675.9995,690445.5001],[135961.9998,690262.9998],[135769.9991,690567.4966],[135444.5193,690530.790999999],[135309.9749,690888.794500001],[135960.9958,691470.4989],[135654.5013,691748.499399999],[134958.8775,691256.8158],[133580.7565,690965.3934],[133587.3663,691100.537900001],[133724.9397,691210.202],[134316.8991,691322.000399999],[134283.955,691655.8105],[134658.1855,691954.121200001],[135134.5,692169.999700001],[135080.3466,692357.6876],[135138.9205,692698.631899999],[135628.0002,692851.9998],[135189.4472,692992.7358],[135258.18,693392.8125],[135823.3002,693744.600299999],[135180.6058,694010.1997],[135362.0272,694062.311100001],[135573.5003,694060.5002],[135637.0393,694497.3927],[135669.462,694519.1753],[136153.4,694752.600099999],[135485.4211,695075.4627],[135666.1475,695275.3673],[135788.9999,695356.5012],[135926.4174,696053.1874],[136743.9115,696853.1976],[136747.5006,696857.496099999],[136739.5044,696914.15],[136904.9083,697086.071900001],[137146.5,696994.4998],[137342.0003,697444.5002],[138224.9996,697793.9989],[138183.7896,697957.7237],[138166.9737,698339.185699999],[138260.7533,698381.199100001],[139100.6998,698258.148800001],[139727.296,697873.567199999],[139828.567,697778.226],[139814.0974,697820.2917],[139900.5998,697767.1997],[139999.9959,697858.6866],[140492.4991,698312.0001],[140341.5042,698659.064300001],[140287.2919,698992.933900001],[140549.7002,699270.399800001],[140245.2494,699269.789000001],[140214.4334,699472.7158],[140219.4999,699538.0997],[140289.6043,699620.384400001],[140676.6055,699803.0239],[140864.579,699724.192],[140889.2758,699781.058800001],[141002.7001,699756],[141033.5249,699971.466700001],[141094.0368,700000.0244],[141528.9975,700205.297700001],[141666.5001,700213.4999],[142355.4999,700867.5001],[142183.4412,701005.7963],[142267.1191,701116.246099999],[142356.4067,701134.3171],[142904.533,700256.338],[142824.4661,699999.9981],[142811.5039,699958.498500001]]],[[[169806.6931,701281.3585],[170544.1208,699882.613],[170665.0023,699094.9969],[170942.5,699067.4998],[170859.5033,698522.499500001],[170542.5001,698541.0001],[170437.5,698216.5001],[170820.3311,697114.6207],[170825.7493,697092.5591],[170222.4991,696595.500600001],[170131.4974,696012.9978],[166218.4993,690236.000800001],[166138.4968,689276.995999999],[165633.0997,688899.899900001],[165360.0659,688301.777000001],[165296.5,688223],[165025.9719,687569.892200001],[164705.2324,686867.262599999],[164342.0524,686721.691199999],[164329.0027,686970.496200001],[163669.9997,686526.5],[161720.9998,682157.499700001],[161653.3353,682095.4077],[160876.1327,681862.8621],[160769.5,681988],[160759.5359,681922.995200001],[160705.4998,681958.9999],[160592.6501,681066.136600001],[160320.4262,679939.107999999],[160000.0138,679415.335200001],[159645.0015,678835.002599999],[159648.0005,678426.5009],[159979.9999,678601.4999],[157819.0002,674803.4998],[157615.5029,673440.4991],[157635.891,673412.3314],[157635.5,673409.5],[157685.4315,673357.3728],[157726.7743,673312.1645],[157928.5019,673079.502499999],[156982.0019,671929.501700001],[157388.9998,673298.4999],[156988.5002,673471],[156396.0006,673174.495300001],[156236.0435,672504.0253],[156181,672374],[156196.7839,672339.466399999],[156171.5041,672233.5046],[156262.7743,672073.0524],[155946.0325,670676.0341],[155700.4968,671109.996200001],[155052.5016,671318.497099999],[154848.3628,671235.4638],[154562.6,671289.328],[153873.15,670878.84],[153858.5,670832.8378],[153808.5013,670812.5009],[152686.3998,667219.200200001],[152699.5984,667193.8323],[152698.46,667190.23],[152970.6394,666787.5737],[153350.003,666211.498400001],[152476.9997,665297.5001],[152542.5002,664728.999700001],[151630.1775,662615.9463],[151468.9501,662610.3575],[150636.6302,662717.4407],[150376.5003,663080.5002],[150022.9611,662796.393100001],[149813.8322,662823.298800001],[148769.9003,663362.699999999],[147145.6061,663166.582800001],[147130.893,663168.4757],[146793.499,663897.5009],[145395.4988,664459.0002],[144139.0008,667345.4998],[144261.0019,668313.4967],[144015.8686,668994.869899999],[144003.4709,669176.7696],[144416.4998,670918.9998],[143830.5036,671893],[143834.789,671910.394300001],[144148,672615],[144147.9072,672620.7896],[144132.407,673087.783500001],[144621.1811,674980.6412],[145489.4993,675583.999500001],[145897.0032,676693.110400001],[148126.0362,679434.203400001],[148240.5002,679457.0002],[148667.0001,679985.5],[149305.4998,679899.0001],[149465.9009,679999.951300001],[149752.3978,680180.263],[150546.4496,680257.209899999],[150569.0008,680218.9998],[150672.625,680242.6689],[150674.5,680240.5],[150755.3107,680266.310000001],[150826.2494,680284.3237],[151344.705,680334.564200001],[151499.4946,680209.579399999],[151504.7392,680204.624],[151670.5012,680071.5002],[152087.3313,680302.3003],[152428.5,680359.5],[152543.0918,680450.6929],[153760.0196,680568.6182],[153840.5,680545],[153843.6218,680545.753599999],[153926.2325,680582.146],[154155.0007,680533.999299999],[154293.2492,680620.2904],[155521.3063,680739.294299999],[155717.0026,680624.5031],[156569.5231,681231.530300001],[157187,681550],[157212.4325,681618.757099999],[157587.2119,681825.2881],[157665.9997,681488.0001],[158085.999,682253.9977],[158358.7247,682250.4482],[158377,682237.5],[158379.9139,682239.059699999],[158486.8881,682300.429300001],[158756.3247,682454.7268],[159984.4986,682822.503599999],[159638.5002,683235.000299999],[159877.9971,683918],[159680.9989,684195.0002],[158954.3937,682948.0877],[158780.407,682801.657299999],[158229.0001,682715],[158154.4324,682585.3211],[158141,682591],[158137.0151,682587.1187],[158127.5629,682571.7129],[157759.4377,682043.3211],[157687.07,682069.3303],[157556.1729,682282.670299999],[157804.001,682525.499600001],[157488.0002,682570.499700001],[157727.9997,683203.0002],[157407.2581,682970.7282],[157310.5192,682980.7601],[157474.5003,683236.9998],[157218,683448],[157137.8659,682998.6644],[157115.44,683000.99],[156761.0268,682780.0858],[156676.4976,682843.997400001],[156570.5045,682709.5178],[156359.5727,682652.3554],[156335.9998,682785.5002],[156205.8469,682610.695800001],[155958.8699,682543.7652],[155877.0001,682644.0001],[155722.5097,682361.124299999],[155420.0916,681944.286499999],[154316.0545,681256.1448],[154158.3539,681165.881899999],[154277,681363.499700001],[154072.034,681374.064999999],[154042,681446.5],[153553.5089,681407.043299999],[153541.6828,681411.862299999],[153051.4992,682093.0012],[153019.1157,682073.124199999],[153001,682100],[152998.2375,682098.2084],[152996,682101.5],[152557.2416,681813.006999999],[152441.3713,681860.2224],[152164.4998,682442.9998],[151777.6698,682463.4176],[151423.3248,682520.802999999],[150887.5,683065],[150138.1757,682813.751399999],[150418.7141,683321.448799999],[150715.5002,683837.501800001],[150689.5406,683924.144200001],[152467.2188,687176.308499999],[152647.2889,687258.735300001],[152995.4983,687364.003599999],[153067.3038,688274.130899999],[153622.0411,689288.9922],[154049.1145,689780.2381],[154056.9042,689784.8377],[156214.5009,690974.000399999],[156518.21,691333.614600001],[156927.502,691682.997300001],[156946.2466,691840.443399999],[157348.4106,692316.635399999],[158181.8314,692947.4981],[158599.9962,693068.000800001],[159999.9953,694171.8675],[160044.4282,694206.901799999],[160619.1464,694419.5451],[160863.4963,694457.0032],[160961.2798,694578.598300001],[162326.9254,695117.835100001],[162377.9986,695118.503900001],[162376.2317,695158.8805],[163233.9793,696571.5897],[163602.4982,696648.499399999],[163592.647,696727.806399999],[163803.8916,697470.7611],[163884.0921,697524.2281],[164382.5893,697348.997199999],[164462,697201.5],[164635.0355,697202.534600001],[164741.9991,697089.9998],[164792.9967,697203.4791],[164796.5,697203.5],[166504.7138,698648.8336],[166589.501,698512.502599999],[166622.6836,698601.7612],[166631,698590],[166665.0829,698715.812200001],[166702.3485,698816.0539],[167262.7762,699290.236400001],[167335.4982,699311.003799999],[167321.3983,699352.3847],[167344.9073,700112.9443],[167730.2756,700126.9013],[167972.9981,700078.0042],[167962.3167,700119.4417],[167968.5,700118.5],[167963.9953,700135.366],[167981.5,700136],[167956.9418,700221.2151],[168751.8358,700231.9388],[168832.4963,700153.502599999],[169123.0001,700414.9999],[169012.2294,700619.216],[168879.7738,701130.8136],[169199.582,701246.3628],[169806.6931,701281.3585]]],[[[179595.3993,702388.1667],[178982.0921,701599.935900001],[179143.6312,702275.7609],[179346.1926,702366.535499999],[179595.3993,702388.1667]]],[[[181061.0633,702817.4077],[179382.296,700604.5908],[179361.489,700610.0167],[179873.922,701677.0637],[180000.0256,701881.156099999],[180215.3003,702229.5677],[181118.477,702911.4035],[181061.0633,702817.4077]]],[[[112140.81,702987.970000001],[112189.01,702893.66],[112094.79,702941.720000001],[112140.81,702987.970000001]]],[[[180189.6924,702977.4684],[180171.5581,702955.5735],[180801.037,704202.9967],[180945.0251,704380.806],[180947.1,704378.626499999],[180189.6924,702977.4684]]],[[[171733.0006,705414.4966],[172117.2459,704362.5417],[172120.717,703421.714600001],[172109.5041,703358.995100001],[171636.5002,703238.999700001],[171581.1099,703306.4911],[171435.5033,703508.5023],[171423.952,703497.9833],[171398.4995,703528.996400001],[170305.9999,702497.5001],[170167.986,702498.877800001],[167851.116,702731.801899999],[167599.9105,702821.871400001],[167720.7327,704585.2686],[167919.4804,704667.8836],[168062.4983,704570.498299999],[168120.1647,704633.4825],[168148.9972,704621.503699999],[168195.8808,704716.1809],[168294.3174,704823.695],[168442.9999,704885.499],[168502.5405,705292.467700001],[170066.4984,706309.1757],[170929.4998,706616.500299999],[171049.2417,706794.206800001],[171309.923,706901.26],[172024.0028,705985.0034],[171733.0006,705414.4966]]],[[[169360.8769,707918.545700001],[169153.5293,707685.591700001],[169294.6877,708048.2809],[169360.8769,707918.545700001]]],[[[176381.3087,709949.052200001],[176447.9983,709583.5034],[176706.2089,709855.0395],[177160.5119,709522.136],[177456.5003,709190.999700001],[177282.4997,707777.000299999],[177525.5033,707442.995999999],[176056.0026,706180.497400001],[176071.9989,707361.999700001],[175937.476,707485.948799999],[175701.3543,707777.9189],[175955.7902,708634.407600001],[176381.3087,709949.052200001]]],[[[164423.4203,709799.759199999],[163471.0264,709290.7227],[163850.3855,709701.6732],[164544.3742,710345.0044],[164500.949,709997.593699999],[164423.4203,709799.759199999]]],[[[170160.3235,710872.5875],[169613.5666,710101.703299999],[169250.4309,710205.949999999],[169004.0018,710278.5044],[169016.8835,710295.4616],[170116.0033,710865.512],[170160.3235,710872.5875]]],[[[171024.4307,710058.3695],[170861.8294,709614.409399999],[170822.499,709623.0011],[170870.0003,709366.5],[170907.6952,709369.658199999],[171101.3365,708688.151900001],[170980.4998,708069.9999],[171504.0033,707270.995300001],[170780.4991,707197.496300001],[170512.499,708439.9998],[170458.6443,708390.870300001],[170441.5035,708466.0032],[169991.8888,707969.8466],[169710.5671,708349.185900001],[170141.6135,709044.051100001],[170251.9997,708996.5002],[170260.8357,709224.903100001],[170427.3571,709270.1598],[170730.9988,709297.9999],[170635.5208,709840.2509],[170673.1165,709900.856699999],[170831.5,709858],[171376.2561,711026.2171],[171375.793,711017.7147],[171033.6303,710083.487600001],[170960.8095,710063.5822],[171024.4307,710058.3695]]],[[[173009.3609,711268.245300001],[173023.615,710629.6351],[173017.0164,710682.8214],[172954.8451,711268.004699999],[172969.2612,711289.906400001],[173009.3609,711268.245300001]]],[[[169633.3902,711387.011],[169552.6891,710901.201099999],[169324.5001,711183.9998],[169633.3902,711387.011]]],[[[167526.5033,711813.494999999],[165996.5003,711370.002],[166395.0006,712339.5044],[166733.6198,712447.3532],[167554.3702,712562.6801],[167536.2036,711842.8773],[167526.5033,711813.494999999]]],[[[171494.2387,712638.586200001],[171283.5296,712631.9967],[171284.3585,712650.6362],[171431.5003,712866.8794],[171494.2387,712638.586200001]]],[[[176580.0424,713986.752900001],[175862.439,712296.088199999],[175840.4431,712291.244000001],[175827.2831,712320.707599999],[175779.8003,712920.798800001],[175680.684,712648.9243],[175585.7276,712861.5195],[176580.0424,713986.752900001]]],[[[175637.3939,712315.5088],[175631.0029,711962.5019],[175937.8079,712018.3709],[175958.0271,711998.372199999],[175252.4992,709439.9998],[174762.3025,708883.504000001],[175116.5026,708523.4968],[174750.0014,707662.5032],[174844.3668,707299.625700001],[174607.9999,707398.5002],[174835.7153,706989.8147],[174534.3649,705685.466],[174441.0956,705672.610400001],[174054.9788,706010.3872],[173755.2397,706733.496200001],[173725.0001,707810.9998],[173207.4988,708195.1008],[173348.1002,708744.3002],[173008.435,708882.8325],[172833.5982,709004.324100001],[173602.8437,711165.688300001],[173616.0004,711178.9966],[173637.4463,711262.912],[173929.4997,712083.5002],[173917.447,712153.1962],[174779.7359,714581.294299999],[174860.0177,714486.2918],[175193.7764,713739.0485],[175037.5,712851.3003],[175340.5122,712609.152899999],[175637.3939,712315.5088]]],[[[134285.3245,716766.253900001],[134188.159,716727.002599999],[134211.4079,716830.1315],[134263.7188,716844.616900001],[134285.3245,716766.253900001]]],[[[173966.7168,716956.5568],[173661.5975,716858.5864],[173546.9975,716932.899599999],[173380.8856,716814.627800001],[173341.6002,716814.199899999],[173779.3399,717318.528100001],[173862.1036,717269.951400001],[173966.7168,716956.5568]]],[[[131100.1707,717582.9428],[130843.9997,717305.499700001],[130706.7808,717383.8872],[130762.1411,717734.1118],[130928.5207,717678.4275],[131100.1707,717582.9428]]],[[[124345.5655,719405.928300001],[124426.3068,718980.119100001],[124066.4977,719353.9966],[124089.8658,719358.3452],[124351.9994,719306.5002],[124337.2854,719404.387399999],[124345.5655,719405.928300001]]],[[[128712.4187,719606.000700001],[128564.4208,719416.930500001],[128527.4962,719699.4977],[128870.4987,719813.495100001],[128712.4187,719606.000700001]]],[[[172841.5308,718894.5693],[172807.102,718860.1204],[172815.2437,718903.744100001],[173286.5906,719780.794600001],[173513.3056,719878.5702],[173533.6384,719836.3455],[172841.5308,718894.5693]]],[[[178405.7384,720470.9582],[178097.0374,718422.187100001],[178045.65,718323.640000001],[178017.9559,718092.2075],[177979.5001,717942.200099999],[177648.4275,717697.5831],[177522.5992,717617.4594],[177256.9997,717822.5011],[176623.5042,717022.000299999],[176634.3016,717016.8967],[176612.4,717002.4],[176934.2159,716872.3983],[177087.7308,716316.4145],[177085.3999,716311.9],[177285.6898,715599.4683],[177300.0681,715547.3945],[176938.4438,715382.6099],[176927.29,715430.25],[176761.7722,715375.9471],[176689.2,715555.299699999],[176311.4668,715227.9319],[176407.2483,714708.554199999],[175652.5683,714004.3179],[175592.2474,714019.182499999],[175070.948,714893.055500001],[174918.5964,715193.997300001],[175175.9999,715187.6998],[174989.3102,715636.4164],[175207.0059,716782.589299999],[175234.1999,716867.499199999],[174729.8006,717237.9011],[174659.251,717231.1877],[174008.1337,717671.951099999],[173999.9976,717695.101399999],[174450.1999,717899.599300001],[174710.1683,718495.3827],[176226.4605,720198.2446],[176329.0494,720269.866599999],[176365.3774,720229.6755],[176403.5081,720150.1995],[176378.1041,720049.397500001],[176454.6033,719999.973200001],[176485.0076,719980.329700001],[176727.4996,719474.902899999],[177121.7354,719682.936100001],[177153.9988,719658.7631],[176607.5999,719185.4001],[176581.9996,718933.5001],[176855.9,719244.9002],[176709.0003,718869.5001],[177285.3003,719407.6],[177321.3968,719088.502599999],[177410.4784,719620.6533],[177522.2493,719766.868100001],[177812.6097,719999.987],[177859.1524,720037.3543],[177887.0464,720058.2709],[177917.1039,720082.4911],[178405.7384,720470.9582]]],[[[130581.554,720000.017200001],[130125.0002,718781.500399999],[129716.6998,718926.4025],[129545.4872,719207.574899999],[129590.4994,719614.001],[129419.7404,719414.0814],[129400,719446.5],[129149.098,719097.2213],[129141.6101,719088.454700001],[129066.9488,719112.5186],[128930.4983,719392.9954],[128719.4144,719263.584000001],[128735.2671,719298.6371],[129097.8607,719877.4048],[129172.6392,719996.7653],[129199.09,719999.9954],[129367,720020.5],[129341.5027,720266.303300001],[129541.394,720585.3675],[129743.4933,720598.7894],[130709.5022,720341.503900001],[130581.554,720000.017200001]]],[[[130305.9232,724929.625800001],[129889.1736,724248.374199999],[130110.3403,724905.2697],[130242.0229,724985.530300001],[130305.9232,724929.625800001]]],[[[127568.9996,722294.504799999],[126617.9837,721499.433499999],[126079.1023,721676.2996],[125477.9268,721890.212099999],[126170.4503,722986.3431],[126240.9129,723055.9497],[126451.62,723191.17],[126442.4343,723255.023],[126729.5999,723538.700099999],[126633.0494,723718.5482],[126689.3251,723809.1798],[126465.553,724030.550100001],[126268.1304,724398.296499999],[126317.5,724434],[126314.4148,724435.081700001],[126317.0036,724437.001599999],[126231.596,724466.350400001],[126223.9998,724480.5001],[126409.8331,724844.285800001],[128523.5219,725982.5514],[128812.0003,726012.500600001],[129089.6461,726260.8084],[129124.3979,726230.2896],[128229.5823,723289.6039],[127568.9996,722294.504799999]]],[[[184342.5998,730789.9003],[184336.9611,730134.948100001],[183919.5825,729611.7837],[182453.1998,728243.700200001],[182461.1399,728155.0845],[182118.7306,727647.647],[181780.4997,727431.5001],[181836.1308,727228.844799999],[181036.181,726043.3495],[180784.0042,725724.354499999],[180577.6868,725629.7051],[180241.5002,725485.000800001],[180671.9993,726375.299699999],[180626.054,726376.8212],[180033.3478,726768.4849],[180027.599,726797.595899999],[180000.0077,726795.499199999],[178630.1953,726691.4048],[178540.6994,726685.6665],[179204.1742,727885.2393],[179536.9969,727947.4981],[179495.2777,728411.559],[179587.0117,728577.4156],[179999.9956,728561.6536],[180069.5001,728559.0009],[180254.6526,729697.8621],[180297.6125,729695.4311],[181518.8008,729564.503799999],[181854.0601,729851.016100001],[182613.9641,729920.5131],[182769.5003,729900],[183399.9002,730241.799799999],[183435.3528,730388.178400001],[183807.7952,730635.717399999],[183883.3,730632.399800001],[184183.6826,731200.1505],[184368.8874,731360.3201],[184880.6075,730916.9847],[184402.537,730818.155999999],[184401.0176,730800.5351],[184342.5998,730789.9003]]],[[[132685.0012,735337.000800001],[132326.4998,735051.4999],[132455.5,735314.499199999],[132400.4744,735349.122199999],[132609.4712,735971.576199999],[132648.1413,736009.881100001],[132676.6972,735840.9827],[132685.0012,735337.000800001]]],[[[143712.4356,735126.153899999],[143485.9954,734855.465500001],[143396.4411,735180.8178],[143341.2986,735695.5988],[144172.9991,736087.5001],[144350.9999,735889.4988],[143918.2301,735372.1624],[143670.7156,735267.2127],[143712.4356,735126.153899999]]],[[[138098.0004,736542.496400001],[138072.0513,736535.599300001],[137400.0101,736579.881100001],[137213.4253,736790.2468],[137221.6951,737122.2719],[137241.0007,737452.9958],[137334.9278,737418.619100001],[138097.6865,736548.7531],[138098.0004,736542.496400001]]],[[[139075.9551,738213.1128],[139017.0031,737905.996099999],[138781.4492,737986.8791],[138773.613,738027.068299999],[139075.9551,738213.1128]]],[[[148801.1838,737656.4475],[148759.0552,737588.514599999],[147514.2074,737764.0307],[147957.442,738174.581900001],[148228.9946,738386.2381],[148279.9359,738363.0943],[148801.1838,737656.4475]]],[[[183994.4298,738434.1559],[184083.7357,738263.097100001],[183906.3756,738181.627699999],[183975.1034,738386.498600001],[183603.4985,738046.9957],[183994.4298,738434.1559]]],[[[124753.8468,739185.797],[124059.4976,738315.4989],[124232.0003,738895.501599999],[124602.1973,739119.660599999],[124753.8468,739185.797]]],[[[179261.062,739135.6625],[179041.0877,739100.3619],[179235.23,739240.3398],[180055.0895,739583.9662],[180101.4999,739564.9999],[180068.1226,739532.0791],[179999.9904,739498.613500001],[179261.062,739135.6625]]],[[[172580.4417,740456.878],[172559.7003,740446.525900001],[172344.4965,740605.0035],[172500.1939,740710.448899999],[172537.4165,740732.7678],[172580.4417,740456.878]]],[[[136715.5257,742116.4321],[137092.0038,741244.499399999],[137187.4797,741354.556299999],[138250.6287,741660.943600001],[137604.0858,740815.601],[137125.5017,740428.001399999],[136944.0843,739999.986500001],[136899.0861,739893.823000001],[136617.0001,739525],[136556.0697,739999.986500001],[136485.0019,740553.999199999],[135982.5001,740431.9999],[135976.6806,740419.899700001],[135730.2348,740385.8782],[135720.4,740435.899700001],[135458.4342,740348.3566],[135238.0927,740317.9388],[135229.4287,740367.721000001],[135224.7114,740413.6591],[135201.5347,740645.9057],[135184.532,740625.692500001],[135172.8007,740693.099400001],[135156.3751,740589.6785],[134984.1004,740369.3312],[134916.3933,740412.7115],[134978.8859,741457.623299999],[135103.9959,741401.4968],[135221.4964,741726.002599999],[135323.4967,741377.0033],[135566.4999,741734.4998],[135405.9962,742188.000399999],[136000.499,742193.999299999],[136679.9413,742182.619100001],[136715.5257,742116.4321]]],[[[135054.4057,742220.3214],[135222.6955,741799.692199999],[135009.7086,741972.996099999],[135024.0978,742213.591399999],[135054.4057,742220.3214]]],[[[140595.0552,742005.9377],[141406.5,741256.9999],[141491.0335,741300.7729],[141852.3449,740999.4088],[142037.5001,740591.0002],[142209.4531,740540.934800001],[142780.9072,740199.0623],[142820.4993,740042.5045],[142873.1543,740143.875499999],[142890.5,740133.5],[143185.7234,740726.385600001],[143191.9796,740718.9515],[143598.1833,739999.988600001],[143816.6002,739613.4002],[144302.5632,739999.9704],[144324.1528,740014.475500001],[144328.7978,739999.969900001],[144321.7998,739271.4999],[144579.5999,739016.3993],[144759.2601,739275.451400001],[144949.8682,738943.112600001],[145011.6363,738723.6723],[144941.2438,738700.3738],[144225.9029,738572.1954],[144244.2626,738434.2575],[143823.4104,737905.214],[142105.9988,738361.9956],[141426.0038,738090.501700001],[141729.4102,738076.709000001],[141187.4674,737729.104800001],[141120.6255,737731.076300001],[141109.7936,737806.8166],[141279.003,738143.998500001],[141070.9946,738078.112199999],[140991.2543,738635.6823],[141014.5,738661.5],[140933.0693,739052.0439],[140931,739057],[140909.5995,739055.321],[140914.5001,739110.9999],[140665.871,739036.1995],[140077,738990],[140073.9869,738985.892200001],[139953.7378,738821.953299999],[138871.9096,738496.4837],[138705.0005,738769.999199999],[138655.5934,738688.170299999],[138640.3325,738710.6205],[138570.7595,739067.4377],[138723.0002,739154],[137258.4965,739983.501399999],[137269.6096,739999.9892],[138287.2648,741509.823899999],[138291.9998,741483.0012],[138515.4689,741702.2884],[138565.9375,741751.812000001],[139096.8983,741904.8288],[139566.9992,741588.5012],[139594.8507,741655.7184],[139619.9815,741641.9186],[139617.3442,741710.0046],[139779.5905,742101.572799999],[140260.6172,742240.199200001],[140330.9592,742234.837099999],[140595.0552,742005.9377]]],[[[127346.1698,740991.7598],[127260.9792,740956.0756],[127444.808,741615.1865],[127939.4997,742435.999399999],[127948.6211,742504.851],[128030.081,742597.951099999],[127884.1119,741671.348200001],[127346.1698,740991.7598]]],[[[190887.8691,743320.101],[190566.8574,742594.4428],[190433.6989,742373.997199999],[189815.3028,742481.5964],[189807,742729.995300001],[189537.8481,742558.601199999],[190039.8583,743300.6746],[190095.6746,743331.7444],[190677.7966,743443.289100001],[190887.8691,743320.101]]],[[[129988.3595,743669.6129],[129939.5811,743646.750499999],[129685.128,743761.317],[129949.0554,744231.478800001],[129980.1869,744186.1862],[129988.3595,743669.6129]]],[[[189254.8936,745883.3835],[187502.2506,743654.040200001],[185623.1009,741725.601600001],[184545.2102,740000.008300001],[184240.9984,739512.996099999],[182577.1038,738670.397299999],[182116.7557,738107.609300001],[178418.4529,735686.323000001],[178397.6387,735686.644200001],[179336.0844,736696.043199999],[179843.4999,737228.4999],[179999.9707,738100.3134],[180283.4295,739679.6699],[180355.0647,739709.6942],[180427.9987,739460.5001],[181441.9263,739999.956499999],[182709.198,740674.2037],[182733.5639,740728.8814],[183193.9692,741214.457800001],[183378.2988,741167.4998],[184017.5188,741996.3686],[184792.4033,742814.101199999],[185012.7066,743132.628599999],[186802.4318,745020.201199999],[186938,745070.999700001],[187022.2966,745450.0966],[186830.8899,745483.6712],[186830.515,746084.8869],[186836.468,746104.586100001],[187249.4772,745799.1231],[187261.5595,745623.965399999],[187263.98,745514.77],[187268.2623,745517.564099999],[187286.9001,745256.5998],[187809.7005,745445.999],[187671.9003,745104.299900001],[188895.4121,745980.9723],[189353.0326,746161.044399999],[189254.8936,745883.3835]]],[[[191799.3899,748547.4925],[191443.3789,748128.07],[191136.0632,749283.0702],[191160.7735,749400.053400001],[191306.6614,749506.278000001],[192299.5001,749991.4999],[192544.0003,749972.5001],[192485.9322,749823.419600001],[191799.3899,748547.4925]]],[[[109562.5035,748741.5045],[109516.4998,747252],[109303.5779,747141.7173],[108934.3736,747128.358999999],[108554.3963,747645.7995],[108533.3688,747480.837099999],[108530.207,747485.823999999],[108452.751,747275.553200001],[108335.3415,747227.437799999],[108290.002,747280.502699999],[108284.4643,747206.5879],[108007.8415,747094.835999999],[107995.8138,747094.400800001],[107774.7014,747522],[107525.0014,747415.503699999],[107643.5419,747081.655200001],[107580.9523,747079.3906],[107419.3,747219.399800001],[107123.0001,746934.4998],[106228.0988,747539.200099999],[104626.0042,747192.898399999],[103950.6006,746000.0999],[103983.7842,745997.4805],[103968.264,745978.131999999],[104016.3614,745994.909],[104376.2963,745966.497400001],[105062.514,745177.7051],[104390.1,744759.0002],[103931.9018,743355.496200001],[103091.1,743687.0002],[102878.6035,743427.895500001],[102694.4002,743757.2005],[102474.4002,743511.1],[102380.4579,743585.099300001],[102297.6974,743720.4989],[102256.1452,743683.0195],[102082.5,743819.799900001],[101999.6821,743636.907400001],[101958.4959,743673.994999999],[101899.6775,743416.0601],[101855.5983,743321.745300001],[101758.3001,743956.000299999],[100513.1037,743804.4977],[100143.9056,743464.1171],[99999.4918,743423.007200001],[99969.3344999999,743386.7491],[99946.0991000002,743379.1994],[99930.1995999999,743339.1141],[99686.2651000004,743042.1974],[98656.7034999998,742092.9976],[98697.8202,741794.018999999],[98550.6277000001,739516.557],[98527.5033999998,739453.803099999],[98545.7045,739440.381200001],[98504.9548000004,738809.8739],[98278.2785,738727.6536],[97036.4568999996,738711.250600001],[96956.4977000002,738779.9959],[96117.0011,738800.500800001],[95727.5044,739999.9847],[95610.6002000002,740359.9999],[94747.4973999998,740695.4976],[94141.5011,740623.4991],[93890.5840999996,740210.5485],[93305.8598999996,739980.0178],[93272.4983999999,739982.001599999],[93271.9127000002,740000.8455],[93419.2300000004,741018.944599999],[93997.5001999997,741689.9999],[93612.4988000002,742164.497099999],[93601.2801999999,742275.8155],[93797.0987,743627.7426],[93959.4998000003,744008.4988],[93551.9965000004,744300.4957],[93768.9994000001,744871.001499999],[93519.0003000004,745437],[93352.2345000003,745416.6095],[93272.2687999997,745668.165999999],[93311.0001999997,745777.499700001],[93236.6847999999,745780.1064],[93228.4688999997,745805.9519],[93227.4974999996,745809.001599999],[93000.7150999997,745788.383199999],[92527.0001999997,745804.999199999],[92601.6173,745886.8697],[93292.7465000004,746095.4353],[93498.5012999997,746068],[93641.7315999996,746422.492900001],[94111.0586000001,747221.829],[94297.4992000004,747258.4999],[94293.7057999996,747405.117900001],[94557.7901999997,747576.7027],[94589.3614999996,747582.471000001],[94929.0789000001,747643.251800001],[95391.3997999998,747581.600099999],[95689.5038999999,748428.5041],[95961.4584999997,748448.163000001],[96497.6023000004,748398.502699999],[96522.1818000004,748417.004799999],[96575.71,748413.32],[96667.1438999996,748499.175000001],[96833.4989999998,748511.2004],[97008.8591,748304.9256],[97023.4199999999,748261.810000001],[97028.8306,748260.0097],[97052.3491000002,748253.7687],[97267.9999000002,748000.100099999],[98068.5007999996,748464.503799999],[98547.4989,748163.4999],[98350.1398999998,747673.1701],[98353.7967999997,747673.9484],[99096.3000999996,747618.9011],[99265.5,747893.4998],[99599.9999000002,747046.699999999],[100000.0134,747005.017000001],[100403.197,746963.003599999],[101281.9969,747590.8039],[101297.6117,748142.990499999],[101343.6828,748280.524800001],[102174.0003,748280.9998],[102960.7172,749024.7006],[103153.0872,749109.855],[103767.5002,749045.5002],[103984.5073,749408.2652],[104950.6787,748768.291999999],[105151,748433.5013],[105765.4966,748656],[105680.4979,749056.0045],[105835.0002,748594],[106339.0969,748572.7028],[106668.603,749124.864700001],[106773.6958,749257.427200001],[107573.6998,749564.300100001],[107973.2424,750534.376499999],[108212.1836,750070.625399999],[108613.2995,749151.398600001],[109562.5035,748741.5045]]],[[[115784.9999,751226.0001],[115595.2483,751143.3663],[115593.5709,751417.896199999],[115784.9999,751226.0001]]],[[[110710.5003,751772.4998],[110816.8067,751517.5803],[110869.5042,751294.188899999],[109322.0002,750946.501],[109326.3874,751005.6009],[109798.2997,751389.8026],[110099.4981,751449.499600001],[109938.396,751503.860300001],[109944.2882,751508.657400001],[110035.1322,751539.939200001],[110557.0122,751719.6467],[110580.5,751718],[110577.7046,751721.311100001],[110710.5003,751772.4998]]],[[[195113.4281,753583.767000001],[195090.7827,753569.1413],[195549.9993,754314.5],[195464.2682,753823.1754],[195113.4281,753583.767000001]]],[[[151773.1487,755083.202099999],[151924.704,754880.2973],[151577.5997,754943.199899999],[151773.1487,755083.202099999]]],[[[151979.8575,755403.422499999],[152611.7297,754165.968],[151966.0255,754577.485200001],[151942.3693,754599.4355],[152158.5001,754866.600199999],[151952.5007,755390.9087],[151946.6123,755434.8684],[151979.8575,755403.422499999]]],[[[122641.0457,755679.3409],[122452.6021,755251.1579],[122321.6138,755398.444800001],[122323.9998,755491.5001],[122641.4199,755698.933599999],[122641.0457,755679.3409]]],[[[147122.5177,759183.9252],[147932.5,757847.5],[147951.6795,757839.346100001],[147960.5034,757798.0021],[149586.0005,757099.501],[150748.0006,757038.499500001],[151158.4899,755927.4365],[151187.1191,755841.206900001],[150430.1974,755111.711300001],[151222.2487,754277.274499999],[151425.8007,754062.259099999],[151481.9005,754004.1],[151746.1836,754329.7083],[152284.1926,754037.945599999],[152649.1,753763.0001],[153747.4989,751213.500299999],[154419.503,750369.9987],[155096.5,750210.5001],[155207.6735,749906.8335],[155355.5099,749350.0221],[155157.6519,748867.387],[155069.1,748908.699999999],[155138.4471,748820.5406],[155073.9025,748663.096799999],[155556.399,747848.4002],[155587.3996,748171.4987],[155708.5777,748020.2269],[155960.7463,747070.4582],[155968.9986,746522.4998],[156256.4947,745956.5504],[156443.2442,745253.1765],[156326.199,744917.7996],[155651.7025,744804.3015],[155697.201,744790.375499999],[155655.162,744792.511],[155710.1145,744786.423],[156344.9999,744592.0996],[157026.3026,743220.604800001],[157619.3001,743521.1],[157739.1199,743914.1986],[157758.6695,743936.7235],[158668.6134,743161.7392],[158665.693,743106.958000001],[158727.8888,743111.2553],[158632.5,743077.5],[158784.9204,743062.682399999],[158936.5993,742933.4999],[159999.9918,743348.1856],[160238.0006,743441.000700001],[160913.4686,743400.564099999],[161691.5,743234],[162130.0864,743309.4968],[162576.9864,743242.485099999],[163718.8289,742248.297900001],[163933.5036,741838.500399999],[164060.312,741780.7798],[164095.26,741731.960000001],[164143.9864,741742.693],[164754.5001,741464.799699999],[164882.5008,742683.999299999],[165414.9998,742327.5001],[166075.733,742344.3355],[166528.1324,742327.053200001],[167041.5011,741293.499399999],[167471.0051,740930.0284],[167743.8362,740453.9979],[167657.7,740323.0002],[167746.5206,740137.228],[167714.78,740123.42],[167748.7062,740132.6568],[167812.1138,740000.037],[168104.4991,739388.500700001],[169715.4022,738477.2026],[170289.8069,738600.429199999],[170352.9034,738588.772600001],[170359.2753,738615.3322],[171046.871,738762.841700001],[171651.8781,737918.7447],[171382.3,737629.952],[171495.6123,737520.694800001],[171487.9996,737501.7006],[171724.5889,737257.7936],[171748.5629,737235.499399999],[172130.4003,736845.4],[172320.3317,736986.1282],[173345.8463,735555.3454],[173115.7,734939.5],[173635.7102,735141.156199999],[173660.2946,735108.681399999],[173586.6986,734854.499700001],[174436.6973,734461.302100001],[174606.497,735241.1193],[174902.9037,735337.879899999],[175053,735376.9999],[175056.2024,735366.9792],[174866.3813,731780.0152],[174707.499,731704.000399999],[174398.7003,732156.4003],[174152.9998,731977.0002],[174120.4367,732007.1219],[173879.6097,732431.4826],[174187.3001,732735.299900001],[173458.2971,733199.203400001],[173291.4,733719.700099999],[172971.2078,733229.225299999],[172762.07,733197.66],[172711.84,732945.939999999],[172480.981,732313.934],[172239.596,732285.018999999],[172345.014,731899.739],[172731.175,732280.651000001],[172784.85,732930.48],[172855.71,733052.300000001],[173377.6364,733024.348099999],[173493.9999,733018.700099999],[173422.5002,731329.999700001],[173868.6863,731671.253799999],[173931.1048,731429.967],[173960,731026.0001],[174543.7144,731261.2653],[174635.4706,731099.581900001],[174793.6004,730793.6011],[174672.6323,730515.9057],[173926.7131,729128.556399999],[173795.9992,729085.500600001],[173791.0658,728876.263499999],[172989.266,727384.980900001],[172948.001,727348.9989],[172731.7677,727579.5667],[172645,727695.5],[172621.2651,727697.3947],[172578.4996,727742.995200001],[171712.4916,727798.6765],[170676.0179,728220.5744],[170643.5,728247.9999],[170659.3271,728494.7469],[170987.2002,729903.9683],[171128.4984,729982.0043],[171172.3061,730623.5557],[171208,730829.5],[171203.2199,730830.074899999],[171204.64,730838.539999999],[171187.1143,730840.4177],[171190.5,730889.9999],[170492.5002,730942],[170471.8816,730855.107999999],[170089.0253,730863.764599999],[170041.503,730948.498400001],[169889.7061,730868.271299999],[168889.8734,730891.0075],[168891.1039,730886.1164],[169030.0001,730363.5002],[169192.4393,730232.073999999],[169797.945,728917.8355],[169797.0003,728896.9998],[169777.8591,728883.215299999],[168638.7871,728667.206499999],[168403.4975,728788.9958],[168080,727334.4998],[168000.1676,727250.851500001],[167384.9743,726799.1108],[166760.7359,726353.3432],[165848.759,725973.037],[165876.3512,725863.450200001],[165777.7136,725813.6061],[165899.7283,725770.604499999],[165906.58,725743.392000001],[165955.6559,725750.894099999],[165940.7,725738.57],[165973.5499,725744.5877],[166284.5003,725634.999700001],[168132,726089.9998],[168230.0048,726165.5502],[170024.2257,727286.0964],[170788.3168,727403.820900001],[171572.735,727377.1272],[172076.7059,727292.674799999],[172151.7457,727276.125399999],[172158.2568,727040.1954],[171953.8245,726214.064099999],[170111.3235,724386.0547],[169775.5004,724217.0045],[168601.9987,722903.999700001],[168513.4812,722854.6185],[166710.5,722022],[166304.8294,721622.479800001],[165163.568,720985.805299999],[164525.4824,720768.9847],[163514.9342,720426.113399999],[163185.9992,720360.499],[163320.0343,719999.1138],[162956.7981,719770.626700001],[159664.3434,721134.299799999],[159633.499,721162.999399999],[160000.0128,721314.886299999],[160424.9992,721491.004799999],[161283.0001,722322.4999],[161313.5414,722446.9606],[161460.1232,722762.4355],[161533.4545,722886.6481],[162078.2009,723374.150599999],[162164.37,723400.390000001],[162159.1486,723446.5921],[162225.7,723506.15],[162222.7538,723520.7809],[162231.3,723524.26],[162224.6325,723555.198100001],[162426.3971,723669.3013],[162330.8638,723944.349400001],[162481.846,723995.301000001],[162238.0314,724211.6215],[162096.5003,724619.1011],[161669.5003,724784.800899999],[161218.9001,724534.6998],[161132.3052,724595.465500001],[161224.775,724721.467],[160700.6489,724898.3685],[160609.3998,724962.4001],[160588.9588,724936.0659],[160575.445,724940.627],[160583.2734,724928.7413],[160458.8992,724768.5096],[160000.0046,724681.726299999],[159888.2146,724660.5853],[159883.6425,724660.007999999],[159715.0003,724680.001],[159619.4991,724264.500499999],[158972.4998,724011.4998],[158719.5979,723693.297900001],[158430.058,723518.893999999],[157752.1014,722475.990599999],[156823.0041,721306.997500001],[156618.6561,721265.3281],[154102.9399,721478.5427],[153610.0016,721635.364700001],[153595.42,721641.789999999],[153593.6299,721638.841600001],[153391.5377,721403.9706],[150410.3478,718900.4088],[149862.3912,718530.025],[147798.3944,719664.908500001],[147763.999,719697.999600001],[147659.9064,719644.753900001],[145062.0928,719228.123400001],[144781.9996,719244.999],[143694.8962,717940.727],[143657.9996,718447.495999999],[143069.643,718061.8312],[142614.0233,718185.387],[142804.5003,718384.5001],[142418.5,718299.5],[142259.4998,718661.5],[141790.0246,718408.840399999],[141175.566,718575.4705],[141113,718650.999700001],[141081.2765,718601.040100001],[141000.1342,718623.044399999],[141056.5,718801.4998],[140480.5006,718892.499399999],[140391.5921,718788.07],[140279.746,718818.400599999],[140299.0018,718994.499399999],[140191.641,718842.293099999],[140114.7121,718863.1548],[140149.5035,718961.499],[140044.4483,718882.209100001],[140006.5,718892.5],[139674.7428,718707.778899999],[139127.5,718836.000299999],[138581.412,718136.0123],[138578.0802,718132.857100001],[138541.5999,718423.000299999],[138174.9178,718304.699999999],[137744.8,718576.5],[137720.3805,718573.1445],[137646.0302,718619.2938],[137381.497,718785.795],[137378.6517,718784.1204],[136955.2011,718534.899800001],[136026.3349,716162.5152],[135747.7984,716931.247400001],[135814.5,716961.5],[135809.7055,716961.1139],[135816,716964],[135738.5835,716956.679500001],[135724.019,716996.8761],[135792.4999,717256.9968],[135656.1734,717184.1231],[135643.4874,717219.812799999],[135641,717226],[135182.038,717098.9088],[135086.5001,717227.495300001],[134934.9552,717030.489],[134613.6315,716941.5112],[133922.5036,717396.4969],[133544.5516,716645.4723],[133522.2473,716639.296],[133152.4986,717104.9998],[133127.4911,717040.694],[132628.4888,716966.877],[132111.085,717285.9789],[132026.5011,717381.000700001],[132027.1305,717511.7147],[132294.3397,718222.8182],[132538.9994,718424.5013],[132184.9252,718659.666999999],[132175,718680],[132162.9664,718680.8792],[132004.4997,718779.500299999],[131921.6946,718698.5077],[130915.0892,718772.055400001],[131051.4997,719615.500800001],[130835.4573,720000.0198],[130753.9999,720145.0002],[131178.0898,721002.024900001],[131313.3,720990.5],[131216.2521,721079.145500001],[131233.5003,721114.001499999],[131013.0029,721271.4977],[131007.6271,721269.269200001],[130129.0001,720862.5002],[129915.5,721076.001],[130203.893,721497.796800001],[129918.9997,721548.999500001],[130167.3987,721757.0997],[129551.3442,721588.4772],[129432.9028,721583.1949],[129923.4999,722046.9998],[129739.6646,722633.3134],[130069.1195,723414.6511],[130179.1971,723410.3949],[130212.2122,723754.0109],[130881.8974,725342.2414],[131168.3999,725292.800000001],[131087.4,725507.0001],[131454.4028,725373.8029],[131359.5784,725588.843],[131514.2051,725543.3268],[131691.4973,725379.901799999],[131835.1079,725554.2491],[131854.5468,725569.808800001],[132502.3893,725478.285399999],[133347.9959,725057.0041],[133532.4284,725193.031300001],[133924.7132,725021.177100001],[134091.4999,724874.5002],[134204.1446,725237.871400001],[134687.8713,725169.533399999],[134724.4493,725161.405200001],[134981,724325],[134994.9222,724343.263499999],[135145.5017,723874.002699999],[135211.2726,724258.781500001],[136020.4628,724248.307800001],[136042.6889,724122.293299999],[135947.24,723975.119999999],[136262.2298,722877.569800001],[136268.5038,722841.9981],[135495.0009,722903.299799999],[135137.9993,723243.0022],[134883.4518,722938.213199999],[134392.89,722976.65],[134476.9047,722961.903200001],[134386.7003,722968.1009],[135535.8932,722761.7837],[135785.0737,722690.968900001],[136176.0003,722146.0002],[137607.2468,722173.124199999],[137714.3694,722142.6809],[138121,721768.4003],[138445.5195,721924.8651],[138440.102,721930.321599999],[137921.0012,722485.533199999],[137892.5011,722668.613299999],[137932.3861,722973.8497],[138188.4997,723398.8992],[138013.2998,723728.299900001],[137755.8003,723546.7585],[137742.6819,723631.0288],[137745.8999,723634.5999],[137741.0654,723641.412699999],[137553.276,724847.7435],[137560.4966,724858.0011],[137595.9013,724853.596899999],[139238.6719,724202.0602],[139636.6999,723615.9001],[139999.9688,723822.626700001],[140080.2622,723868.2784],[140718.6906,723615.0724],[141084.5008,723428.100299999],[141152.5264,723521.1566],[141659.9555,723651.1401],[141948.0981,723611.999],[141451.7943,724020.287599999],[141529.5173,724118.5668],[141919.5037,724362.502900001],[143138.999,723815.999700001],[144106.3001,723812.9999],[144106.5741,723920.3583],[144856.3007,724236.3464],[144920,724249.0001],[144918.2536,724278.383199999],[144921.5,724279],[144900.9911,724815.5702],[146262.5733,724322.1746],[146543.85,724214.970000001],[146545.3499,724243.0649],[146653.5079,724465.640699999],[146873.1455,724631.7872],[146913.7614,724634.772500001],[147261.18,724613.380000001],[147270.5342,724633.3214],[147287.7,724631.619999999],[147303.401,724663.4113],[147393.1022,724670.0044],[147426.4665,724912.593800001],[147535.079,725132.5118],[147776.9194,725315.4538],[148223.5625,725510.736500001],[148522.1482,725587.2852],[149011.34,725707.15],[149010.7373,725712.5451],[149021.6,725715.33],[149014.3694,725769.113299999],[149329.8169,725836.6754],[149423.6516,725842.9056],[149441.66,725828.9],[149496.2322,725847.7247],[149693.16,725860.800000001],[150100.8969,726001.824100001],[151897.8987,726386.703299999],[151900.8869,726390.996099999],[151902.75,726388.5],[151913.3661,726408.923599999],[152935.6977,727877.5962],[152895.7995,728139.800799999],[152534.3527,727984.7162],[152339.3223,728396.616699999],[152294.2305,728862.2818],[152492.7128,728871.6799],[153008.6987,728582.504899999],[153167.2997,728754.699899999],[153342.5,728345.4014],[153881.188,728479.299900001],[154012.24,728374.831],[154291.8508,728581.3759],[154440.3998,728618.299900001],[154392.9354,728656.0459],[154454.09,728701.220000001],[154356.6899,728684.869999999],[154191.8,728815.998500001],[154416.7711,729035.404100001],[154525.56,729111.82],[154430.8243,729049.1096],[154478.8009,729095.8992],[154145.8998,728875.8002],[154029.7607,729006.450300001],[154330.008,729158.022],[153911.708,729148.26],[153907.8662,729143.574999999],[153893.7994,729159.3994],[153513.6835,728772.258400001],[153471.3818,728805.9794],[153038.4963,729577.700099999],[152325.7399,729373.2554],[152179.5684,729456.4077],[151842.4997,729753.9999],[150745.5036,729238.497199999],[149455.9998,727794.9999],[149428.1544,727799.736300001],[149179.2359,727917.9531],[149449.7998,728375.9003],[148700.9008,728733.900800001],[148354.9559,728000.259],[146523.7452,726963.059800001],[145396.2833,726948.1566],[144148.0486,727187.3717],[143685.4799,726933.7892],[143643.51,726934.310000001],[143233.2896,726685.4285],[143174.839,726653.325099999],[143022.9871,726574.113],[141040.9348,726400.5987],[140984.0003,726407.4999],[140180.4967,727956.5041],[140476.0001,729382.4989],[140995.4677,729933.6897],[142431.5389,731060.242000001],[142901.0002,731269.5001],[144045.5998,732274.0995],[144180.5748,732719.6709],[144764.4326,734035.837099999],[144977.9998,734188.5001],[144901.4998,735065.5001],[145392.0009,735207.498600001],[145580.0669,735893.081],[146170.6048,736346.453199999],[146321.5006,736410.5042],[146904.2987,736294.697799999],[148435.22,735936.029999999],[148582.6912,735961.1885],[149152.3038,735848.0022],[150239.496,736177.001],[150399.2653,736410.509099999],[152432.9239,737818.2687],[152613.5002,737867.4999],[153046.5406,738596.4737],[153089,738659.5],[153088.2598,738663.396],[153089.9903,738666.129000001],[153251.5003,738941.4998],[153672.5,738943.5],[154010.0001,739428.5001],[154041.9123,740000.016100001],[154049.3992,740134.099099999],[153873.0719,740517.5616],[153873.95,740573.779999999],[153840.6421,740588.087300001],[153510.3116,741306.4638],[153110.5003,741425.899700001],[151855.9588,740351.799699999],[151655.9384,740211.1446],[150466.5,740159],[150133.1854,739999.953199999],[148945.6747,739433.3106],[148726.3434,739386.299699999],[147523.4999,739450.5001],[146610.1167,738932.713],[146166.7014,738837.672499999],[145778.0046,739167.683499999],[145773.6651,739127.054],[145555.7435,739310.003599999],[145486.9988,739521.577099999],[145448.0001,739876.9002],[145324.887,739773.851299999],[145079.7332,739804.127599999],[144998.1029,739895.497099999],[144994.0327,739814.7115],[144594.1147,739864.101],[144588.7728,739899.3057],[144855.3333,740337.0419],[144940.996,740103.505000001],[144887.6126,740390.049799999],[145043.5359,740646.101600001],[145388.5966,740936.3991],[145003.1169,741236.980699999],[144755.6067,741792.0151],[144781.4964,741949.998500001],[144539.9494,742063.901699999],[144435,742264.109999999],[144121.1855,742364.2235],[143355.3527,742933.519200001],[143426.999,743135.899700001],[142869.7001,743511.4999],[142831.8498,743322.6746],[142272.7665,743738.279300001],[142227.902,743848.495100001],[142158.3705,743823.317600001],[141451.1431,744349.047900001],[141343.1993,744488.7009],[141203.1347,744533.409499999],[140352.4187,745165.8046],[140265.5008,745426.600099999],[140029.8254,745405.610200001],[139990.9898,745434.704],[139986.5724,745437.98],[139982.81,745440.560000001],[138866.2698,745301.980599999],[138044.5984,745228.800100001],[138022.941,745197.310799999],[136742.0612,745038.3344],[136452.5002,745061.499],[135964.5002,745723.9991],[135130.4997,745707.4998],[134786.9991,746144.9988],[134021.9269,746278.237],[133449.9436,746585.8785],[133250.4992,746797.500600001],[133385.742,747842.0178],[133459.5325,748300.5646],[133701.938,748633.2763],[134648.7536,748889.216700001],[135565.3267,749022.4542],[135568.67,749023.5],[135567.521,749026.3815],[136056.669,749901.852399999],[136573.8972,750545.7785],[137261.4977,751025.1008],[136846.0002,751468.5001],[135864.4997,751070.4059],[135441.7329,751037.8324],[135081.9993,751133],[134760.4986,754398.994999999],[135455.5,753825.0001],[136199.756,754179.6971],[137663.7274,753930.6669],[137753.8011,753829.5989],[137961.1305,753880.0768],[137974.28,753877.84],[137980.8834,753884.886],[138484.4998,754007.5002],[138511.1619,754450.703600001],[138518,754458],[138514.175,754500.789799999],[138524.6621,754675.116699999],[138697.9094,754926.080600001],[139013.4993,754728.499399999],[139081.5799,754896.792400001],[139268.618,754701.387499999],[139527.9979,754365.504000001],[139769.9206,754331.3484],[140209.4967,753944.1106],[140314.5037,753534.502499999],[140349.1869,753821.0527],[141136.3656,753127.5997],[142050.5002,751739.500299999],[142075.1779,751727.368000001],[142085.35,751711.560000001],[142083.4299,751723.311100001],[142558.0007,751489.9988],[142698.0212,751676.062000001],[142712.5181,751670.431],[142906.9991,751239],[142994.5031,751744.8048],[142286.4616,752261.150599999],[141288.2362,753400.3972],[140860.076,753889.828],[140881.3683,753939.8188],[141404,753733.5],[141328.9094,753833.2645],[141599.4972,753635.5041],[140750.9972,754919.9959],[140881.5,757061.501599999],[140937.0581,757067.6198],[141082,756952],[141086.2544,756953.084000001],[141113.4783,756965.0954],[142634.5,755925],[142556.381,756088.5009],[142771.9297,755887.8565],[142800,755858],[142795.48,755865.934599999],[142800.9997,755860.796599999],[142050.5004,757220.498600001],[142371.4944,756981.9493],[142518.5,756854],[142521.2395,756870.665100001],[142616.9999,756799.5],[142528.0572,756912.1394],[142694.0066,757921.664799999],[142703.9966,757943.000600001],[144665.4966,757757.9036],[144681.1907,757815.0787],[146276.0125,758824.137800001],[146501.121,758751.094799999],[146861.9973,758614.498600001],[146898.8175,758747.8375],[147122.5177,759183.9252]]],[[[162874.4997,758904.4954],[161674.3993,757795.0668],[161343.9399,758933.155300001],[161343.4997,758951.500800001],[162244.0002,759881.4998],[162365.0488,759776.027799999],[162874.2807,758998.571900001],[162874.4997,758904.4954]]],[[[159426.7932,759973.894099999],[159772.501,759172.499500001],[159886.3793,759188.055500001],[160000.0017,759143.6326],[160478.6919,758956.479499999],[160749.4997,758717.999700001],[160228.4837,758595.6995],[160108.3604,758607.8204],[159999.9994,758993],[159749.5,758947.9998],[160000.005,758653.843800001],[160032.6972,758615.455],[160000.0056,758618.753699999],[159501.8686,758669.017200001],[159441.8491,758675.1779],[159273.5011,759165.000299999],[159178.9973,758726.996200001],[158985.4307,758722.026699999],[158033.7488,758819.7116],[157996.7839,758901.2093],[158224.2745,759326.3013],[158620.0456,759849.371300001],[158650.7753,759762.5265],[158585.9998,758869.4998],[158793.7108,759358.578299999],[158835.0347,759241.793299999],[158835.7342,759238.3101],[158838.5,759232],[159170.0434,759653.5338],[159262.0002,759532.4999],[159388.8912,759891.3519],[159426.7932,759973.894099999]]],[[[161282.7867,759999.987600001],[160973.88,759836.7502],[160941.308,759935.860400001],[160928.0466,759999.970100001],[160912.745,760073.942600001],[161232.4245,760025.150699999],[161282.7867,759999.987600001]]],[[[176036.4022,760363.701099999],[175965.7423,760343.6478],[175639.8367,760384.806700001],[175621.6649,760457.5836],[175810.1027,760695.929500001],[176036.4022,760363.701099999]]],[[[158783.2325,761470.333799999],[158495.469,761176.659299999],[158542.5034,761988.502599999],[158783.2325,761470.333799999]]],[[[127399.003,763987.000499999],[127351.5032,762532.9967],[127125.4999,762673.999],[127126.3777,762558.7162],[126732.9795,761448.3861],[126311.4998,760845.5001],[126298.5532,760631.176999999],[125645.9454,759471.3433],[125008.4531,758709.4913],[124911.501,758739.500800001],[124917.9065,758502.9881],[124612.8795,757635.3484],[124463.1258,757369.2018],[124323.5862,757357.6328],[124078.5066,757379.9978],[124127.529,757251.225199999],[124121.2196,756864.027000001],[123706.0448,756331.502800001],[123660.7705,756284.7456],[122940.1976,757084.5963],[122292.2932,758521.243799999],[122107.5002,758930.9991],[122543.601,757670.099199999],[122577.0027,755970.995100001],[121987.0012,755731.999700001],[121969.628,755542.742799999],[121722.0565,755281.469900001],[121674.0035,755319.500800001],[121504.5046,755051.877800001],[121423.5971,754966.4925],[121275.5016,755219.000700001],[121355.6289,754894.762700001],[121296.9687,754832.8561],[121070.4989,754845.997300001],[120942.4244,754458.689999999],[120486.5034,753977.536599999],[120494.001,754042.9978],[120235.1399,754028.8895],[120176.5,754317.9999],[119999.9838,754191.5835],[119849.1988,754083.5952],[119717.904,753180.503799999],[119694.2758,753179.603700001],[119663.4393,753186.492000001],[119305.2964,753278.3958],[119229.3739,753189.015699999],[118990.3006,753197.716700001],[118995.068,753250.013699999],[119027.6028,753261.9005],[118998.6366,753287.520199999],[119000.532,753307.441],[118973.7335,753327.7048],[118944,753560.999700001],[118784.6312,753476.801000001],[118766.8218,753492.5528],[118936.5031,753835.996200001],[118100.4919,753225.6953],[117659.7167,753240.017000001],[117637.501,753611.000700001],[116928.7951,752127.181],[116910.8042,752255.557700001],[116869.4993,752755.4955],[116603.3499,752640.2009],[116456.8638,752892.5077],[116576.0003,753334.5],[116247.5192,753972.6982],[116442.286,754222.539999999],[116221.8237,754022.621400001],[116189.0998,754086.199899999],[115861.3002,753700.799799999],[115776.2041,753041.5912],[115522.428,752560.1985],[115468.8059,752583.702099999],[115308.4941,752154.383300001],[115220.0339,751986.5814],[115060.334,752009.983999999],[114831.6102,752377.1116],[114905.5,752530.499299999],[114698.5003,753117.0012],[113317.9998,753253.5001],[112920.6518,752973.164100001],[112835.5,752967.5],[112823.0005,752904.269400001],[112593.0002,752742.0001],[112484.0001,751261.501499999],[111679.0024,751114.995100001],[111407.5004,752348.0011],[111215.8706,752402.9901],[110843.3468,752687.4234],[110855.9848,752890.651699999],[110940.6331,753072.917400001],[111342.0021,753392.5031],[111439.8441,753354.5141],[111775.5008,753225.001],[112909.4997,754626.5002],[113174.9921,754328.4628],[113182,754304.5],[113188.5632,754305.2107],[113387.5028,754090.0035],[114303.9989,754347.9999],[114276.4661,754540.360099999],[114623.8909,755164.830399999],[115073.997,755208.0035],[115409.5135,756370.6973],[115507.745,756621.3358],[115762.5002,756708.503799999],[115641.7369,756963.217],[116550,757066.0002],[116978.9997,757507.499700001],[116958.6066,757984.4572],[117281.945,759018.151699999],[117309.001,759066.4999],[118081.6964,759054.202500001],[118423.9539,759720.601199999],[118688.0181,759836.9058],[119183.8972,759876.6998],[119154.8542,760000.0276],[119145.788,760038.5262],[119585.6489,760232.2586],[119916.9975,760169.5031],[119999.988,760381.9693],[120301.534,761153.965299999],[120453.0766,761190.043500001],[120817.4991,761187.500499999],[120845.6864,761283.5134],[121182.9722,761363.812100001],[121450.9995,761273.498400001],[121501.8422,761663.1153],[121963.0448,762191.5953],[122647,762556.000299999],[122389.4843,762783.4344],[122418.5603,762843.8675],[122671.3879,762946.804099999],[122723.5,762895.5],[122752.8209,762963.851299999],[123426.9997,762850.500299999],[123486.7991,763278.7918],[123742.8199,763383.0285],[123907.1157,763287.4087],[123960.591,763131.747],[124295.872,763162.216],[124055.4562,763285.9134],[124008.847,763470.9396],[124027.5,763469],[124046.6323,763506.723099999],[124256.2146,763592.0528],[124550.5,763605.4998],[124491.4557,763687.829299999],[124605.2327,763734.1526],[124959.0001,763480.0001],[124765.1623,763821.908500001],[124798.6074,763992.459100001],[125000.0998,763999.4998],[124892.4961,764450.9977],[125361,764019.0002],[125751.7047,764174.545299999],[126027,764080],[126029.9396,764084.5733],[126167.4998,763955.4998],[126380.3598,764478.595000001],[126677.4086,764344.950099999],[127399.003,763987.000499999]]],[[[128008.0206,764804.0898],[127862.837,764724.4988],[127828.7609,764740.499199999],[127973.1709,765170.8574],[128035.1544,765141.0678],[128120.7652,764994.279999999],[128008.0206,764804.0898]]],[[[163467.5003,775499.0001],[164283.0024,774833.9989],[164554.1652,775029.5507],[164671.5025,775138.498400001],[164924.4601,774882.5691],[165979.4995,773705.999399999],[166120.0031,774142.5035],[166479.5002,774199],[167477.5029,773362.9967],[166393.5,773151.998400001],[166167.5029,773602.4981],[165930.5918,773267.9673],[165916.5,773276.5],[165736.2709,772993.576300001],[165560.8262,772745.839299999],[165383.7994,772717.852399999],[164860.9988,772663.4969],[163581.0025,773437.995200001],[163201.4853,773449.8356],[163154.5,773490.5],[163057.6981,773454.3215],[162726.4391,773464.656300001],[163468.5,775229],[163468.0216,775233.858999999],[163427.6485,775391.2092],[163467.5003,775499.0001]]],[[[172351.9995,779546.9965],[172243.3218,779528.2676],[171941.5707,779637.3222],[171888.5004,779771.9998],[172211.5037,779839.002900001],[172351.9995,779546.9965]]],[[[55733.2182,780630.043199999],[57405.7879999997,779903.235200001],[57414.9129999997,779890.203],[56934.8420000002,780000.0559],[56902.4321999997,780003.527799999],[56900.2640000004,780000.055600001],[56652.7297999999,779603.639],[56209.3607000001,779444.1821],[55849.932,779368.1306],[55810.6508999998,779393.394300001],[55226.7215999998,780000.046599999],[55117.9988000002,780113.0002],[54463.1497999998,780281.2775],[55377.5186999999,780656.965600001],[55573.0006999997,780662.999500001],[55733.2182,780630.043199999]]],[[[139999.9881,781058.4825],[140598.0009,780162.0002],[140936.9975,780263.501399999],[140861.9998,780563.499700001],[141059,780368.000700001],[140991.0001,780658.4998],[141513.5002,780307.4998],[141769.5008,780589.4991],[142581.0002,780607.0001],[142613.3957,780532.579],[142738.8503,779151.5242],[142732.4998,779145.001599999],[142738.1023,779091.4069],[142669.5,778968.0013],[142163.4995,779473.499199999],[142198.076,779176.4493],[141933.4756,778641.869999999],[141858.4998,778650.9998],[141647.4997,778169.000499999],[140982.999,779310.000299999],[140624.9998,779311.9998],[140533.4981,779118.325999999],[139750.2522,778811.748500001],[139578.0001,778861.499700001],[139254.1722,779550.7634],[139195.6971,779700.9299],[139775.4993,779859.5002],[139760.4673,779999.9738],[139751.8946,780080.0855],[140043.8793,780212.9596],[140142.5002,780164.0002],[139999.9878,781023.3071],[139996.7086,781063.398800001],[139999.9881,781058.4825]]],[[[139671.4267,781255.3313],[139440.7136,781098.6406],[139295.1588,781227.654899999],[139367.9834,781583.5001],[139463.0031,781669.998600001],[139737.9996,781325.9988],[139671.4267,781255.3313]]],[[[54723.0026000002,782503.5002],[54502.7209999999,782461.2512],[54562.0012999997,782776.0022],[54723.0026000002,782503.5002]]],[[[148731.4993,782900.432600001],[148607.5008,782815.000700001],[148518.4809,783264.355900001],[148650.7158,783583.601600001],[148741.75,783732.1877],[148731.4993,782900.432600001]]],[[[57073.9128,784374.511],[57038.6881999997,783387.813200001],[56619.0038000001,782968.997],[57005.6997999996,782463.7566],[56991.1635999996,782056.573799999],[56973.5003000004,782004.9998],[55714.0005999999,781415.5009],[55566.5053000003,781420.779100001],[55015.0917999996,781624.023399999],[55065.5023999996,781957.4965],[54774.5011999998,781888.996099999],[54758.0027999999,782162.9976],[54246.0010000002,781907.500800001],[54794.9983999999,782344.9955],[54783.9249,782498.798],[55470.4998000003,783253.4955],[55174.7911999999,783816.272299999],[55204.4976000004,783935.500299999],[54896.6272999998,784361.3258],[54926.392,784370.887700001],[55129.5005999999,784261.9968],[55331.6118000001,784501.057399999],[55347.0001999997,784506.000700001],[55543.9962999998,784169.5033],[56512.9971000003,784458.000800001],[56722.7905999999,784896.626399999],[57096.0959999999,784995.8968],[57075.1675000004,784409.6581],[57066.1004999997,784395.298699999],[57073.9128,784374.511]]],[[[161120.0649,785833.649499999],[160826.9483,785775.4286],[160635.1489,785782.8629],[161060.9931,786145.843],[161157.004,786161.0033],[161345.5012,786032.5],[161120.0649,785833.649499999]]],[[[162038.8457,787213.3891],[161920.0007,787151.500499999],[161894.0002,787394.0001],[161955.1289,787376.1459],[162038.8457,787213.3891]]],[[[60269.2121000001,788262.0277],[61052.6212999998,787502.556],[60870.9990999997,787394.5],[60639.4999000002,786722.499700001],[59999.9654000001,787001.0945],[59757.9999000002,787106.4998],[59532.0596000003,786922.412799999],[58950.3614999996,787040.085200001],[58860.7489999998,787078.535599999],[59443.4994000001,787689.501399999],[59309.0440999996,788012.891000001],[59800.4282999998,787966.1248],[59819.0058000004,787963.9001],[59999.9557999996,788084.6776],[60269.2121000001,788262.0277]]],[[[163489.4997,788383],[163582.0001,787686.9965],[162723.5002,787714.4998],[163489.4997,788383]]],[[[60674.5020000003,789647.995100001],[60440.9550000001,789375.3355],[60332,789998],[60550.3309000004,789801.5923],[60674.5020000003,789647.995100001]]],[[[149893.4998,788998.5001],[149371.6279,785029.819800001],[149110.3987,784682.888],[148741.5,785144.499700001],[148731.0003,784441.500299999],[148192.5029,784085.997199999],[148413.795,783859.346799999],[148575.6606,783972.7161],[148440.6405,783793.3994],[148314.9442,783667.8606],[148191.497,783647.002900001],[148124.4292,783477.5843],[147905.1121,783258.541999999],[147749.2705,783259.1752],[147386.4987,783462.4957],[146407.1967,783362.3936],[145163.4983,784157.9966],[145150.1583,784158.6777],[144453.9019,784600.2027],[144407.5004,784806.0011],[144151.6897,784890.9911],[143816.5127,785225.695699999],[143784.3726,786294.528999999],[143900.0624,787179.5371],[144304.4349,787642.627599999],[145289.7999,788230.8388],[145808.2748,788220.0294],[146974.9959,788115.003900001],[147192.0977,788546.8003],[146901.4997,789297.5001],[147197.9999,790002.9002],[146899.0005,790497.0011],[148392.0317,791286.6625],[149848.3179,789153.801200001],[149893.4998,788998.5001]]],[[[65151.2231999999,792123.2289],[65318.7578999996,791999.2775],[65355.5515999999,791388.152899999],[65334.5036000004,791214.4969],[65656.0031000003,790795.4967],[65402.0525000002,790873.6577],[65330,790921.5],[65324.8043,790897.4332],[65154.0022,790950.002699999],[65152.773,790429.190300001],[64934.3803000003,790377.055500001],[64792.9999000002,790559],[64794.3364000004,790343.624199999],[64535.2800000003,790281.782199999],[64158.9967,790579.4988],[64126.9982000003,790252.817500001],[64107.0800999999,790179.562200001],[64043.8060999997,790164.4574],[64033.1935000001,790176.296],[63672.5,790794],[63614.9561999999,790822.3411],[62953.5338000003,791970.407299999],[62897.4040000001,792178.864],[63064.7384000001,792115.2513],[63093.7542000003,792096.8003],[63122.1292000003,792076.678300001],[63176.0000999998,792044.500299999],[63193.5036000004,792267.0715],[63259.3378999997,792442.6863],[63478.7345000003,792557.7071],[63574.4123,792582.080600001],[63767.5636,792574.307600001],[65151.2231999999,792123.2289]]],[[[61255.9653000003,792393.819800001],[61175.0000999998,792061.5],[60917.5001999997,792519.501599999],[61286.0294000003,792606.102299999],[61255.9653000003,792393.819800001]]],[[[69117.1809,794375.9759],[68705.8520999998,793278.384099999],[68430.9996999996,794214.4999],[68801.0349000003,794326.4224],[69114.5203999998,794382.518999999],[69117.1809,794375.9759]]],[[[115844.4385,796837.395],[115866.5041,795687.496300001],[115597.2884,796170.424799999],[115718.4802,796647.353599999],[115826.5783,796877.533600001],[115844.4385,796837.395]]],[[[75425.8762999997,802020.778100001],[74759,801985.000299999],[75232.8524000002,802549.6534],[75236.7878,802553.6483],[75257.4795000004,802528.396299999],[75425.8762999997,802020.778100001]]],[[[74327.0104,802726.920299999],[74476.6052999999,801853.369999999],[73640.9983999999,802079.9965],[73776.0031000003,802793.0024],[74074.5371000003,802766.579399999],[74327.0104,802726.920299999]]],[[[75420.3579000002,804707.7205],[76122.6118000001,803812.482899999],[76111.4996999996,803744.499700001],[76401.0004000003,803634.500499999],[76396.8152999999,803684.8473],[76554.8233000003,804019.282199999],[76604.9990999997,804016.000800001],[76555.1608999996,803275.215299999],[76256.6306999996,803434.230599999],[75870.4994000001,803744.498600001],[75702.8376000002,803729.214299999],[75462.0026000002,803857.4976],[75251.5006999997,803748.4398],[74916.1961000003,803891.324899999],[74719.9833000004,804099.802300001],[75251.1326000001,804635.950300001],[75420.3579000002,804707.7205]]],[[[138863.0778,804088.7872],[139239.4999,803407.000800001],[139686.5021,803492.0023],[139769.1824,803344.840500001],[139778.5005,802957.495300001],[139999.9962,802761.7673],[140192.1919,802591.9308],[140268.0008,802456.999399999],[140938.0034,802511.503],[141644.0033,802034.499500001],[142296.7597,800136.213300001],[142168.5552,800109.2248],[141634.6156,799999.990599999],[140218.6009,799710.300100001],[140291.4996,799327.704299999],[140695.7126,799231.841600001],[142748.4244,798393.0579],[142002.0038,797106.000299999],[141899.9333,795841.4704],[141370.02,794303.881999999],[141164.5035,794083.4955],[141140.9905,793762.718900001],[140886.2412,793403.790100001],[140517.3403,793097.1402],[139999.9975,792903.0222],[139315.0011,792645.997],[138951.4026,791795.4507],[137930.1087,790946.4976],[137839.9959,790898.997],[137794.7292,790905.057800001],[136324.7372,791825.973099999],[135910.5001,792563.4998],[135846.4306,792533.125700001],[135607.4999,792411.999700001],[134412.2907,793058.231799999],[134390.3081,793203.5449],[134478.9999,794157.5002],[134147.2551,794810.212200001],[134079.051,795261.0656],[134180.9998,795409.295],[133948.8482,795470.313300001],[131711.1497,797435.6635],[131565.5,797619.0002],[130983.4997,798144.4998],[130918.7982,798131.578600001],[129339.0434,799519.062899999],[129315.9962,799544.5023],[129345.176,799584.124600001],[129617.1519,799831.566],[130177.4979,799713.0041],[130387.9353,799999.9822],[131142.4999,801028.9987],[132532.5008,801785.000600001],[133346.5036,803224.4989],[135640.6425,804180.6708],[135906.6413,804121.712300001],[136211.9992,803739.500700001],[136611.4983,804531.504799999],[137581.9998,804926.5001],[137926.5032,804368.500700001],[138553.8236,804312.0955],[138863.0778,804088.7872]]],[[[127768.5083,804771.7752],[128559.0006,804150.004000001],[128593.7886,804161.2335],[129224.4393,803694.6787],[129207.0403,803671.9123],[128944.2083,803691.137700001],[128804.0026,803862.996099999],[128365.6325,803733.458799999],[128197.6218,803745.748299999],[128130.9805,803835.031500001],[128086.9997,804273.999500001],[127821.4968,804295.001499999],[127662.0039,803846.001],[126972.0001,804220.0001],[126483.3301,803840.4266],[126443.9735,804483.482899999],[126592.5041,804831.9988],[126580.5819,804854.913799999],[126764.0008,804971.999600001],[127098.5041,804567.503799999],[127420.1706,805029.475099999],[127768.5083,804771.7752]]],[[[77247.5036000004,804132.499],[77218.0341999996,804123.897500001],[76597.7008999996,804385.405099999],[76494.0039999997,804563.9954],[76027.0231999997,804728.2063],[75815.5011999998,804880.0001],[76557.2788000004,805191.7882],[76985.3784999996,805357.447899999],[76958.7762000002,805301.063100001],[76828.9998000003,805157.499700001],[77247.5036000004,804132.499]]],[[[71605.0916999998,805986.5714],[71032.9999000002,805969.9999],[71086.4971000003,806263.499],[71650.5003000004,806405.499399999],[71769.6070999997,806058.6634],[71741.5040999996,806028.3508],[71605.0916999998,805986.5714]]],[[[123917.5005,806857.5002],[124410.0034,806558.004699999],[125220.5,806762.5001],[125567.5028,806474.498600001],[126185.37,806646.7853],[127705.9245,806453.2161],[127892.834,806367.124700001],[128035.68,806295.0044],[128015.5898,805896.286499999],[127805.5014,805432.9968],[127916.2919,805063.6998],[127889.6049,805064.957699999],[127564.9998,805491.0002],[126568.0325,804913.176100001],[126556.9291,804927.2161],[126446.6622,805112.312999999],[126399.9984,805202.002800001],[126394.1415,805200.4757],[126342.0023,805287.9979],[125758.8132,805094.460200001],[125178.5008,805251.4987],[125169.1522,805230.4365],[124829.4852,805350.4594],[124798.3597,805357.4168],[124636.382,805412.8871],[124603.4985,805475.5046],[124555.966,805440.426100001],[124254.9963,805543.495100001],[124082.4649,805090.987299999],[122899.8346,804218.218499999],[122230.504,804274.998199999],[122064.4573,804206.27],[120824.8577,804399.156099999],[120636.7985,804616.9673],[120898.4413,805337.593599999],[120968.4984,805377.502599999],[121015.4317,805575.8324],[121341.0021,805845.648],[123659.002,806092.9978],[123917.5005,806857.5002]]],[[[78672.3421999998,807525.747300001],[78644.1217,807079.4882],[78552.0281999996,807233.0426],[78451.5521999998,807444.008099999],[78464.4072000002,807450.4224],[78672.3421999998,807525.747300001]]],[[[69484.2995999996,805883.198899999],[69624.4995999997,805276.000700001],[71114.9013999999,804153.7029],[71167.9035999998,804461.368000001],[71396.2999999998,804164.5],[71458.2026000004,804125.529200001],[71688.6009999998,803771.001],[71760.8652999997,804072.8729],[72214.1089000003,803637.7152],[72298.1168,803523.5732],[72312.5,803395],[72471.9699999997,803287.357799999],[72666,803021],[72395,803072.42],[70907.0820000004,803902.903999999],[70618.0558000002,804332.7609],[70589.2001,804371.6],[70711.9000000004,803895.9998],[71861.2017000001,803186],[70938.5998999998,803553.4002],[71025.699,803222.1],[70697.8700000001,803364.029999999],[70426.1100000003,803202.109999999],[71007.7000000002,803135],[71042.46,802804.020099999],[71071.9030999998,802624.3994],[71557.8009000001,802341.7006],[71587.0826000003,802477.0584],[71673.6031999998,802575.091],[71733.1260000002,802531.774],[71732.6031999998,802536.214],[71660.4000000004,802806.550000001],[71825.29,802912.6],[72137.5821000002,802846.0514],[72286.2122999998,802474.237600001],[72142.4999000002,802313.3003],[72484.2988,801947.4045],[72618.9731999999,802201.331800001],[72737.6014999999,802127.9597],[73432.9996999996,801646.000299999],[73284.4994000001,801402.5001],[73377.3186999997,801348.664899999],[73466.2545999996,801283.045700001],[73633.5,801189],[73384,801083.5],[73228.4990999997,801398.5009],[73356.9265000001,800572.273499999],[71981.9000000004,801001],[71602.7644999996,802125.504699999],[71572.9970000004,802216.6974],[71433.4877000004,801958.278200001],[70936.1255000001,802025.7411],[70840.5959999999,802048.196],[71703.75,801582.26],[71724.1128000002,800791.256100001],[71723.5343000004,800594.0131],[70646.9988000002,800269.277899999],[70568.4149000002,799666.647399999],[70086.7998000002,799189.899900001],[70262,798669.4998],[69636.7999999998,799047.5002],[69328.4027000004,798760.796599999],[69239.7017999999,798533.7008],[69512.4214000003,798293.8474],[69614.0620999997,797324.7444],[69607.0033999998,797314.500600001],[69112.0016999999,797664.999700001],[68895.3357999995,797585.726399999],[68868,797596.5],[68817.2397999996,797557.1527],[68646.0001999997,797494.4998],[68669.2225000001,797442.4155],[68634.5,797415.5],[68774.6243000003,797170.694700001],[68266.9517000001,797091.8158],[68151.0001999997,797212.5002],[66836.8362999996,797263.4835],[66785.6963,797282.2147],[66843.3483999996,797901.945900001],[66876.5999999996,798145.1998],[66577.7242000001,798201.5052],[66280.2599999998,798338.359999999],[66197.5428999998,798273.127800001],[66023.6009,798305.8968],[66044.3770000003,798152.338199999],[65666.6979,797854.966499999],[65629.4802000001,798030.095799999],[65519.2400000002,798659.98],[65517.3099999996,798576.914999999],[65492.8008000003,798696.395199999],[65459.6370999999,797405.8882],[64786.3518000003,797503.195],[63821.1771999998,797643.978499999],[63817.5599999996,797643.210000001],[63701.7000000002,797377.800000001],[63836.5999999996,797057.800000001],[63063.2034,796811.4046],[63233.7566,796769.8901],[63222.7999999998,796753.5],[66200.5,796003.5],[66314,795512],[65943.4000000004,795480.4],[65817.5980000002,795865.4954],[65649.6200000001,795591.130000001],[64538.8699000003,796047.6785],[64512.8995000003,796063.399800001],[63451.3997999998,795389.0999],[63403.7999,794789.9002],[65281.4959000004,794639.496300001],[65219.2951999996,794222.8905],[65200.3311000001,794127.714500001],[65078.6919,794062.131100001],[63862.0898000002,793793.0847],[63581.5,793962.5002],[63468.9715,793706.1483],[62997.3459000001,793601.850299999],[62844.0001999997,793690.498],[62398.2762000002,793502.226500001],[62331.3065999998,793556.0492],[62197.4386,793844.675100001],[62298.4996999996,793859.9999],[62151.9992000004,794561.899499999],[61740.3630999997,794962.418],[61820.5396999996,794953.046],[62731.4963999996,794757.3026],[62999.6995000001,795424.9002],[62711.3985000001,795615.078199999],[62380.4996999996,795832],[62149.8817999996,795833.637700001],[61296.6495000003,796165.5053],[61150.0029999996,796320.994999999],[61194.9145,796437.8082],[61232.1799999997,796436.92],[61399.4571000002,796912.100299999],[61528.3740999997,796990.4548],[61850,797168.5],[61844.7094000001,797182.7205],[61948.0000999998,797245.499700001],[61509.5,797625.5],[61526.5,798021.5],[62095.2999999998,797912.199999999],[62828.4702000003,797476.510199999],[62969.1013000002,797383.9999],[63470.7999999998,797532.789999999],[63673.5499999998,797506.52],[63776.6100000003,797639.380000001],[63738.8646999998,797654.424699999],[62076.1892999997,798727.164799999],[62511.9899000004,799317.5064],[62498.4221000001,799920.883199999],[62562.0471999999,800051.1765],[62721.0630999999,800118.386399999],[63015.4974999996,800177.5011],[62793.5482999999,800422.0053],[63218,800330],[63196.7693999996,800422.3816],[63859.9992000004,800423.000600001],[63897,800684.0002],[64453,800298],[64773.5003000004,800530.999700001],[65114.8777000001,801100.8303],[65155.8499999996,801140.689999999],[65146.9029000001,801154.287],[65219.4000000004,801275.299900001],[64815,801679.5002],[64748.6303000003,801645.5252],[64479.5796999997,801979.0704],[64954.7290000003,802089.666300001],[65221.2599999998,802082.58],[65256.2812999999,802159.855699999],[65435.2000000002,802201.5009],[65615.2998000002,802722.600099999],[65276.7961999997,803262.797900001],[65481.7215999998,803510.0011],[65526.9000000004,803500.1],[65530.8832999999,803507.1381],[65534.9000000004,803505.199999999],[65650.4568999996,803713.547900001],[65856.5003000004,803962.0999],[66130.7988,803733.3138],[65478.7991000004,804494.2959],[64559.8519000001,804921.2478],[66342.8372,804906.9055],[67173.0005999999,804758.203400001],[68621.9994000001,805460.499500001],[68640.398,805523.2708],[68660.5,805532],[68772.1655999999,805816.367699999],[68968.9992000004,805711.5001],[69735,807638.000299999],[69565.8117000004,807837.467599999],[69572.5,807854.5],[69346.3069000002,808112.578299999],[69358.2422000002,808157.4889],[69630.9965000004,808308.703600001],[69474.0925000003,808593.4144],[69726.7136000004,809543.986099999],[69836.9582000002,809552.128799999],[70131.5462999996,809463.5898],[70220.7522999998,809413.176000001],[70039.5983999996,808461.899800001],[71184.3990000002,808270.5045],[71409.3002000004,807607.800100001],[70952.3997999998,807030.6997],[71023.0009000003,806436.999700001],[69484.2995999996,805883.198899999]]],[[[73952.6243000003,808203.941299999],[72909.6891999999,807592.3719],[72738.4167999998,807836.5732],[72646.7049000002,808326.980900001],[73163.9968999997,808828.004899999],[72901.3644000003,809255.8851],[73401.7773000002,809679.206599999],[73441.3037,809704.540100001],[73465.6239,809693.3956],[73500.9813999999,809671.887],[74395.3472999996,808593.9892],[74440.4972999999,808494.000499999],[73925.0000999998,808321.5001],[73952.6243000003,808203.941299999]]],[[[70683.0820000004,810266.2706],[69748.9998000003,810150.496400001],[70041.9987000003,810431.500399999],[70029.2182999998,810447.8354],[70214.6248000003,810614.6423],[70415.7539999997,810528.902899999],[70634.5789999999,810322.5824],[70683.0820000004,810266.2706]]],[[[75433.4994999999,811406.9967],[75034.9992000004,811397.499399999],[74864.4994999999,811698.5032],[75075.3651000001,811723.372],[75417.0011,811694.0045],[75433.4994999999,811406.9967]]],[[[181268.0025,811470.498500001],[181122.5019,811454.5031],[180994.4973,811641.499600001],[181317.4976,811779.9999],[181455.9981,811627.503599999],[181268.0025,811470.498500001]]],[[[171336.0019,812466.5034],[170595.7021,812240.1997],[170741.8995,812613.8058],[171144.0559,812985.810699999],[171310.7187,812976.254699999],[171351.985,812723.499199999],[171336.0019,812466.5034]]],[[[78117.8596999999,813065.244100001],[78325.5,812511.939999999],[78351.5581,812516.0769],[78432.4013,812326.103599999],[79058.3991,811918.3003],[79174.9379000003,812071.848099999],[80992.9627,812328.408299999],[80948.5687999995,812166.9232],[80434.2215999998,811056.566],[80375.4983999999,811048.999199999],[80576.5866,810879.4276],[80516.4988000002,810684.864700001],[80129.0039999997,810388.498199999],[80170.9770999998,810170.8287],[80195.3452000003,809803.4737],[79999.9622999998,809807.568],[78929.4998000003,809830],[78947.4096999997,809817.192600001],[78954.4800000004,809813.5462],[78946,809814.5],[79387.8289999999,809590.043299999],[79999.9666999998,809269.5606],[80193.0022,809168.497500001],[79999.9677999998,809128.738500001],[79741.5031000003,809075.502900001],[79850.3811999997,808789.946799999],[79231.2483000001,808169.2677],[78241.0003000004,809222.5009],[78258.3158,809488.1009],[78499.3990000002,810266.258300001],[78661.2007999998,810450.3003],[78171.8002000004,811327.699999999],[78250.2286999999,811708.111],[78257.0300000003,811712.15],[78251.6288999999,811715.1083],[78371.7998000002,812335.800899999],[78099.4117999999,813107.915100001],[78117.8596999999,813065.244100001]]],[[[147159.9989,815759.000499999],[147154.0984,814640.701400001],[147135.5809,814609.257200001],[146399.4989,814099.9958],[145457,814525.4998],[145333.5032,813859.504699999],[145717.5394,812949.938999999],[145732.7027,812856.390799999],[145405.6625,812628.384099999],[143878.8294,812452.7226],[143355.5562,812927.223099999],[142741.7568,814338.6982],[142685.4999,814559.4999],[144482.9992,815391],[145203.9992,814770.0041],[144837.9999,815440.0011],[145153.9997,815366.0031],[145210.7557,815831.341800001],[145590.5412,816107.8171],[146615.6078,815940.464299999],[147159.9989,815759.000499999]]],[[[164818.2474,815878.3422],[164802.2959,815758.7256],[164486.4998,815823.001399999],[164662.2011,816115.6995],[164818.2474,815878.3422]]],[[[72932.5011,817341.499],[72767.5991000002,817119.2016],[72524.1106000002,817212.982799999],[72582.8026000001,817431.302300001],[72932.5011,817341.499]]],[[[82095.5532999998,817970.324899999],[82123.6725000003,817917.154300001],[81671.1199000003,818011.317299999],[81719.2471000003,818056.7268],[81935.9790000003,818080.1337],[82095.5532999998,817970.324899999]]],[[[77571.5015000002,818228.5041],[77358.8196,818091.2578],[76969.4966000002,818477.002900001],[77246.0032000002,818738.498400001],[77571.5015000002,818228.5041]]],[[[78483.7746000001,818884.649700001],[79561.4965000004,818270.0021],[78894.5016000001,818291.9991],[78831.0141000003,818377.8179],[78641.4961000001,818633.9979],[78623.7884,818589.2249],[78491.9889000002,818256.0111],[78124.7114000004,818973.159399999],[78483.7746000001,818884.649700001]]],[[[83378.2828000002,823188.2491],[83244.9778000005,823003.5955],[83031.1945000002,823796.007099999],[83100.3232000005,823772.6198],[83521.6513999999,823436.717599999],[83378.2828000002,823188.2491]]],[[[184558.0791,824861.419299999],[184304.9999,824829.500299999],[184441.5003,825123.5],[184317.0219,825148.5781],[184396.8828,825441.280300001],[184430.2033,825479.5217],[184434.4679,825467.877499999],[184558.0791,824861.419299999]]],[[[167553.4977,826391.497400001],[167099,826375.5002],[166827.0005,827420.002],[167495.1643,827788.841800001],[168147.2266,826953.1459],[167553.4977,826391.497400001]]],[[[77456.8653999995,828292.172499999],[77438.1008000001,828196.700099999],[76966.7016000003,829098.102700001],[77467.8295999998,828799.1525],[77456.8653999995,828292.172499999]]],[[[166223.4105,831027.477499999],[165737.1675,830595.7563],[165686.8275,831659.869000001],[165998.6534,831297.0495],[166187.3656,831071.738299999],[166223.4105,831027.477499999]]],[[[159636.3568,833091.431399999],[159680.0002,832975.502800001],[159930.1956,833016.0052],[163302.8219,831115.8277],[163712.1751,830644.314200001],[163667.9338,829389.2294],[163464.5987,829000.1007],[163521.1226,828670.524],[163292.4993,827985.000600001],[163036.7998,828148.4003],[162302.5003,827351.4999],[160151.997,827374.495999999],[160000.0107,827623.1006],[159269.5003,828817.9991],[158625.4991,829113.4991],[158583.386,829206.648600001],[158626.0011,829334.494999999],[158110.2776,830259.081599999],[157828.5363,831078.9801],[158296.5001,832675.999700001],[158964.4999,832573.5001],[158926.0113,832946.5581],[159420.9722,833125.686100001],[159636.3568,833091.431399999]]],[[[168591.5014,835655.9955],[168457.5026,835441.4969],[168708.4988,835461.0013],[168938.0001,834056.0035],[169011.4966,835619.4959],[169439.4977,835439.997300001],[170336.9973,833917.0033],[169300.5024,833412.4977],[168962.4962,833799.4969],[168661.502,833712.501800001],[168381.9746,835398.7302],[168417.5422,835465.330399999],[167947.4961,835862.496400001],[168255.0039,836229.001499999],[168591.5014,835655.9955]]],[[[131884.4999,836086.4998],[131710.6181,835964.632999999],[131607.9999,836003.999500001],[131122.8513,835627.661800001],[131113.6319,835733.6283],[131311.8601,836114.739],[131591.5009,836306.5],[131884.4999,836086.4998]]],[[[129835.4002,837107.110300001],[129739.5983,835628.407299999],[129721.4965,835586.995200001],[129702.0479,835584.2302],[129309.7804,835642.8345],[129296.0019,835685.7557],[129296.0019,835888.4989],[129134.2857,835865.51],[129130.3868,835872.0339],[128786.828,835816.117000001],[128488.6763,835773.733100001],[129708.1628,837094.206700001],[129835.4002,837107.110300001]]],[[[180733.0724,837535.093699999],[180654.9994,837325.4987],[180526.6917,837695.0459],[180557.6619,837720.6609],[180785.0167,837787.688999999],[180733.0724,837535.093699999]]],[[[169498.4993,838193.999],[169499.9998,837790.4999],[169193.0033,837846.498500001],[169498.4993,838193.999]]],[[[84517.0109000001,838677.144400001],[84430.0219999999,838242.7553],[84365.7873,838273.627],[84362.4966000002,838390.002800001],[84052.4903999995,838460.8726],[84291.9390000002,838589.775900001],[84517.0109000001,838677.144400001]]],[[[85804.9929,838583.554],[85473.7959000003,838529.656500001],[85617.3212000001,838749.913899999],[85627.3662999999,838745.1097],[85804.9929,838583.554]]],[[[130124.267,838674.049799999],[129742.8136,838596.064200001],[129666.9506,838783.8236],[129762.8903,839331.227299999],[129796.5018,839409.0012],[130193.5015,838734.5043],[130124.267,838674.049799999]]],[[[128152.9922,838969.3741],[127671.5022,838802.504799999],[128000.8614,839584.367000001],[128143.8978,839041.236500001],[128152.9922,838969.3741]]],[[[84049.0016000001,843359.000299999],[84215.6213999996,843014.086100001],[83929.0794000002,843321.831499999],[84049.0016000001,843359.000299999]]],[[[85860.9035,844900.813999999],[85904.0009000003,844870.9988],[85343.4447999997,844925.083000001],[85452.2873999998,845046.005100001],[85860.9035,844900.813999999]]],[[[84000.1014999999,846187.7008],[84766.0016999999,845676.997],[84582.4995999997,845671.998400001],[84324.0004000003,845524.000800001],[84118.5005000001,845712.9967],[84098.0000999998,845501.5002],[83831.2013999997,846041.1028],[84000.1014999999,846187.7008]]],[[[84810.1144000003,845842.996400001],[84811.6733999997,845719.163899999],[84464.4962999998,845920.997199999],[84519,846370.499700001],[84810.1144000003,845842.996400001]]],[[[85222.0000999998,846382.4998],[85293.6798999999,845900.6724],[84892.3364000004,846031.013699999],[84748.0000999998,846125.4999],[84764.6507999999,846471.9157],[85222.0000999998,846382.4998]]],[[[88459.6628,847487.215399999],[87945.5039999997,846539.9991],[88516.9642000003,846071.850099999],[88514.5769999996,846052.043299999],[88366.9993000003,845812.999600001],[88133.0001999997,845895.500299999],[87893.7325999998,845609.4441],[87484.4972999999,845141.000399999],[86845.4968999997,845595.5002],[86596.9363000002,845363.6886],[86388.0031000003,845149.9979],[87216.4998000003,845108.499700001],[87356.5009000003,844853.002900001],[86398.4989999998,844967.5001],[85710.9444000004,845534.370300001],[85685.4841,845558.4856],[85944.2126000002,845744.631999999],[86184.0003000004,845890.5],[86138.2545999996,846220.0811],[86445.9988000002,846185.501499999],[86419.0253999997,846216.8158],[86597.9966000002,846199.9981],[86301.0004000003,846433.500299999],[86589.9993000003,846333.499600001],[86415.5009000003,846704.5011],[86719.3230999997,846997.2553],[86951.4578999998,847062.6085],[87097.4995999997,846994.000399999],[87193.1568999998,847130.654300001],[87651.2816000003,847259.630799999],[87965.9994999999,847167.500499999],[87919.9989999998,847335.283199999],[88459.6628,847487.215399999]]],[[[80282.2000000002,847511.6],[79999.9901999999,846711.195],[79889.5005000001,846370.2992],[79999.9967999998,846307.630999999],[80147.1009999998,846224.2006],[79999.9978999998,846239.2741],[79790.9000000004,846260.700200001],[79999.9985999996,846198.3397],[80623.7999999998,846012.3002],[80594.5037000002,845661.601399999],[80236.5033999998,845727.401799999],[80565.2997000003,845552.002800001],[80285.9000000004,845444.303400001],[80480.1039000005,844976.6984],[80685.8013000004,845440.604699999],[81038.4013,845479.003699999],[81847.2255999995,845097.922599999],[81943.2956999997,844973.220799999],[81845.6999000004,844718.800899999],[82102.8003000002,844551.5999],[82135.0609999998,844878.5908],[82298.2051999997,845039.392200001],[83403.5,844352.5],[83555.1469000001,843589.819800001],[82930.1645999998,843668.847100001],[82884.5034999996,843705.5013],[82893.7751000002,843673.4484],[82522.0848000003,843720.4476],[82293.4817000004,843962.5667],[82129.9649999999,844138.676899999],[81994.2806000002,843958.5923],[82321.5696,843702.9498],[82386.1568999998,843652.464],[81507,843706.5],[81550.5670999996,843688.183599999],[83354.8157000002,842901.769300001],[83495.5037000002,842840.499],[83672.9897999996,842443.2612],[83687.5602000002,842398.647500001],[83323.0000999998,842626.499700001],[83295.9992000004,842414.500499999],[84408.5040999996,841742.0034],[84181.4999000002,841406.5002],[84394.3244000003,841388.418],[84341,841322],[84554.7710999995,841374.7859],[84852.2960000001,841349.507300001],[84908.6447000001,841285.0163],[84834.3223000001,840984.637],[83963.3859999999,841046.8018],[83453.8996000001,841258.2009],[83499.9557999996,841079.880000001],[83191.6429000003,841101.886499999],[82926.4002999999,841147.9999],[82953.7368999999,841118.8675],[82941.7649999997,841119.721999999],[83285.1919,840636.1108],[83095.6009999998,840535.399499999],[83342.1926999995,840555.842700001],[83381.7377000004,840500.1557],[83374.4996999996,840302.100299999],[83472.6716,840372.1032],[83550.0498000002,840263.139900001],[83520.8991,840214.799900001],[83614.7566,840172.5688],[83762.3971999995,840109.101199999],[84885.9998000003,840601.9999],[84790.0029999996,840084.9977],[84374.5003000004,840088],[84793.9472000003,840059.4385],[84793,840054.5],[84977.9726999998,840054.089400001],[85246.5,840039.0002],[85439.4999000002,840216.000299999],[85220.5023999996,840379.0035],[85669.9978,840166.0035],[85315.4998000003,840579.5001],[86095.9999000002,840787.5002],[86087.1575999996,840762.5866],[85678.2854000004,839939.7455],[85296.6568999998,839903.967800001],[85094.9999000002,839970.500700001],[85375.5005000001,839349.999199999],[84567.9966000002,839498.4955],[84349.3276000004,839262.980799999],[83494.3310000002,839193.931700001],[83298.9999000002,839205.700200001],[83331.0623000003,838774.391100001],[83333.1782999998,838658.0891],[83319.0336999996,838660.8486],[82895.1655000001,838941.578],[82982.2002999997,839132.800000001],[82743.9111000001,839297.9724],[82741.4912999999,839299.5261],[81839.0001999997,839923.499700001],[81719.1441000002,839999.969000001],[81399.5020000003,840203.9037],[81496.5861999998,839999.966800001],[81591.2780999998,839805.2326],[82841.0690000001,838263.582599999],[82802.1002000002,838137.500299999],[83014.4831999997,838194.5513],[83790.1765999999,838141.2389],[83889,837810.0001],[83946.0872999998,837842.680400001],[84240,838011.5001],[84780.9999000002,837590.0009],[84974.4650999997,838059.8444],[85455.4199000001,838026.789000001],[85501.8322000001,837968.1745],[85541.1108999997,837592.201300001],[85444.9999000002,837582.0001],[85564.3026999999,837370.210200001],[85579.4205999998,837225.502599999],[85363.5,837141],[85438.4828000003,837125.2884],[85334.5059000002,837093.0042],[85625.1853,836787.4453],[85742.8855999997,835660.825099999],[85695,835425.499700001],[87057.9967,835944.0031],[87371.6379000004,835100.8477],[86764,834693],[86767.7494000001,834687.497400001],[86726.5037000002,834658.501800001],[87019.0001999997,834259],[86703.5001999997,834017.9998],[86565.4768000003,833138.5364],[85197,833374],[85185.8216000004,833359.699999999],[85141.0001999997,833392.500299999],[85073.1277000001,833215.535499999],[84490.3866999997,832470.0602],[84449.0038000001,832476.4956],[84460.9155000001,832439.385],[84439.5,832441],[84449.4609000003,832417.705600001],[84309.7933999998,832239.035],[84285.9994000001,832247.5012],[83387.5020000003,831085.502900001],[83397.5758999996,831072.0745],[83394,831067.5],[83649.1505000005,830435.8585],[83565.0006999997,830388.5035],[83920.0006999997,829758.503599999],[82980.5006999997,829228.495300001],[82982.7827000003,829108.758300001],[82833.5,828553],[82994.1579999998,828335.6052],[82590.5015000002,828227.500299999],[82698.7119000005,827880.1271],[82205.2615999999,827128.114600001],[81419.5000999998,827520.5002],[81356.4576000003,827251.7904],[80080.3629999999,827461.2301],[80036.1490000002,827679.9738],[80087.0389999999,827825.046],[80357.9998000003,827644.5002],[80271.5388000002,828350.999399999],[80277.9819999998,828369.367000001],[80812.9999000002,827622.5001],[81294.4999000002,827609.499399999],[80026.9998000003,829022.0002],[79999.9563999996,828930.902899999],[79930.7067,828697.631200001],[79496.2503000004,828561.059599999],[79414.0000999998,828617.4998],[79338.3309000004,828511.4176],[78230.5471999999,828163.1854],[78172.6996999998,828162.2006],[77732.9974999996,829572.596799999],[77526.1519999998,829503.8452],[77485,829593.1],[77329.6723999996,829438.539000001],[77313.9018000001,829433.2971],[77337.0334000001,829411.2565],[77476.6776000001,829208.2775],[77470.466,828921.0583],[77348.9000000004,828995.4],[77402.4540999997,828946.816500001],[76893.5001999997,829231.199999999],[76645.3003000002,829985.599400001],[76493.3033999996,829674.2983],[76866.5607000003,829027.718800001],[76971.3041000003,828750.124500001],[76677.0031000003,828682.401699999],[77272.2998000002,827651.899900001],[77639.0000999998,827579.899900001],[77618.3515999997,827816.0123],[77683.0405000001,827794.356899999],[77919.0001999997,827339.101199999],[78297.2000000002,827588.7598],[78914.1700999998,827382.221899999],[79129.9998000003,827270.5],[79040.7636000002,827393.0353],[79746.0318,827934.2261],[79783.5029999996,827942.003599999],[79794.0970000001,827861.436799999],[79799.2137000002,827597.7534],[79421,827620.0001],[79758.5039999997,827440.497199999],[79685.9996999996,827132.4998],[79996.7367000002,827106.2927],[80013.8163999999,827030.6702],[80050.5017999997,826811.296399999],[80017.5,826778],[80091.7805000003,826570.014699999],[80132.4994999999,826332.0044],[80724.0000999998,825994.5002],[80935.551,826045.5721],[81807.9989,825746.501499999],[81883.9989,825509.9998],[82056.4901000001,825412.628599999],[82263.5,825282.5],[82267.4967999998,825286.879699999],[82403.5279999999,825216.726],[82265.6277000001,824656.9483],[81976.5004000003,823701.998500001],[82056.8854999999,823678.3629],[82859.4363000002,821047.225099999],[82840.2213000003,820751.6534],[82775.5034999996,820629.996300001],[83071.75,820302.3292],[83053.9238,820289.7115],[82597.5192999998,820000.046700001],[82218.5033,819759.4977],[82222.3131999997,819511.9366],[81762.1130999997,819085.181700001],[81217.6546999998,819018.193700001],[79765.6831999999,819857.857999999],[79640.6546,819999.985099999],[79181.0029999996,820522.497],[78450.7960999999,820707.204500001],[79167.2396,820058.3813],[79150.8142999997,819834.874],[79017.0806999998,819703.7426],[79012.8892000001,819699.6327],[79135.3537999997,819624.4957],[79103.659,819193.210000001],[79111.2962999996,819188.751],[79705.3609999996,818864.265000001],[79746.8909999998,818893.4756],[80162.6057000002,818699.7601],[80161.0694000004,818695.175100001],[79999.9752000002,818746.8016],[78316.5021000002,819286.3113],[78121.6140999999,819744.7983],[78540.4900000002,819644.550000001],[78500.6189000001,819676.9275],[78103.5751999998,820000.0184],[77951.9039000003,820122.7018],[77984.3986999998,820000.0264],[78056.1831,819729.0239],[78180.0225999998,819248.701300001],[78150.5301000001,819254.4673],[77524.7341,819407.4584],[77530.0323999999,819781.568399999],[77530.7863999996,819811.7872],[77261.3965999996,819660.1908],[77077.4661999997,819556.931],[77004.4977000002,819570.0384],[76262.5499999998,819716.029999999],[76277.1447999999,819706.903999999],[76260.4868999999,819710.043199999],[76293.4172,819695.721100001],[76659.5335999997,819467.7992],[76347.6001000004,819355.1],[77226.5033999998,818829.502],[76818.0005000001,818492.4991],[77390.1068000002,817728.0088],[77387.9199999999,817711.4],[77401.0329999998,817713.763800001],[77464.6003,817631.3002],[77531.3946000002,817737.262800001],[78198.3398000002,817857.4866],[78566.6299999999,817691.630000001],[78661.9740000004,817721.963],[79038.0011,817587.0987],[79357.9757000003,817943.390799999],[79968.8310000002,818137.73],[79999.9901999999,818139.5393],[80412.5503000002,818163.4956],[82181.4981000004,817462.658],[82730.5000999998,817209.0002],[82745,816726.5],[82345.0001999997,816379.9999],[82382.2407,816377.644099999],[82363.5,816361.5],[82862.4228999997,816094.325300001],[82903.3470000001,815591.679400001],[82725.0027999999,815314.998],[83029.5000999998,815252.9998],[83474.9983000001,816103.5023],[83499.1875999998,816093.128799999],[83749.8838999998,815866.4014],[83789.0054000001,815258.060799999],[83791.0811000001,815213.5244],[84656.0001999997,815011.4998],[84376.0080000004,814268.594000001],[84080.5,814541.9998],[83502.6667999998,814460.6917],[83603.5192999998,814435.027899999],[83508.5,814455.5],[84185.1765999999,814281.204500001],[83812.9996999996,814104.0002],[83899.3625999996,814046.425100001],[83269.6496000001,813629.153000001],[83203.0011999998,813628.5002],[83413.0036000004,812700.996300001],[83352.8060999997,812718.570699999],[80575.9479,814237.2443],[80512.9999000002,814295.4999],[80000.0029999996,814289.164999999],[79395.4999000002,814281.700200001],[79176.4011000004,814714.1995],[79016.3990000002,814271.896600001],[78227.0003000004,814042.0013],[78122.1135,813509.593],[78102.6561000003,813456.243100001],[77811.0033,814203.795600001],[77770.1889000004,814013.755999999],[75038.9444000004,814210.0524],[74766.1021999996,814267.5988],[74401.0001999997,815022.4001],[73745.9993000003,815425.396400001],[73899.2905999999,816817.1876],[73157.9000000004,817424.4998],[73291.2008999996,818237.6008],[72816.7973999996,819536.1997],[72961.7443000004,819999.989],[73202.3000999996,820769.700200001],[72460.9992000004,824181.1],[72725.9999000002,827141.699999999],[72269.5154999997,827609.216399999],[72242.7986000003,827850.2478],[72194.9961000001,829298.495300001],[71413.5998999998,829796.3003],[71239.0840999996,829677.509],[70878.6398,829875.140799999],[70865.2986000003,829896.0043],[71104.9132000003,830068.371400001],[71304.0164999999,830159.0515],[71926.7017999999,829862.004000001],[72605.3002000004,830350.699999999],[72717.6226000004,830775.710999999],[72764.9000000004,830824.4],[72842.9318000004,831249.8618],[73247.8997999998,832782.199100001],[73156.8868000004,832961.6755],[73245.9327999996,833447.191299999],[73263.4993000003,833443.6996],[73528.5000999998,833906.9001],[73557.2997000003,835018.4002],[74429.7998000002,835452.6997],[75106.0963000003,836329.9026],[75414.5164999999,836193.2017],[74980.5982999997,837027.302999999],[75453.6003999999,839649.4013],[75424.5432000002,840000.001800001],[75193.2960999999,842790.203299999],[73901.5208999999,846108.3377],[74326.5972999996,846282.7312],[74921.2000000002,845927.7992],[75512.4667999996,846769.250600001],[76244.4466000004,847069.555500001],[77056.6996999998,846667.9999],[76656.7038000003,846825.099400001],[76402.9000000004,846423.200999999],[76614.7011000002,846373.8992],[77177.3003000002,846656.9999],[77770.9001000002,846447.000299999],[77272.1984999999,846664.3037],[77644.8002000004,846949.3018],[79376.2959000003,847303.601399999],[79999.9873000002,846885.995100001],[80003.1936999997,846883.848200001],[80256.1187000005,847557.109999999],[80282.9989,847530.950099999],[80282.2000000002,847511.6]]],[[[87989.2254999997,847829.541300001],[87249.9994999999,847546.002],[87129.4989,847838.998600001],[87457.5028999997,848004.0009],[88007.0669,847836.3846],[87989.2254999997,847829.541300001]]],[[[86685.5228000004,848019.747],[86757.4972000001,847812.4957],[87102.9993000003,847833.5],[87078.6135,847795.758300001],[86828.5037000002,847413.4999],[86407.9972999999,847460.996300001],[85913.5003000004,847772.9987],[86524.5000999998,847631.997400001],[86343.0015000002,848008.499600001],[86685.5228000004,848019.747]]],[[[77632.4002,847619.100500001],[76929.3003000002,846774.1997],[78065.8405999998,848978.2862],[78091.5037000002,848973.837400001],[77632.4002,847619.100500001]]],[[[122829.438,848852.0107],[122839.3374,848789.7521],[122683.9997,848798.0002],[122821.0113,848447.725500001],[122815.2898,848455.265799999],[122520.8002,849104.9002],[122829.438,848852.0107]]],[[[124021.7778,849434.4888],[124016.7785,849291.198999999],[123684.5105,849655.0824],[123908.5859,849729.1853],[124021.7778,849434.4888]]],[[[88142.5736999996,850053.417300001],[88185.4208000004,849933.488399999],[87831.0718,850144.443700001],[87813.0209999997,850178.635399999],[87947.8298000004,850191.575999999],[88142.5736999996,850053.417300001]]],[[[86840.3812999995,850584.3938],[86430.0033999998,850531.498199999],[86415.0285,850647.9548],[86613.9800000004,850692.8137],[86849.1404999997,850601.4858],[86840.3812999995,850584.3938]]],[[[159043.9976,851983.6427],[159103.7698,850788.5121],[158880.3577,850218.514799999],[158493.0405,851007.407500001],[158356.5954,851508.4005],[158634.2315,851859.168],[158914.0003,851850.0001],[158910.7608,852208.5372],[158933.8011,852237.646500001],[159043.9976,851983.6427]]],[[[86626.3196,852751.057],[86901,852426.501],[86255.0001999997,852846.9999],[86315.1812000005,853068.522700001],[86626.3196,852751.057]]],[[[161709.0015,851917.500399999],[161332.4997,850251.9991],[161325.4556,850235.417099999],[159036.0417,846455.6811],[158528.4998,846279.4998],[158047.5029,844863.999700001],[158118.3158,844643.1074],[158607.3908,840652.0022],[158601.4998,840299.000299999],[158731.3216,839999.9625],[159515.9988,838192.499700001],[159999.9863,838209.2884],[160020.5002,838210],[159999.9887,837764.7413],[159955.5004,836798.999199999],[158087.0002,834136.0999],[157481.6168,834193.6811],[156301.9995,833688.999199999],[155330.7965,834337.502900001],[155260.9606,834650.750399999],[155250.1733,835341.5967],[155473.0985,835708.599300001],[154822.118,836213.930199999],[154817.5002,836221.2037],[154813.4136,836220.6536],[154502.0029,836460.5952],[154218.0634,836343.630799999],[154393.5775,836691.1435],[154687.8961,837193.5954],[154599.5319,837662.811100001],[155171.9966,839452.998600001],[155169.7106,839483.024599999],[155206.9969,839550.500700001],[155171.4154,840000.013499999],[155131.5448,840503.711999999],[155142.7019,840520.1032],[155043.1768,841620.0954],[154983.059,842379.584799999],[155009.8987,842438.1041],[154907.7106,843331.487400001],[154842.9999,844148.9998],[154890.5282,844325.3935],[155994.6412,847006.359200001],[156205.0038,847235.001],[156268.8191,847569.6063],[156451.0286,847853.8916],[156537.4354,847811.529899999],[156546.7424,848003.225400001],[156759.2174,848334.7311],[157612.8758,848080.1581],[157663.0015,848046.499399999],[157699.7373,848054.254799999],[158521.366,847809.2336],[158569.5,847720],[158591.7883,847716.776799999],[159083.9977,847611.0034],[159543.5,848754],[158485.7177,849301.0769],[158521.9005,849321.1019],[159105.303,849585.7981],[159102.4346,849642.3926],[159122.5022,849653.4988],[159116.3255,849728.813300001],[159119.68,849731.060000001],[159068.4981,850311.999199999],[159146.4896,850454.657400001],[160337.0139,851438.7908],[160443.5007,851431.9999],[160883.4993,851857.4991],[160851.0579,851878.6526],[160816.0316,852404.4033],[160908.499,852513.5],[160782.7046,852904.6471],[160757.1723,853287.891899999],[160984.5137,853234.9473],[161075.3085,853070.585000001],[161344.5009,852086.0043],[161709.0015,851917.500399999]]],[[[160818.2628,853535.9047],[160936.4985,853286.999500001],[159999.9995,853981.0185],[159907.4704,854049.588500001],[159761.7017,854174.986300001],[159999.9912,854246.1819],[160365.5649,854355.4059],[160818.2628,853535.9047]]],[[[88699.2167999996,855418.748299999],[88753.443,855320.6679],[88408.1996999998,855358.3957],[88486.1821999997,855611.134500001],[88699.2167999996,855418.748299999]]],[[[84254.2000000002,855705.9],[84605.0999999996,855291.100299999],[84906.4933000002,855321.839400001],[84657.2136000004,854712.9243],[84190.4963999996,854714.6],[84218.2993999999,855196.5011],[83663.5,855817],[84254.2000000002,855705.9]]],[[[84285.8962000003,856565.8116],[84207.2983999997,856320.0032],[83856.0011999998,856600.5002],[84032.3997999998,856712.5998],[84238.9038000004,856606.2382],[84285.8962000003,856565.8116]]],[[[80574.2000000002,856773.4001],[80119.1999000004,856743.7993],[80298.4506999999,857208.0997],[80574.2000000002,856773.4001]]],[[[80286.5011999998,855892.8028],[81918.6001000004,855674.5002],[82064.6969999997,856167.2042],[82339.1830000002,856277.7325],[82724.2972999997,856218.632200001],[82905.8002000004,855972.299900001],[83264.8998999996,856084.199999999],[82533.9999000002,855705.099400001],[82683.4967,855439.7016],[82875.2999999998,855787.4],[83021.2597000003,855732.8993],[83836.0992999999,855369.8013],[83984.4998000003,854803.700200001],[83455.6001000004,854801.899800001],[83814.9000000004,854061.800100001],[84210.7000000002,854230.0997],[84319.5972999996,853693.5019],[84429.7999999998,854036.5],[84727.5,854048.4],[85360.5,853323.5],[85036.5,854046],[85175.5,854386.5],[85487,854333],[85212.5,854609.5],[85193.7000000002,855076],[85520.9000000004,855095.800000001],[86113.5,854454],[85480.7000000002,854532.4],[85815.5,854200],[85735.5,853751],[86169.5700000003,853613.49],[86402.5,853980.5],[86440.9299999997,854330.460000001],[86626,854342.5],[87614.0252,853577.789999999],[87917.5307999998,853204.6504],[87740.1262999997,853080.1404],[87724.9020999996,853069.0472],[88027.2038000003,853015.4737],[87519.5,852843],[87808.2182,852708.418199999],[87542.4561999999,852473.9768],[87227.0513000004,852923.4267],[87060.3175999997,852779.861300001],[86174,853344.5],[85748.5,852211.5],[87000.5203999998,851622.795600001],[87076.6750999996,851570.786800001],[85634.1387999998,851760.6393],[85240.5,852589.5],[85176.8541999999,851852.1346],[85081.5,851909],[85102.9988000002,850996.504799999],[84916.1942999996,851312.2651],[84938.0422999999,851339.358899999],[84888.8073000005,851358.558499999],[84321.5,852317.5],[84073.5,851954],[84324.0900999997,851680.853700001],[84324.6639999999,851539.7884],[83961.6217,851590.4431],[83963.8024000004,851587.4432],[83960,851588],[84326.2423,851088.849400001],[83872.5998,851268.296499999],[84004.8563999999,851063.153100001],[83590.5,851030.5],[83632.5816000002,851009.7904],[83093.3003000002,850975.4005],[83920.7818,850867.9582],[84471.2297,850597.0658],[85155.9999000002,849839.4999],[85395.8036000002,850142.0546],[85813.9412000002,849936.2762],[86042.9963999996,849782.001399999],[86742.9998000003,849898],[85933.6853999998,850123.8312],[85848.5,850321.5],[85596.1486999998,850266.122],[85452.7401000001,850404.299699999],[85422.7470000004,850682.466700001],[85867.5,850524.5],[85988.2824999997,850551.7336],[86526.9996999996,850340.5019],[87127.4989999998,850461.9998],[87742.9996999996,849653.0001],[87542.5,849333.500299999],[87697.7324999999,849205.688899999],[87798.6075999998,849084.3566],[86552.4998000003,849422.9999],[86801.2821000004,849269.095899999],[87539.4298999999,848162.338400001],[87483.4101,848122.4563],[86830.7712000003,848087.400599999],[86373.1381999999,848065.5535],[85987.4999000002,848358.5001],[86191.0038000001,848117.498400001],[85601.4994000001,848073.500399999],[85763.7780999998,847746.979],[85499.1259000003,847737.160599999],[84635.0999999996,847958.600099999],[85422.591,847417.7983],[85386,847401],[85547.3490000004,847332.1219],[85565.0003000004,847320],[85516.5000999998,846728.495999999],[83585.0039999997,847680.5408],[83537.2978999997,847711.204700001],[83539.6562000001,847702.892899999],[81105.3000999996,848902.800100001],[81048.5005999999,848529.5995],[81078.4677999998,848541.4267],[81077,848525.5],[81426.6328999996,848633.6161],[81722.5059000002,848224.3005],[82313.4086999996,847979.5239],[82420.5999999996,847889.9],[82749.0581,847799.059800001],[83454.0970000001,847507.0032],[83635.7038000003,847182.177999999],[83627.7999999998,847160.5],[83990.1716,846543.1855],[83239.0987999998,846882.7019],[82397.6985999998,847882.595699999],[82180.8082999997,847885.0998],[82428.6002000002,847510.9011],[82021.3039999995,847653.897500001],[82205.3994000005,847352.0987],[81704.8997,847688.9001],[81233.6032999996,847499.795299999],[81658.1996999998,846928.1995],[81506.2001999998,846705.5998],[80679.8004000001,847351.182399999],[79529.9565000003,848802.885199999],[79310.8968000002,849416.096100001],[79078.4121000003,849103.318],[79008.5136000002,849125.431399999],[78550.4007000001,849627.2971],[78451.5469000004,849301.6357],[78014.7396999998,849439.8258],[77864.5970000001,849628.695900001],[76816.4012000002,849931.0998],[76687.4500000002,849859.7326],[76459.0175000001,849932.000499999],[76434.7177999998,850949.626700001],[76440.5,850983.1],[76432.8410999998,851028.2184],[76411.0998999998,851938.6998],[75684.8006999996,852634.995300001],[75598.0796999997,853033.167400001],[75950.2114000004,853591.224400001],[76259.8997999998,853832.700200001],[76177.6995000001,854255.400800001],[75684.8002000004,854398.899700001],[75716.2312000003,854585.271400001],[75864.4400000004,854749.039999999],[75785.0538999997,854993.3595],[75812.5001999997,855156.103700001],[76101.6346000005,855330.3917],[77076.2207000004,855505.1335],[77696.2999,855497.399700001],[78529.3962000003,857336.399499999],[79577.4996999996,857503.701300001],[79892.9989999998,857440.099300001],[79660.7006000001,856394.9],[79999.9834000003,856379.311699999],[80720.6036999999,856346.203],[80286.5011999998,855892.8028]]],[[[90553.0312999999,857502.1061],[90420.5202000001,856995.752900001],[90388.4994000001,856949.000399999],[90842.6040000003,856718.397700001],[90761.5,856547.5],[90806.6118000001,856516.592499999],[90732.4505000003,856450.220100001],[90449.7910000002,856443.8783],[90346.0033999998,856504.997500001],[90221.9999000002,856332.500700001],[90489.9906000001,856202.6415],[90538.7474999996,856133.6666],[90003.0016999999,855957.503599999],[90631.9999000002,855703.497],[90757.2566999998,855824.5483],[90991.4604000002,855493.227399999],[91001.9970000004,855468.0044],[90980.1528000003,855444.6677],[90658.5,855204],[90661.2914000005,855104.0196],[90012.4994000001,855278.5],[90290.8194000004,855019.420600001],[90286.3953999998,854694.662799999],[89603.2615,853965.5219],[89527.9261999996,853919.838300001],[89100.0038000001,854693.8335],[89117.7352999998,855006.7283],[89138,854986.5],[89136.9248000002,855345.3511],[89154.5006999997,855655.5002],[89136.0086000003,855651.125600001],[89136,855654],[89115.0774999997,855640.038699999],[88907.2324999999,855558.523399999],[88840.176,855802.759199999],[88827.5998999998,855922.799699999],[88629.0268000001,855903.5361],[88421.6423000004,855920.805199999],[88402.5768999998,855955.2894],[88443.4977000002,856209.003],[88401.8808000004,856229.959799999],[88295.1902000001,856334.103],[88299.6572000002,856332.967499999],[88309.5,856323.5],[88310.1010999996,856330.3126],[88330.9996999996,856325],[88345.0273000002,856705.3649],[88393.4259000001,857271.848300001],[89751.3342000004,856482.448000001],[89913.5,856377],[89908.0977999996,856386.8223],[89915.5290999999,856381.1537],[89930.9965000004,856378.003900001],[89741.0334000001,856699.1326],[89640.7279000003,856872.949200001],[89528.5,857077],[89521.8472999996,857078.9542],[89405.9998000003,857265.4998],[88912.5005000001,857272.499],[88942.6798999999,857461.512399999],[89112.1381999999,857534.100099999],[89179.0762999998,857489.638800001],[89243.5003000004,857422.0002],[90494.0022999998,857565.504000001],[90553.0312999999,857502.1061]]],[[[91985.4905000003,857277.3654],[91475.1950000003,856831.7755],[90875.2435999997,857102.608999999],[90816.2629000004,857155.092900001],[90925.2220999999,857326.615499999],[91156.4441,857652.715700001],[91194.5617000004,857638.4406],[92010.8612000002,857311.1624],[91985.4905000003,857277.3654]]],[[[121895.4998,857823.4998],[122318.5035,856320.500299999],[122200.7895,856332.4948],[121575.4689,856707.545700001],[121542.7409,857034.073899999],[121732.3561,857673.7642],[121895.4998,857823.4998]]],[[[90795.4499000004,857845.499399999],[90764.6265000002,857818.811699999],[90724.2345000003,857985.702299999],[90743.2144999998,857986.1227],[90870.5674000001,857922.3257],[90795.4499000004,857845.499399999]]],[[[89543.9981000004,858065.001],[89811.0168000003,857853.4331],[88951.7697999999,858043.665899999],[89614.9493000004,858217.581],[89543.9981000004,858065.001]]],[[[82943.9998000003,857920.002499999],[82675.0001999997,857780.499700001],[82487,858100.499700001],[82712.5032000002,858235.0023],[82943.9998000003,857920.002499999]]],[[[91955.6802000003,857836.775800001],[91951.2243999997,857831.502699999],[91675.0990000004,857933.5023],[91450.8492000001,858021.7541],[91836.3444999997,858236.240599999],[91955.6802000003,857836.775800001]]],[[[79793.6765000001,857872.5055],[79748.8943999996,857856.0537],[80000.0077,858291.0943],[80003.2423,858296.698100001],[80238.8634000001,858137.0441],[80260.8433999997,858073.8357],[80000.0094999997,857961.4267],[79793.6765000001,857872.5055]]],[[[86735.4998000003,858036.0002],[86708.4999000002,857711.0002],[85781.9199999999,857900.15],[86324.4996999996,857275],[86366,857770],[86743.5000999998,857379.4998],[87389.4989,857305.999600001],[87184.4999000002,857659.4999],[87345.1902999999,857585.4045],[87580.5462999996,857077.8879],[87533.4988000002,856704.0002],[87207.5000999998,856825.999700001],[87615.5029999996,856270.504699999],[87218.5033,856329.4978],[87922.8958000001,855990.2479],[88082.8535000002,855745.3981],[88194.5166999996,855574.0123],[88230.2999,855345.399900001],[87876.8998999996,855214.3002],[88251.7723000003,854837.3334],[88189.9793999996,854759.5382],[87557.9923999999,854875.731799999],[87241.8858000003,854973.1702],[86913.2959000003,855207.798900001],[87588.5998999998,855032.4003],[86834.8832999999,855264.199899999],[86891.9705999997,855293.774700001],[86644.5653999997,855356.093499999],[86680.6113999998,855833.461999999],[86682.6972000003,855853.420499999],[86564.3641999997,855878.782299999],[86547.5000999998,856007.0001],[86115.1991999997,855980.397500001],[86255.665,855548.3687],[86047.4779000003,855398.9494],[85768.2472000001,855331.6985],[85596.0519000003,855472.550799999],[84834.7984999996,856510.495999999],[84799.5,856721.199999999],[85194.5964000002,856737.7009],[84997,856774.699999999],[84587.9000000004,856733.6],[84469.0427000001,856973.6832],[84240.3998999996,857433.199899999],[84183.1996999998,857097.099199999],[83090.0033999998,856882.6994],[83843.9963999996,857105.999],[83461.9996999996,857480.9988],[83956.9984999998,857197.5012],[84089.6015999997,857706.603599999],[84815.2999,857798.8003],[84868.5003000004,858049],[84836.2004000004,857798.298599999],[85579.9999000002,857687.499700001],[85768.7999999998,857900.5],[85437.9994999999,858306.001],[86735.4998000003,858036.0002]]],[[[84170.3002000004,858902.100299999],[84265.6995999999,858707.497099999],[83797.0001999997,858864.801000001],[84170.3002000004,858902.100299999]]],[[[89041.9974999996,858858.004000001],[88894.5016000001,858676.4959],[88721.9984999998,858871.000299999],[88764.9998000003,858971.000299999],[89041.9974999996,858858.004000001]]],[[[292720.3722,860535.4418],[290517.4212,858528.8466],[291579.4125,859947.0766],[292720.3722,860535.4418]]],[[[162923.6953,861549.2937],[163047.4987,861390.499700001],[163095.0429,861444.1423],[163466.7546,860668.182399999],[163467.091,860652.755799999],[163447.0039,860091.000499999],[163613.0393,860059.1327],[163655.7604,860044.036599999],[163640.4733,859999.9604],[163552.7868,859747.1416],[163349.003,859423.5021],[163321.6131,859080.6183],[162994.4361,858137.296800001],[162819.9998,858043.997],[162841.9923,857697.7686],[162236.4969,855951.9958],[162256.7355,855911.4859],[162274.211,855878.2697],[162422.1169,855589.1335],[162331.6106,855284.927100001],[162178.5006,855123.5022],[162233.5426,854955.3047],[162064.5245,854387.207900001],[162015.1272,854330.0756],[161828.8764,854142.5109],[161466.8351,854437.627599999],[161193.8365,854899.116800001],[161471.843,854897.8156],[161486.2383,854897.150900001],[161520.9987,854893.4988],[161516.6111,854895.748400001],[161539.5003,854897.4989],[160846.6751,855565.0747],[160809.5428,855731.0141],[161252.0105,856268.510199999],[161470.6248,856378.035499999],[161583.0006,856211.0009],[161885.4964,857024.4988],[161320.5033,856944.0011],[161049.5,856554.4998],[160774.66,857124.172599999],[160807.0011,857257.0023],[160671.7171,857337.546700001],[160664.5004,857352.505100001],[160697.9561,857428.901000001],[160968.4936,857491.3829],[161241.4998,857240.9998],[161318.6506,857339.5911],[161774.3485,857438.741800001],[161822.5,857421.4998],[162190.4991,858038.499199999],[161882.3879,858226.387499999],[161869.8927,858250.4485],[161711.065,859197.8508],[161823.4315,859554.388800001],[161858.5003,859582.5001],[161727.76,859817.536499999],[161661.4212,860000.003699999],[161558.4285,860283.288699999],[161657.0023,860403.7437],[161831.0159,860370.466700001],[161882.0001,860305.5002],[162002.0027,860894.1755],[162007.7469,860899.494899999],[162103.9745,860794.350500001],[162297.5011,860520.9991],[162089.9994,860194.500600001],[162408.4971,860418.997199999],[162223.0376,861098.862500001],[162225.403,861101.0529],[162423.9766,860925.695],[162788.9984,860422.995999999],[162904.636,860501.230799999],[162939.9985,860470.002599999],[162958.342,860537.5657],[162991.4971,860559.9968],[163036.0175,860823.661599999],[163121.497,861138.5012],[162944.5523,861244.968900001],[162923.6953,861549.2937]]],[[[63057.1320000002,862177.790899999],[62975.1980999997,861961.429],[62778.2138,861961.601500001],[62703.0001999997,862312.0002],[62982.3302999996,862231.259199999],[63057.1320000002,862177.790899999]]],[[[302264.1005,862671.801100001],[302429.1995,862501.500399999],[302093.7993,862521.895199999],[302264.1005,862671.801100001]]],[[[59379.0000999998,862929.0001],[59392.9968999997,862583.4976],[59121.0006999997,862795.498299999],[59379.0000999998,862929.0001]]],[[[63968.5003000004,860717.5001],[63367.0004000003,860661.9989],[63645.9994000001,860844.0001],[63576.4318000004,860954.7477],[63469.9982000003,861960.9958],[63424.1426999997,861961.0359],[63603.7959000003,862458.550799999],[63606.9804999996,862460.6993],[64189.0001999997,862507.0001],[64632.5357999997,863086.4058],[64760.8656000001,862999.7817],[64975.0022,862756.9979],[64880.3694000002,862253.851199999],[64734.5020000003,862069.504699999],[64800.3448999999,862017.988],[64605.8689999999,861710.291200001],[64196.5036000004,861656.502599999],[64398.0301000001,861381.4517],[64035.0389,860807.1324],[63968.5003000004,860717.5001]]],[[[62113.4998000003,862982.0002],[62534.0014000004,862328.000700001],[62057.0004000003,862537.4998],[61350.4989,862081.0001],[60785.4988000002,862191.999199999],[60645.4742000001,861963.468699999],[60332.7597000003,861963.7425],[60232.5007999996,862030.9957],[60227.0045999996,862113.6686],[60689.9628999997,862470.8211],[60697.4974999996,862460.502699999],[60778.6436000001,862491.0297],[60805.4995999997,862466.5011],[60998.9463999998,862557.779200001],[61313.9998000003,862551.999700001],[61437.5197999999,862764.7206],[61480.4979999997,862784.9999],[61499.5910999998,862871.617000001],[61734.9945,863277.018300001],[61788.2379999999,863318.0933],[62277.5131000001,863521.354800001],[62286.4552999996,863506.622],[62113.4998000003,862982.0002]]],[[[130328.6924,863254.959799999],[130159.556,863199.8235],[130103.436,863411.935000001],[130372.9999,863756.0002],[130488.8205,863407.7433],[130328.6924,863254.959799999]]],[[[83516.0007999996,864328.899599999],[83886.4038000004,864066.889],[83759.3493999997,864032.0655],[83311.7998000002,864034.4999],[83158.9993000003,864258.998500001],[83624.4977000002,864110.600299999],[83516.0007999996,864328.899599999]]],[[[84796.0678000003,863940.828],[84783.4941999996,863906.4789],[84233.8920999998,864079.431600001],[84138.4000000004,864359.299900001],[84307.8953999998,864414.1819],[84796.0678000003,863940.828]]],[[[129182.9356,865343.1863],[129549.0016,865082.5023],[129140.5,865200.498500001],[129182.9356,865343.1863]]],[[[75907.4995999997,865140.9955],[75959.2591000004,865104.9223],[76114.5005000001,865468.000499999],[76206.4993000003,865255.002699999],[77011.3002000004,865285.100099999],[76236.5010000002,864985.000800001],[76094.6174999997,865010.5858],[77019.5028999997,864365.997300001],[76542.5014000004,864056.9958],[75874.4996999996,864173.999299999],[75232.9961000001,864930.4958],[74949.0007999996,865835.9999],[75164.5689000003,866273.5989],[75232.2351000002,866288.8498],[75907.4995999997,865140.9955]]],[[[149406.9213,868913.691299999],[149296.5001,868839.9967],[149031.9716,868983.268300001],[148998.2576,869593.8312],[149406.9213,868913.691299999]]],[[[93307.7368000001,869895.8694],[93336.0818999996,869635.6106],[93160.9149000002,869768.1318],[92887.2961999997,870000.104599999],[93273.9988000002,870069.883400001],[93307.7368000001,869895.8694]]],[[[94226.2905000001,869410.834899999],[94290.4223999996,869074.3774],[93767.9996999996,869441.4999],[94092.9954000004,869683.996099999],[93958.1347000003,869875.055],[93932.3317999998,869955.3431],[94014.0722000003,870180.6689],[94057.0899,870230.784499999],[94070.8510999996,870226.321799999],[94215.1412000004,869469.3277],[94153.0027999999,869436.4954],[94226.2905000001,869410.834899999]]],[[[93569.1628,870334.136600001],[93270.6068000002,870145.814999999],[92641.9973999998,870204.995999999],[92655.9974999996,870332.499500001],[93198.4989,870295.0001],[92983.9996999996,870474.999700001],[93114.8066999996,870522.780200001],[93529.3036000002,870366.174000001],[93569.1628,870334.136600001]]],[[[92903.4977000002,870442.498],[92631.5014000004,870415.9956],[92475.4966000002,870531.002599999],[92681.4994000001,870758.497500001],[92914.9995999997,870638.5019],[92903.4977000002,870442.498]]],[[[92194.7350000003,870779.330800001],[92130.4046,870693.280099999],[91998,870713.9998],[92121.6058,870883.777799999],[92137.1889000004,870873.0857],[92194.7350000003,870779.330800001]]],[[[90782.7072000001,871027.2597],[90906.6007000003,870743.4011],[90401.0844000001,870822.1569],[90782.7072000001,871027.2597]]],[[[93032.6978000002,871360.6951],[92645.9145,871282.5677],[92812.0022999998,871478.001599999],[93032.6978000002,871360.6951]]],[[[92134.1645999998,871592.7686],[92116.75,871257.9946],[92073.2980000004,871219.464400001],[92114.9749999996,871223.9618],[92098.7362000002,870938.9329],[91364.1989000002,871437.414000001],[91278.4874999998,871535.997500001],[91275,871540],[91224.5296,871532.592700001],[91096.9966000002,871619.5011],[91529.4992000004,871723.000600001],[91584.5003000004,871464.5],[91669.4998000003,871739.0001],[92003.2226999998,871652.7062],[92134.1645999998,871592.7686]]],[[[147958.2127,871966.530400001],[148214.5666,871437.988299999],[148083.9678,871490.5638],[147844.8904,871697.321599999],[147786.7139,871971.785800001],[147849.755,872021.3891],[147894.5522,872000.634400001],[147958.2127,871966.530400001]]],[[[91314.5012999997,873222.0023],[91088.0011999998,873122.001],[90878.5025000004,873367.500700001],[91314.5012999997,873222.0023]]],[[[178935.8981,874639.9628],[178620.38,874028.9365],[178622.1598,874662.7224],[178830.0882,874688.5913],[178935.8981,874639.9628]]],[[[98744.5961999996,874726.1503],[99085.9548000004,873758.9651],[99016.1134000001,873475.064099999],[98983.1801000005,873491.3102],[98346.4999000002,873955.0009],[98595.4689999996,874437.2772],[98701.4989,874374.5024],[98699.0141000003,874493.6972],[98751.0022,874482.501399999],[98700.7368999999,874641.1908],[98744.5961999996,874726.1503]]],[[[98053.5029999996,874763.5011],[97810.8005999997,874221.359200001],[97413.5730999997,874373.740800001],[97413.9869999997,874474.308800001],[97642.4998000003,874624.9999],[97514.6693000002,874897.127699999],[97686.5723999999,874820.1018],[97870.0010000002,874693.5011],[97566.3378999997,875128.8619],[97612.0621999996,875105.089199999],[97887.4395000003,874894.3291],[98053.5029999996,874763.5011]]],[[[93850.0010000002,874157.999700001],[93407.7488000002,874053.714299999],[93306.7783000004,874167.500700001],[93377,874415],[93350.8156000003,874417.5294],[93448.0001999997,874940.500600001],[93609.0861999998,875033.5844],[93694.9900000002,875049.02],[93700.4694999997,875086.3904],[93744.5866999999,875111.8836],[94235.5920000002,875208.848200001],[94276.0036000004,875054.9977],[93863.5026000002,874973.001800001],[94069.6590999998,874781.594799999],[94140.3587999996,874682.482999999],[93561.5027000001,874400.4948],[93850.0010000002,874157.999700001]]],[[[96318.5025000004,875428.6963],[96495.1217,874665.2114],[96400.0848000003,874682.028100001],[95959.6898999996,874988.5834],[95830.4674000004,875195.1688],[96083.0872,875456.0419],[96188.4113999996,875552.7729],[96318.5025000004,875428.6963]]],[[[93338.3230999997,875596.814300001],[93284.2435999997,875581.594900001],[93061.2706000004,875606.893200001],[93045.2259999998,875728.219699999],[93095.7604999999,875792.527899999],[93241.8365000002,875702.8079],[93338.3230999997,875596.814300001]]],[[[98290,876236],[98326.5,875805.4999],[98122.1884000003,876010.883300001],[98059.5338000003,876103.9092],[98290,876236]]],[[[95008.6939000003,876285.2842],[95006.1600000001,875964.395],[94649.7945999997,876024.1533],[94605.9940999998,876064.5526],[94627.0040999996,876293.0033],[94833.1826999998,876289.119000001],[95008.6939000003,876285.2842]]],[[[96221.2109000003,875889.4319],[95593.2534999996,875856.381899999],[95555.4639999997,875857.421399999],[95873.2202000003,876326.230900001],[95940.0872,876249.195],[96221.2109000003,875889.4319]]],[[[96956.5070000002,876405.317299999],[96728.9999000002,875892.9978],[96643.4988000002,876285.995300001],[96956.5070000002,876405.317299999]]],[[[85190.4003999997,875684.298699999],[84967.4002,875068.9001],[84882.7001,875558.0002],[83533.7251000004,875878.6949],[83478.5856999997,875942.570900001],[84359.9983999999,876118.5032],[84740.9620000003,876454.977],[85152.2799000004,875774.477],[85190.4003999997,875684.298699999]]],[[[141428.9964,876256.0035],[142070.5002,876007.0011],[142581.4999,876092.4998],[142758.6735,876285.8375],[143598.5691,876579.951099999],[143766.4998,876526.4998],[144137.5576,876761.977499999],[144389.9992,875763.499199999],[144109.5012,875765.0002],[143652.3012,875011.3003],[143772.0163,875003.1482],[145160.1952,873969.122],[145197.0002,873914.500600001],[145255.1812,873898.368899999],[146541.7178,872940.0539],[146630.5008,872800.503],[146844.5361,872025.940300001],[147321.2904,869055.876700001],[147315.6003,868726],[147970.9761,868479.423900001],[147976.2786,868476.774900001],[148470.7984,868292.0035],[148861.1675,868507.167400001],[149196.447,868417.0671],[149618.8991,867950.100400001],[149913.9974,868105.4969],[150045.2049,867864.726399999],[150891.1268,865748.399],[150992.9,865178.0001],[151165.0553,864906.0864],[151201.4967,864745.298800001],[151231.9567,864711.203199999],[151366.5901,864558.8851],[151932.2104,863143.816199999],[152023.9996,862758.998600001],[152826.1632,862845.090399999],[152829.8769,862845.138900001],[151988.7037,860428.7019],[152132.9165,860241.514900001],[152152.8903,860120.351500001],[152170.0916,859999.9934],[152440.4285,858108.437999999],[152347.8636,857298.6928],[151689.4845,853461.461999999],[151561.0015,853126.503900001],[151884.4998,852457.501],[152009.0907,851064.1777],[152034.7348,850044.9957],[151516.1286,846815.410399999],[151250.5001,845344.9998],[151206.0078,845299.556700001],[149181.2676,843686.3881],[148661.1014,843967.4959],[148470.5888,843377.1884],[148365.2989,843201.188999999],[148008.0032,843541.0984],[147594.703,841149.8029],[147686.0003,840819.0987],[147649.2998,841177.100199999],[148808.2002,842200.100299999],[148880.6872,842844.5188],[148978.3725,842838.748199999],[149263,842362.999700001],[149375.6014,842415.5174],[149413.9965,842370.592900001],[150116.1992,842760.934900001],[150136.3672,842770.3413],[150766.3346,842733.1269],[151423.2987,842603.569599999],[151765.5031,842144.725],[152229.5,841406.9999],[152236.8065,841168.5934],[151788.6255,839540.179400001],[151587.24,839100.931600001],[151035.8073,838835.9892],[150820.6001,838780.0001],[152381.4999,835416.0001],[153121.4994,835000.1032],[153145.0645,835337.674000001],[153542.7748,835277.294],[153623.328,835159.7665],[153456.8133,834954.8683],[152928.7001,834656.100099999],[152826.2012,834000.0996],[153274.6999,833347.100199999],[153000.0001,832860.595699999],[152820.8963,832836.807399999],[152715.93,832934.789999999],[151582.3502,832672.305400001],[151309.0041,832636],[148970.0049,830449.796800001],[150271.5002,830883.9999],[150779.9908,831538.388800001],[150808.147,831570.7596],[152162.6987,832296.9999],[152449.941,832329.5155],[153120.2792,832285.728700001],[154113.4998,831738.5001],[154931.735,832167.4037],[155469.8831,832132.251700001],[155797.4999,832076.5],[155866.3246,832016.954299999],[156204.7292,831073.1734],[156052.0007,830287.001599999],[156588.4981,829752.995200001],[154253.9999,828024.5001],[153792.4997,827430.499700001],[153924.9999,827059.298900001],[154324.9989,827300.498],[154313.9998,826867.000299999],[154693.4999,826917.0002],[156056.502,828080.0041],[156358.8056,827764.02],[156680.1761,828306.5538],[157487.9283,828882.802100001],[157815.998,829057.0044],[158496.1181,828143.1326],[159091.38,827311.23],[159127.6771,827294.512],[159315.6007,827042.000700001],[159632.7911,827061.8632],[159930.4043,826924.786599999],[160000.0121,826852.0034],[160197.5015,826645.504699999],[160295.3186,826756.711999999],[162207.9429,825875.7827],[162689.8001,825558.299799999],[162715.3226,825834.939999999],[163403.2849,825972.7104],[163594.0001,825937.0002],[163700.5068,825811.5592],[164466.7723,824567.6132],[163927.3063,823527.301899999],[164319.6882,823563.9023],[164819.4755,823435.4081],[165621.0037,823055.9022],[166052.1999,823155.299799999],[166566.3,823956.904300001],[167493.4998,824157.9999],[167776.5018,824729.0033],[168086.4996,824833.5034],[168144.5036,824408.495100001],[167813.4983,824401.497300001],[167957.4998,824125.5001],[167310.599,823939.2996],[166978.6037,823384.8015],[169436.171,824920.131100001],[169824.0496,824912.4355],[170256.5003,824826.9998],[170714.518,825154.3542],[173068.6212,826353.457],[173390.4991,826351.999500001],[173826.9998,826693.0011],[175338.6452,826409.3084],[174617.5032,826152.595799999],[174557.5039,826417.5999],[174562.4001,826043.4003],[175654.6715,826349.999299999],[175831.2232,826316.865599999],[176023.2663,825956.392999999],[175213.3776,825390.877900001],[175205,825384],[175189.7511,825199.575999999],[175034.4998,825072.000299999],[175179.9341,825080.8475],[175178.5184,825063.532099999],[176389.9625,825153.6175],[176452.094,825158.2369],[178971.5002,825311.5001],[179999.9989,824261.3881],[180089.5029,824170.0033],[179999.995,824023.617000001],[178786.5029,822039.0033],[178807.1341,821942.301000001],[178498.5266,819096.4058],[178251.9289,818866.823899999],[173843.9818,815913.544],[173521.9996,815798.9998],[173073.4469,815453.0437],[171497.4989,814790.999],[170148.4994,816138.5012],[169899.0032,815917.9954],[170208.5633,815071.250499999],[170222.6304,815035.921499999],[170308.7614,814801.164100001],[170206.6103,813276.6184],[169871.7038,812525.4965],[170238.7993,812615.699899999],[170126.3017,812095.999700001],[170687.2999,812170.2007],[170823.7637,811893.3904],[170304.7047,811597.539999999],[169809.5999,811557.3003],[169759.5002,810923.500299999],[169942.4685,810936.7587],[169869.2677,810436.9069],[169777.9996,810455.999299999],[169800.3682,809966.4263],[169771.3417,809768.218699999],[169230.9997,809635.0013],[169169.4262,809419.5836],[168588.4582,808618.392100001],[168297,808359.0002],[166786.2036,808885.097999999],[166686.737,808380.620100001],[166357.7628,807887.0383],[166314.0997,807871.4998],[166253.7235,807730.941199999],[165038.2985,805907.3584],[164460.7017,805638.8991],[164526.9978,805350.422599999],[163900.8037,804200.6995],[163908.0035,804172.3015],[163742.9012,803920.5999],[163985.2387,803867.663699999],[164038.1763,803658.862400001],[164014.4883,803424.2128],[163523.6001,803716.5989],[163641.0054,803081.4537],[163321.7036,803234.9959],[162712.5001,802657.5001],[162078.8018,801522.696],[161660.9998,801589.596899999],[161623.4014,801298.000600001],[160119.6022,800757.595000001],[160006.1278,800495.7228],[159380.9869,800202.066199999],[159044.9,800456.2006],[158354.3021,799999.9936],[157200.4493,799237.7611],[156771.442,799780.933700001],[156749.138,799754.4242],[156691.001,799822.501499999],[156476.4095,799430.284600001],[156231.6772,799139.4187],[156197.9629,799274.444599999],[156282.5472,800199.470799999],[156325.4992,800195.999600001],[156286.51,800242.809],[156308.5615,800483.967700001],[156376.5,800516.0001],[155901.898,801189.4027],[155685.2837,801535.5328],[155695.5001,801552.998600001],[155207.4998,802398.5001],[155449.9998,802723],[155362.677,803007.1426],[155627.1539,803618.0167],[155657.4939,803630.999500001],[155785.5314,803983.828299999],[156178.9957,804892.6304],[156809.004,804816.5032],[157693.798,805209.300799999],[157223.4999,805326.498600001],[157234.0732,805654.1789],[157263.4559,806709.613],[157849.003,808246.001499999],[157815.5914,808446.2883],[157858.5013,808557.5023],[158601.7035,808588.1028],[158788.999,808879.5002],[158501.203,809591.195900001],[158272.4339,809638.191299999],[158257.2985,809671.803400001],[158118.4577,809669.8222],[157623.4999,809771.4999],[158125.5011,810784.7048],[159149.4999,811575.0001],[159522.9987,811397.9999],[159949.4974,811898.996300001],[159564.6155,812079.562200001],[160173.0723,812613.4727],[161761.6968,813071.100099999],[161745.2919,813597.5012],[161924.3144,813877.169600001],[162335.9983,814383.004799999],[162517.9999,813993.000299999],[163076.0902,814711.7863],[164231.3884,815036.682399999],[164315.4982,815029.500299999],[166368.5004,815582.000700001],[166730.2659,815995.8368],[167519.7811,816686.737],[167839.9972,816818.497400001],[168199.1002,817529.800000001],[166720.8215,816711.8401],[166659.9969,816732.5023],[166408.1099,816538.810799999],[165700.0002,816147.0002],[164538.1187,816612.394099999],[164263.197,815773.957900001],[162410.4232,816206.282],[162230.9974,816336.9955],[161689.6007,816154.0218],[159274.0326,815641.6449],[158783.0035,815705.996099999],[158586.9055,816126.2755],[158552.4681,816452.477],[158812.5993,817610.600199999],[158306.1002,819199.4998],[157838.3006,819946.101299999],[157794.7323,819949.422499999],[157216.0485,820900.856799999],[157170.2997,821373.0997],[156442.9999,822459.299799999],[156180.4002,821843.800100001],[156372.9234,821255.3946],[156331.3016,821126.104599999],[156491.7351,820892.2721],[156625.8194,820482.4725],[156684.6425,818098.8158],[156615.8508,817632.722100001],[155628.0236,817154.8912],[155342.1998,817251.700200001],[155322.222,816714.5306],[153316.1048,811931.5748],[152940.0009,811387.0012],[152091.5003,812443.499500001],[151633.5161,812332.3342],[151263.0104,812655.4943],[152131.4997,816274.9998],[151658.0008,817132.4991],[151669.5866,817431.394300001],[151734.4987,818108.998299999],[151697.025,818139.262],[151710.0001,818473.9999],[151011.9997,818732.500299999],[151001.9995,819085.999500001],[150988.5997,818711.384099999],[150983.4973,818715.504699999],[150621.9096,818092.693600001],[150496.9026,817971.710200001],[150427.4074,818024.0909],[149982.4974,818430.496200001],[149916.1681,818409.4276],[149863.0017,818449.500800001],[149778.8948,818365.8247],[149684.9999,818336.000299999],[149364.4971,819330.498600001],[149192.636,819171.997099999],[149064.7608,819093.321799999],[148622.9999,819721.9988],[148327.4993,819680.499700001],[148332.971,819427.795700001],[148270.5012,819342.495200001],[148337.4303,819221.8475],[148345.0197,818871.3387],[147978.3399,817166.663000001],[147836.6435,817027.0547],[146077.8487,817355.554300001],[145677.0002,817528.0001],[144816.3826,817302.0351],[139501.1707,816147.2971],[139414.0028,816368.996300001],[139403.4075,816126.0579],[138764.282,815987.206900001],[138749.9999,815989.9988],[138749.2381,816014.098300001],[138995.1917,816393.715600001],[139265.5004,816452.501399999],[139322.7156,816899.2325],[139584.7599,817303.685000001],[140000.0055,817415.591499999],[140097.9993,817442.000299999],[140585.5471,818098.115900001],[140615,818132.5],[140630.126,818158.107799999],[141091.5002,818779.000299999],[141117.7054,818983.561899999],[141261.4984,819226.998199999],[141323.86,819987.9],[141294.1161,819999.615800001],[141300.4975,820026.999199999],[141253.303,820042.0568],[141303.0002,820430.000299999],[140791.5002,820886.4989],[140595.8004,820386.896199999],[140274.817,820173.0065],[140000.0118,820019.7061],[139964.6084,819999.9563],[139873.1265,819948.923],[138110.9786,818986.329399999],[137656.9491,818957.704299999],[136522.1992,819712.461300001],[136495.993,819999.9496],[136475.496,820271.9991],[136238.9164,820646.5097],[135479.7293,823186.396299999],[135616.6195,823492.139],[136804.2004,823630.129000001],[137287.4998,823603],[137620.9989,823855.0035],[137690.1094,824186.6022],[137792.9991,824351.001499999],[137868.4787,825042.434800001],[138149.4996,826390.798800001],[137621.8999,826049.1997],[137581.6676,825208.9987],[137025.9392,824614.372300001],[135505.0013,824658.9999],[135307.6815,824532.3127],[134495.0835,824292.4619],[134273.0006,824326.999299999],[134209.3933,824378.971899999],[133038.7681,825999.204399999],[133071.0003,826374.5001],[131690.0515,827865.949899999],[131370.7609,830065.225199999],[131500.5996,830128.9989],[131437.5995,830544.2994],[131036.5455,830641.850199999],[130078.0608,831308.2697],[130082.9164,831430.027799999],[130251.0013,831571.5033],[130097.8035,831803.346799999],[130160.9995,833388.004699999],[131635.4962,834043.498400001],[131645.5701,834067.949200001],[132282.9895,834343.6011],[132344.201,834315.699100001],[132361.8762,834335.9736],[132392.1988,834323.3002],[132482.787,834430.0035],[133114.2086,834703.061699999],[133301.6998,834461.4003],[133613.6001,834511.100099999],[133461.9168,835263.172],[133504.2402,836405.980599999],[134033.3002,835671.300000001],[134196.3605,835806.7897],[137200.0925,833144.5196],[137699.9037,832009.998299999],[138205.4997,831630.4988],[139994.9998,831133.909499999],[139999.9981,831135.8188],[140703.1,831404.4],[140000.0072,831688.1151],[138739.6391,832196.704299999],[137718.0126,834000.6204],[137922.0006,834305.5011],[137229.1746,834696.6916],[136726.6227,835245.357799999],[136215.491,835982.498],[135990.2778,836049.270199999],[135952.1887,836090.864],[135949.493,836092.0436],[135197.5772,836286.0428],[135535.87,836621.26],[135530.9719,836623.6416],[135535.5013,836627.7973],[135522.0835,836634.587099999],[135664.384,836784.5967],[135198.2465,836857.3478],[135225.9142,837906.895500001],[135235.2882,837936.716],[136508.9989,838890.999199999],[135137.9993,838535.9005],[134538.5964,837365.491900001],[134528.534,837354.3226],[133707.0024,837469.5964],[133539.5753,837328.861300001],[133354.6,837335.720000001],[133329.3121,837286.813200001],[132749.6829,837283.073999999],[132612,837384.399800001],[132033.5023,836983.9954],[131870,836426.499700001],[131766.955,836565.6231],[131699.1005,836820.4377],[131867.4963,837323.998],[131715.9332,837357.2326],[131755.5363,837459.6812],[131984.9966,837602.498299999],[132218.001,838713.8003],[131474.5999,839156.299900001],[131380.7845,839070.282099999],[130708.629,839592.509],[130756.9147,839899.8015],[130844.0493,840000.0308],[131412.4438,840653.844599999],[131552.1968,840777.099400001],[130484.4003,841131.4998],[130462.0079,841328.7611],[130770.9891,842706.6535],[130832.4001,842819.299900001],[130761.4355,842858.988700001],[130505.4516,843366.4267],[130485.8961,843719.0975],[130269.0002,843958.3991],[129620.2002,841622.6998],[129241.0001,841617.1],[128122.3805,840099.566500001],[128068.4826,840045.817199999],[128062.3368,840135.238],[128419.5281,841131.2994],[128591.0996,841366.9999],[128388.2594,841354.5843],[128354.8907,841373.7315],[128634.2302,842494.046800001],[128737.4001,842664.899599999],[128576.1997,843215.4005],[128326.0066,843264.941],[128257.5704,843391.396199999],[128375.8012,843579.299699999],[127917.7987,843964.0973],[127576.4028,845004.5989],[127213.9998,843328.699999999],[127591.8988,843268.1994],[127866.2011,843941.1039],[127796.8245,843476.296800001],[127486.3431,843086.4572],[127228.7007,843217.500299999],[126563.1306,841984.236500001],[126221.2249,842338.063100001],[126082.7037,842507.1044],[126061.5936,842503.260199999],[126045.9967,842519.400900001],[125314.9978,842367.304400001],[125442.2443,839104.4222],[125401.4967,839057.501800001],[125507.9995,836784.501599999],[125499.0192,836772.8993],[124427.2201,836225.479699999],[124349.5003,836235.5],[124275.3519,836609.716399999],[124272.328,836643.300899999],[124253.5001,836719.9991],[123683.9939,836724.9738],[123599.7827,836802.1405],[121928.0006,838390.001599999],[120516.4959,838796.4965],[120271.9969,839351.4977],[119999.9976,839342.246400001],[118949.0011,839306.4999],[118710.1006,839596.8696],[118420.4639,839999.992799999],[118280.0228,840195.4648],[118178.2527,840243.299900001],[117531.0005,841029.997199999],[117506.4548,841022.5953],[117474.5,841063.5],[116653.3718,840961.474400001],[116391.2917,841098.754799999],[115583.5413,842687.7707],[115359.4988,843143.5022],[115993.5003,843767.5001],[115327.5,846306.5002],[114843.9997,846848.000800001],[114714.8228,846861.318],[114001.7561,847591.3686],[113969.9999,847665.4989],[113085.5008,847431.000499999],[113020.2231,847115.6162],[112563.4999,846883.000700001],[113012.4997,847603.000299999],[112966.8574,847712.4365],[112905.2726,848700.0626],[112960.8951,848995.7842],[113433.5002,849279],[113368.0112,849472.132099999],[113425.4993,849534.500499999],[113165.1318,850081.624500001],[113278.6542,850685.175100001],[113414.1765,850933.2753],[115483.9386,850390.0518],[115569.0997,850113.399800001],[115626.0663,850099.7871],[115641.8,850055.1],[115823.4484,850052.6209],[116964.2949,849780.0053],[116777.0285,850039.6065],[116821.4994,850038.999600001],[115669.1182,851823.9022],[115547.4255,852885.0023],[115546.4028,854440.0659],[115625.9503,855122.1053],[117639.8287,856875.4036],[117654.1195,856881.7707],[118247.637,855697.4781],[118210.1831,854978.984300001],[118206.8197,854926.4396],[118382.7255,854876.6172],[118817.0796,854247.687799999],[118882.2,854087.499399999],[119041.9276,854112.5667],[119243.5264,853710.3005],[119245.6,853489],[119264.6799,853468.2532],[119269.1001,853383.6],[119552.5797,853087.081],[119700.8014,852529.368899999],[119673.9,852412.5001],[119740.0257,852359.7523],[119734.53,852313.18],[120000.0028,852134.656099999],[120050.0341,852101.011299999],[120294.4659,851613.277000001],[120284.4244,851468.816099999],[120275.6719,851357.421],[120223.7993,850777.3994],[120229.9406,850775.3883],[120227.3004,850647.0044],[120359.6833,850732.9341],[120809.4013,850585.7852],[120979.4152,850246.5428],[120965.759,850216.204600001],[121015.4686,850174.602600001],[121550.771,849106.471100001],[121723.4001,848669.3992],[121918.2298,848550.055600001],[122526.2031,847934.662799999],[122824.0001,847394.4],[122998.6049,848062.751399999],[123285.4302,848177.474400001],[123386.9971,848196.995999999],[123444.0414,848553.832699999],[123886.8477,848889.3476],[123993.086,848841.139],[124638.3094,847750.8258],[124701.4001,846984.8014],[124446.9997,846895.999],[124844.7995,846080.3007],[125252.6976,846796.797700001],[125107.5,847232.9998],[125574.297,847004.296800001],[125100.6379,847665.0732],[125103.2976,847671.496099999],[124741.8836,848153.727700001],[124645.9401,848608.7434],[124718.5002,849155.500299999],[124403.2941,849759.500800001],[124401.5028,849767.995999999],[124381.2373,849796.3464],[124002.4994,850516.0009],[123965.354,850255.0734],[123944.2598,850237.504000001],[123352,850563.999199999],[123606.0028,850235.0023],[123542.0097,850134.651000001],[122792.4609,850454.6042],[122793.9297,850483.082900001],[122989.1808,850737.765000001],[123341.5006,850601.9981],[123485.9959,851304.496200001],[123404.423,851406.762399999],[122755.4881,852950.6831],[122308.8109,855278.7806],[122312.1653,855305.3607],[122853.4069,855248.418400001],[123435.5031,855123.502900001],[123536.3949,855238.8616],[124699.504,855970.000700001],[126018.4005,854197.198100001],[126237.1638,854194.036499999],[126403.6022,854001.8037],[126720.5996,854288.101299999],[126586.395,854814.8572],[126917.7965,855522.0989],[126905.7768,855537.651000001],[126953.0002,855606.899800001],[126271.3008,856468.098999999],[126034.0881,856548.7344],[125596.5841,857056.998400001],[125598.2003,857264.9002],[124564.6986,858909.1996],[124020.1013,859080.0002],[123188.6842,859999.978700001],[122437.2994,860831.4],[121839.4001,860661.3989],[121984.6927,860398.255799999],[121658.0433,860115.141100001],[121622.8118,860158.0809],[121975.0855,861139.068499999],[122146.301,861159.9],[122382.762,861549.7499],[122399.7009,861560.2005],[122407.4758,861590.495100001],[122563.2995,861847.3993],[123001.2537,863904.120999999],[123084.5027,864228.4967],[123089.1114,864316.718800001],[123285.4999,865238.999],[123161.602,865704.3807],[123224.0833,866900.405099999],[123277.9992,867081.4998],[123285.9696,867078.748199999],[125935.6647,864965.472200001],[126234.5035,864627.002599999],[126316.7083,864400.922900001],[126958.0405,860169.637700001],[126959,860096.199899999],[127109.0114,859999.957699999],[127827.4994,859539.000399999],[128326.8852,859892.6778],[128449.5431,859940.7633],[129160.5026,859102.0041],[130512,858275.0009],[130931.4997,857264.499700001],[131156.4883,857157.2916],[132718.021,854423.7601],[132559.5002,854121.4999],[133182.4998,854367.4998],[133716.3196,855136.923599999],[134793.7044,856160.0504],[134900.9874,856186.447699999],[133515.5159,852714.977],[133533.4244,852686.213400001],[133213.0002,852134.499399999],[133867.4082,852149.7116],[134032.6036,851884.3465],[134349.4981,850923.409600001],[134307.6948,852518.425000001],[134851.1863,853701.6492],[135195.4999,853958.5],[135432.8667,854759.1829],[135513.0071,854786.8082],[136071.0009,854686.399],[136579.5008,855061.500600001],[136533.4074,855293.396500001],[136603.4997,855812.9976],[136582.0464,855862.3433],[136715.3294,857244.0802],[136731.8765,857265.040899999],[137931.8269,854490.6976],[138012.9042,854009.505899999],[138180.9225,854248.452500001],[139373.5032,853610.955600001],[139444.8323,853548.521],[139494.589,853356.636299999],[139659.9014,851724.7991],[139909.0004,851633.4013],[139965.0187,852437.885],[140280.7749,852740.1744],[140307.7007,852719.101299999],[140627.9987,849231.699899999],[141467.7981,848754.796],[140958.4004,849830.399],[141059.3231,850211.466800001],[141062.8733,850212.4789],[141060.7241,850229.779899999],[141198.9009,850769.099099999],[140880.7433,852011.6328],[140982.4729,852146.872],[141375.2482,852025.623400001],[141685.4002,851653.300100001],[142090.2001,851748.1],[140720.74,853303.997500001],[140765.0963,853371.4045],[140688.2725,853340.885199999],[140555.0853,853492.204399999],[140563.8013,853544.1951],[139999.9866,854175.6808],[138697.2408,855634.786800001],[138146.4989,857337.999399999],[138701.4961,857447.000800001],[138352.5008,857518.999],[138256.2207,857657.964],[138314.4992,857800.9966],[137820.9588,858366.0076],[137635.357,858972.832599999],[137777.8002,858810.200200001],[137806.7488,859229.7094],[137823.7037,859247.2026],[137808.7422,859258.596799999],[137821.5014,859443.497400001],[137540.3736,859462.977399999],[137468.7622,859517.5143],[137069.4289,860823.134400001],[137045.9965,861012.497300001],[137255.6204,861584.160399999],[137334.2287,861782.2129],[138000.7997,861028.701300001],[138044.9376,861191.9581],[138048.83,861188.859999999],[138462.539,861903.8972],[138621.8001,861958.600199999],[139569.4969,863812.395500001],[139020.8041,864022.5956],[138899.7558,863949.535],[138621.8001,863781.6998],[138668.6899,863620.958000001],[138645.1834,863587.527899999],[137448.0621,863528.9288],[137655.7011,864218.499700001],[137446.144,864516.9332],[137483.7016,865063.3654],[137562.797,865170.3004],[137505.6986,865383.403200001],[137579.9787,866464.1174],[137662.4962,866590.500600001],[135879.5018,869992.4968],[137218.2029,870839.704299999],[137117.5902,871938.4123],[138683.2997,871765.6998],[140000.0123,872610.7864],[140507.4999,872936.4998],[141103.7998,873918.4999],[141016.8113,874067.849400001],[141200.6051,874421.5721],[141274.6981,874429.9969],[141052.5012,875396.5],[140533.5004,875926.499],[141108.0007,876325.0041],[141075.494,876354.595000001],[141078,876356.5],[141062.602,876364.687100001],[140721.918,876631.3818],[140840.6368,877018.0461],[141428.9964,876256.0035]]],[[[79084.2012,877023.914100001],[79220.5,876970.5],[79352.0860000001,877004.9946],[79569.6359000001,876943.999399999],[79367.4757000003,876762.2951],[78505.4030999998,876177.0965],[78430.6999000004,875458.5001],[78182.5999999996,876162.799699999],[77780.5001999997,876252.5001],[77232.2997000003,875753.697699999],[77018.3990000002,876022.700300001],[75830.5999999996,876136.34],[75754.6234999998,876303.8303],[75672.5,876482.399800001],[75744.6649000002,876578.392000001],[76034.6473000003,876617.0781],[76810.3005999997,876405.200200001],[77382.1997999996,876725.301000001],[77357.3468000004,876793.5373],[77610.5388000002,876827.315199999],[78038.2001,876801.399800001],[78099.4390000002,876892.5386],[79084.2012,877023.914100001]]],[[[93491.1198000005,878080.878599999],[93515.5038999999,877401.9958],[93270.5018999996,877892.4954],[93491.1198000005,878080.878599999]]],[[[172696.9976,878304.997400001],[173069.5001,877876],[173701.7836,878029.247300001],[174495.4404,878181.277100001],[173769.004,877105.500700001],[172924.6297,877461.3839],[172587.9527,877861.2905],[172696.9976,878304.997400001]]],[[[87512.0027999999,878480.497099999],[87291.8223000001,878258.834899999],[86829.4424999999,878677.395500001],[86980.9998000003,878734.092399999],[87326.5347999996,878702.351399999],[87512.0027999999,878480.497099999]]],[[[91698.5003000004,879045.4999],[92287.2139999997,878555.3444],[91834.0727000004,878716.019200001],[91700.3152999999,878789.8061],[91698.5003000004,879045.4999]]],[[[144229.4437,879056.1733],[144444.5988,878470.952],[143963.7856,878652.0823],[143800.8256,878744.249199999],[143774.8325,878808.4252],[144148.9495,879106.221000001],[144229.4437,879056.1733]]],[[[101376.6791,879135.9355],[101412.8751,878763.768300001],[101150.9994,878915.502599999],[101331.6016,879283.307700001],[101339.6705,879296.3719],[101376.6791,879135.9355]]],[[[100385.147,879573.452500001],[100754.947,878897.0056],[99999.9927000003,879385.954],[99864.1513,879474.513599999],[99854.7505000001,879491.631200001],[99862.4874,879495.306],[99999.9884000001,879515.864700001],[100385.147,879573.452500001]]],[[[96477.4069999997,879588.1807],[96506.7549999999,879340.271400001],[96249.6116000004,879485.282400001],[96477.4069999997,879588.1807]]],[[[96998.0033,879628.998400001],[96669.0005999999,879383.998500001],[96784.0027000001,879704.4968],[96998.0033,879628.998400001]]],[[[101951.6353,880000.039999999],[102351.002,879441.0022],[101890.0608,879945.5275],[101871.3405,880000.036800001],[101826.8436,880129.6019],[101873.5508,880109.343499999],[101951.6353,880000.039999999]]],[[[59240.9992000004,880869.0034],[59560.9983000001,880719.996099999],[59387.4974999996,880729.0035],[59240.9992000004,880869.0034]]],[[[59443.4978999998,880951.999700001],[59627.5029999996,880774.500499999],[59459.9962999998,880824.995999999],[59443.4978999998,880951.999700001]]],[[[59602.0010000002,880985.5001],[59665.0015000002,880850.998600001],[59528.9992000004,880978.5021],[59602.0010000002,880985.5001]]],[[[59747.7983999997,881048.1022],[59770.0022999998,880929.496099999],[59685.0039999997,881017.0011],[59747.7983999997,881048.1022]]],[[[59800.5007999996,881120.001599999],[59830.9993000003,881047.002499999],[59774.4959000004,881055.9999],[59800.5007999996,881120.001599999]]],[[[98456.7866000002,881419.5233],[98634.6508999998,881165.528200001],[98474.5042000003,881211.995300001],[98832.4963999996,880882.999399999],[98432.9984999998,881035.9956],[98453.7960999999,881419.7677],[98456.7866000002,881419.5233]]],[[[135913.2746,881642.912599999],[136541.3769,880739.738399999],[136420.1774,880821.9298],[135772.4637,881362.9756],[135847.5308,881567.118799999],[135913.2746,881642.912599999]]],[[[61381.2995999996,882022.637],[61199.0033999998,881799.9969],[61150.7340000002,882038.9519],[61381.2995999996,882022.637]]],[[[85723.8158,880564.058700001],[85611.4617999997,880107.9649],[85412.9524999997,880160.697899999],[84659.0554,880705.2598],[84489.4998000003,880952.0001],[84690.5000999998,881137.0001],[84468.0000999998,882023.499700001],[84641.5054000001,882122.0901],[85015.8354000002,882296.0067],[85998.0033999998,881760.498199999],[85496.9998000003,881066.498500001],[85723.8158,880564.058700001]]],[[[93360.2994999997,882380.2004],[93290.1995999999,881411.899],[92569.4001000002,881927.100199999],[92129.5999999996,881718.800100001],[92446.5,880822.5001],[91766.2988,880773.4003],[91742.5301000001,880461.354699999],[91706.7699999996,880041.35],[91325.6699999999,879760.08],[90764.3099999996,879387.189999999],[91111,878978],[90982,878889],[90651.9996999996,878948.0998],[90556.5001999997,878656.5997],[90624.1429000003,878610.1733],[90755.4336999999,878414.2612],[90796.6830000002,878352.468],[90990.5909000002,878336.440199999],[91986.6694,877552.819800001],[91205.5009000003,877528.5997],[92304.4989,877226.0998],[92245.5005999999,876849.604],[92758.5000999998,876900.5998],[92643.3558999998,876462.4849],[92413.4176000003,875972.5253],[92224.4990999997,875969.5963],[92354.0003000004,875574.600099999],[92037.5014000004,875530.101],[92044.9996999996,875976.0997],[91658,876187.1],[91767.5000999998,875875.0998],[91201.5022999998,875542.5977],[91645.5001999997,875218.1],[90926.0016999999,875314.103800001],[92103.0000999998,874940.100099999],[91059.4989999998,874832.100199999],[90497.8218,874994.6435],[89311.0009000003,875338.0966],[89142.0018999996,874997.6041],[90417.9999000002,874940.100099999],[90755.5698999995,874473.4428],[90762.0395999998,874453.9092],[90548.5011999998,873829.5998],[91267.0007999996,873641.5012],[90836.5021000002,873872.596100001],[91013.4994000001,874038.0999],[91527.4967,873428.5032],[91502.9994999999,873762.499],[91893.5033999998,873565.5031],[91944.5001999997,873842],[91314.5012999997,874055.503799999],[92716.5000999998,873939.4999],[91841.5001999997,874091.0001],[91936.5,874375],[92518,874394],[92880.9966000002,873849.5022],[93807.4999000002,873909.000299999],[93403.5021000002,873719.001],[93774.4998000003,872929.000299999],[93525.0011,872672.999700001],[93858.8953999998,872902.8281],[93887.0016000001,872847.999399999],[94395.443,873272.1481],[94584.7669000002,873402.4647],[94345.1042999998,873461.585000001],[94143.7440999998,873699.198899999],[94148.6128000002,873741.0637],[94593.3552000001,873643.024800001],[94611.0137,873420.531099999],[94779.4965000004,873536.5023],[95061.4143000003,873539.846000001],[95254.4036999997,873497.3035],[95210.3938999996,873541.613],[95687.6529000001,873547.273499999],[95723.4003999997,873543.1866],[95858.4998000003,873549.299799999],[95678.4967,873752.3006],[95927.7997000003,873778.9001],[95832.9778000005,873823.606899999],[95523.2430999996,874025.687100001],[95683.7001,874247.399900001],[95234.1584000001,874214.294600001],[94861.5573000005,874457.390799999],[94565.9988000002,874711.495999999],[95024.4992000004,875125.4987],[95552.0347999996,874757.6131],[95985.9448999995,874353.098200001],[95830.4036999997,874215.9978],[96085.0994999995,873966.297499999],[96085.2999999998,873817.41],[96263.9051999999,873790.9989],[96289.2001999998,873766.199999999],[96222.3997999998,873297.8005],[96965.9643999999,873221.828400001],[96974.8794,873208.435699999],[96995.0236,873218.859300001],[97184.4993000003,873199.5001],[97198.9817000004,873222.238600001],[97916.3520999998,872553.466499999],[97986.0006999997,872443.994999999],[96232.4994000001,870464.5009],[96194.6074999999,870241.727],[95492.9868999999,869012.009199999],[95321.8580999998,869183.061899999],[94351.3816,870354.2904],[94301.4999000002,870767.500299999],[93998.0880000005,870952.51],[93746.2121000001,871124.7915],[93964.5185000002,871215.787599999],[94425,871287.4],[94620.3486000001,871489.1559],[94991.6007000003,871643.904100001],[94756.4011000004,872000.1011],[94411.3997999998,872096.9001],[94520.8000999996,871836.5],[94359.9425999997,871743.271500001],[94261.1699999999,871737.029999999],[94244.4182000002,871676.3168],[93838.4001000002,871441.0001],[92831.5010000002,871511.0011],[92713.9560000002,871609.330700001],[92298.7169000003,872056.8662],[92658.9973999998,872059.4954],[92241.3227000004,872118.724400001],[92190.5,872173.5],[92172.8448000001,872128.435000001],[91576.4962999998,872213.0012],[91619.9139,872242.9802],[91627,872241],[91688.5597000001,872302.2391],[91848.9996999996,872430.0001],[91496.8891000003,872711.3025],[91357.4142000005,872832.2412],[91856.0001999997,872519.5002],[92119.9999000002,872765.9998],[91952.9998000003,873320.0002],[91897.7792999996,873293.058900001],[91374.5893000001,873293.7563],[91076.5,873503],[90961.6147999996,873506.120200001],[90751.5997000001,873614.941199999],[90684.9998000003,873668.0001],[90677.2163000004,873653.4836],[90668.5,873658],[90651.8295999998,873606.136499999],[90603.4186000004,873515.848300001],[89640.5,873542],[89585.2999999998,873522.050000001],[89662,873365.5],[90420.2770999996,873310.080399999],[90418.0654999996,873295.031199999],[89857,873065],[88969.5,873305],[88941,873297],[89412.5,873032],[89166.0632999996,872989.782600001],[88886.9391999999,873241.784],[88676.5018999996,872995.497],[88694.2352999998,872984.411],[88739.7276999997,872974.135500001],[89117.5001999997,872846.5012],[88862.9987000003,872636.4999],[89083.5,872472.4998],[89129.4801000003,872474.8408],[89132.7836999996,872474.9921],[89156.5636999998,872475.397500001],[89801.5204999996,872418.622099999],[89763.4989999998,872224.4989],[90040.1549000004,872328.4165],[90424.1013000002,871990.0801],[90354.3119000001,871841.196699999],[90140,871664.5],[90214.8671000004,871582.086300001],[90035.5717000002,871341.746099999],[89792.0184000004,871214.9867],[89706.6414000001,871262.163899999],[89692.3570999997,871163.1171],[89412.0018999996,871017.2039],[89653.7232999997,870869.0353],[89647.4814999998,870821.522500001],[89645.8298000004,870817.9856],[89647.4696000004,870815.405400001],[89752.4533000002,870808.5164],[89776.3026999999,870793.897399999],[89569.6984999999,870675.4005],[90021.0964000002,870791.897299999],[90219.5604999997,870779.6196],[90322.4183,870700.7227],[90468.2518999996,870498.960100001],[90470.9448999995,870495.1971],[90047.2013999997,870536.100500001],[90297.6002000002,870379.3003],[90146.8000999996,870161.700099999],[90650.5569000002,870294.5811],[91606.5,870188.5],[92413.4379000003,869819.286499999],[92405.9740000004,869805.3302],[92213.4347000001,869452.724400001],[92039.4759999998,869422.816199999],[91844.3633000003,869389.271],[91655.6200000001,869403.640000001],[91731.6699999999,869577.74],[92151.3954999996,869720.2028],[91690.3099999996,869699.02],[91316.9994999999,870066.9955],[90626.0998,869784.199999999],[90662.9369999999,869746.2652],[90896.5,869469.859999999],[91177.54,869378.109999999],[90938.3499999996,869713.029999999],[91363.5800000001,869571.130000001],[91549.0001999997,869278.500700001],[91819.9247000003,869300.751499999],[92282.5785999997,869315.5286],[92278.4369999999,869160.411],[91761.8035000004,868654.025],[91704.3030000003,868617.9003],[91892.7901999997,868363.442],[91886.2999999998,868354.800000001],[91996.2291000001,868233.816],[92140.5001999997,868044],[91258.5005000001,868448.7996],[91156.5018999996,868915.5953],[90873.3998999996,868724.600099999],[91304.2077000001,868335.5525],[91306.415,868333.557700001],[91503.5482999999,868113.512800001],[90793.6030999999,868391.695],[90888.8000999996,868165.9],[90550.0031000003,868152.402899999],[90905.4998000003,867826.0011],[91203.7161999997,867842.6698],[91109.7028000001,867827.5765],[90209.5000999998,867759.4999],[91327,867537.5002],[91976.5003000004,867793.5001],[92049.7448000005,867678.314200001],[92073.8561000004,867616.466700001],[92016.3147,867599.745300001],[91575.4995999997,867576.499199999],[91579.0028999997,867028.995200001],[91892.0006999997,867149.9999],[92262.5006999997,866832.5009],[92422.7472999999,866977.4431],[93599.0581,867171.2182],[93707,867121],[93709.2089,867123.2015],[93713,867121.5],[93757.4239999996,867166.6324],[93957.4972000001,867114.0013],[94016.5270999996,867239.988399999],[94526.5308999997,867324.002],[94580.9966000002,867288.500299999],[94548.9737,867327.698999999],[94907.4763000002,867386.7556],[94906,867371.5],[94926.4877000004,867375.5788],[94926.0029999996,867310.0046],[95302.7390999999,867414.265000001],[95287.5296999998,867318.9528],[95014.1524,866631.2149],[94652.4989,866455.999600001],[94758.0016000001,866007.497500001],[94114.6946999999,864457.4926],[94048.3756999997,864460.3365],[93488.5022,864542.497099999],[93587.8854,864408.279300001],[93537.9176000003,864146.8869],[92638.5098999999,863692.297800001],[92206.2417000001,863662.3234],[91018.8491000002,864214.4199],[90947.5,864448],[90836.8131999997,864473.642200001],[90748.5027999999,864614.996300001],[90715.1777999997,864501.820800001],[90178.0395,864626.256899999],[89945,864764.499700001],[90124.6299000001,864520.6598],[90203.5634000003,864244.643100001],[89963.0027999999,864063.004799999],[90296.8311000001,863918.5022],[89004.6590999998,864338.775699999],[88985,864346.5],[88981.5480000004,864346.3049],[87836.9978,864717.997],[87738.5005999999,864509.0001],[88442.0001999997,864354.4999],[88503.8947000001,864255.317399999],[87696.6759000001,864102.327500001],[87645,864172.9998],[87656.0621999996,864094.630100001],[85606.6539000003,863706.2115],[85556.6041000001,863708.695499999],[85553.4577000001,863712.395500001],[85110.7772000004,864399.2585],[85450.0039999997,864409.504699999],[85481.9556999998,864464.0723],[85617.3195000002,864427.785800001],[85602.0009000003,864187.999600001],[85629.0352999996,864185.7141],[85627.5,864183],[85643.2286,864185.0046],[86194.4992000004,864157.497400001],[86238.2437000005,864260.9553],[86238.8032,864264.4376],[86292.6929000001,864399.981899999],[86326,864418.5],[86306.6513999999,864434.479499999],[86359.5,864564.9998],[86132.2604999999,864790.018999999],[86118.4814999998,864857.991800001],[86189.3607999999,865001.2645],[86205.5976,864994.5974],[86197.3068000004,865017.326199999],[86222.4985999996,865068.2478],[86408.1996999998,865285.899900001],[85900.2001999998,865952.4],[85670.9000000004,865533.100099999],[85738.5048000002,865364.922800001],[85725.2362000002,865353.1087],[85903.9885,864953.2565],[85946.5011999998,864847.499700001],[85224.5001999997,865228.399700001],[85192.6453999998,865183.5645],[85177.7769999998,865189.5283],[84893.3860999998,864852.8816],[84099.2580000004,864862.1478],[83789.5979000004,864894.796599999],[83846.7882000003,864870.306],[83859.2451999998,864864.9483],[83842.8200000003,864865.140000001],[84280.7882000003,864440.4662],[83650.7993999999,864437.9967],[83336.5961999996,865486.0976],[83571.4998000003,864588],[82802.2998000002,864377.5998],[83017.9002999999,864027.404300001],[82730.2998000002,863978.0997],[83175.2001,863798.899800001],[82846.8987999996,863330.103700001],[83520.7001,863617.8003],[83982.3000999996,862929.0001],[84031.4704,863711.3542],[85608.8812999995,863461.975099999],[85916.1387,863413.0909],[86835.5000999998,863238.300100001],[86966.5646000002,863249.566500001],[90325.8066999996,862718.2597],[91097.5000999998,862577],[91102.8025000002,862670.054500001],[91179.2380999997,862949.650900001],[91132.1109999996,862966.2665],[91187.3365000002,863379.8215],[91330.1056000004,863393.737600001],[92943.0082,863192.8617],[92966.4982000003,863182.995999999],[92650.4999000002,862706.000299999],[92907.2094000001,862750.4538],[92807.3006999996,862051.869000001],[92533.5062999995,861608.5041],[92724.9321999997,861475.929300001],[92610.0702999998,860672.7881],[92492.2699999996,860495.357999999],[92455.5,860441.5],[92511.4715,860089.9289],[92497.0001999997,860055.9998],[92331.9188999999,860000.010199999],[91982.5,859881.5001],[91980.0517999995,859718.252599999],[91913.7850000001,859038.203199999],[90567.0039999997,858803.499600001],[90819.9999000002,858490.5002],[90949.4286000002,858541.723099999],[91454.7888000002,858678.7576],[91848.0712000001,858623.416300001],[91845.0235000001,858579.3946],[90273.3717,858292.386499999],[90087.9989999998,858292.9957],[89767.5357999997,858502.4768],[89773.4994000001,858545.003599999],[89715.0218000002,858536.804300001],[88994.8941000002,859007.538899999],[88948.9802999999,859038.032400001],[88830.5003000004,859115.0002],[88440.3222000003,859088.037799999],[87967.0461999997,859324.160599999],[87531.9971000003,859793.996099999],[87504.4998000003,859510.497199999],[87241.0038999999,859694.504699999],[87225.9992000004,859254.500399999],[87464.3000999996,859425.410700001],[88835.5,858577.5],[88592,858251.5],[88115.5,858516],[87995.8753000004,858499.4298],[87303,858565.5],[87025,859263.4991],[86924.5138999997,858991.7392],[86708.4085999997,859091.043400001],[86588,859201],[86583.0428999998,859175.3827],[86446.0009000003,859278.5001],[86385.5003000004,858922.5001],[87100.0000999998,858587.0001],[85945.4989,858462.997099999],[86175.9978,858853.995100001],[85727.4998000003,858889.5],[85738.0000999998,858517.5],[84642.3009000001,859265.098999999],[84597.5963000003,859544.1976],[85217.9959000004,859637.001],[85000.2616999997,860000.0568],[84815.1003,860308.799799999],[84375.6002000002,860083.600299999],[84726.9035999998,860088.901699999],[84727.8161000004,860000.0296],[84730.8998999996,859699.699999999],[83937.2521000002,859999.960000001],[83694.4990999997,860091.8003],[83836.8278000001,859999.965],[84252.8973000003,859731.5019],[84599.21,859098.59],[84737.3502000002,859005.164000001],[84873.5007999996,858789.503599999],[84868.5003000004,858064.9998],[84148.7011000002,859602.1006],[83746.7999,859430],[83294.7001999998,859703.100099999],[83620.8038999997,859403.197899999],[83124.3997999998,859280.800000001],[82485.9396000002,859999.9811],[82481.6698000003,860004.7907],[82699.2998000002,860115.800000001],[82082.9999000002,860409.200200001],[82353.8693000004,859999.9745],[82894.2993999999,859183.500399999],[82679.2999,859398.0997],[82575.9603000004,859050.3124],[81937.1370000001,858930.763800001],[81118.4999000002,859460.399800001],[81175.2510000002,860000.0228],[81188.4998000003,860126.0002],[81847.4973999998,860741.9047],[81313.3000999996,861430.4989],[81410.0969000002,861974.3006],[80782.4993000003,862029.6961],[80308.6999000004,862802.5002],[79999.9688999997,862691.6734],[79825.1010999996,862628.9002],[79999.9688999997,862211.752],[80286.3032999998,861528.6995],[79999.9625000004,861609.9005],[79850.8013000004,861652.1998],[79939,861365.5],[79369.5005000001,860962.500700001],[79822.4035,860000.0286],[79912.9996999996,859807.5011],[79325.9998000003,858507.5],[78859.0001999997,858347.4991],[79460.9973999998,858508.504000001],[79370.1975999996,858332.4045],[78989.4113999996,858130.0901],[78521.0016000001,858535.9957],[78366.1531999996,859999.9924],[78317.4982000003,860459.9954],[76773.0000999998,863240.4999],[76857.4999000002,863931.4999],[77088.4996999996,864026.4999],[76815.5036000004,863355.9965],[77034.7988,862886.9005],[77792.5021000002,862528.303400001],[77781.6001000004,862272.700200001],[77824.0971999997,862757.197899999],[78270.1962000001,862663.004799999],[78000.0963000003,862898.1975],[78276.3973000003,863042.695599999],[78136.9972999999,863436.4034],[78444.9002999999,863000.099099999],[78535.8011999996,863447.000399999],[79067.9998000003,863683.799900001],[79194.4007000001,863232.300899999],[78684.9011000004,862765.1],[79386.9989,862923.700300001],[79458.7962999996,862544.200099999],[79532.2000000002,863005.299799999],[79816.6989000002,862718.2995],[79999.9688999997,862779.1052],[80377.8986999998,862904.4954],[79999.9644999998,863268.9603],[79738.1963999998,863521.3991],[79783.6999000004,863842.5001],[79999.9543000003,863885.314200001],[80655.0003000004,864015.0002],[80406.4999000002,863681.399900001],[80637.5011,863512.200300001],[81274.2965000002,863610.500800001],[80806.5997000001,863776.1962],[81006.0981999999,863973.5995],[81215.8586999997,863978.0854],[82442.8002000004,864009.699899999],[79999.9642000003,864287.3367],[79863.1431999998,864302.8869],[79302.0554999998,864436.8938],[78347.4018999999,865415.6973],[77669.2961999997,865433.0019],[77803.7978999997,865763.397299999],[77308.0998,865744.799799999],[77015.3980999999,866346.2004],[76707.5997000001,866375.2008],[76452.0998999998,867075],[76868.8992999997,867291.399800001],[76928.2960999999,867752.697899999],[76194.3998999996,867169.600199999],[76295.5987999998,867705.300100001],[75831.8019000003,867655.195800001],[75817.4974999996,867943.297499999],[74946.9002999999,868361.100199999],[75584.4999000002,867261.3992],[74678.4000000004,866404.4991],[73872.9989999998,866344.6007],[73387,865950.500299999],[72300.5996000003,866377.1009],[72174.1775000002,866785.323000001],[72196.0800000001,867000],[72172.9694999997,867011.5496],[72174.1699999999,867055.949999999],[72076.1107999999,867101.9846],[71792.3991,868018.101],[72357.2001999998,868258.303400001],[72532.2857999997,868874.692500001],[71684.7008999996,869372.4005],[71948.8013000004,869199.600099999],[71698.5029999996,868980.396199999],[72000.1001000004,868342.9001],[71428.4831999997,868212.5546],[71075.0831000004,868333.874399999],[71093,868404.6],[71090.1090000002,868409.232000001],[71026.2542000003,868475.160700001],[70898.6771,868610.029300001],[70637.5,869026.4],[70011.2999,868812.4001],[69650.8002000004,870000.100199999],[69344.7000000002,870278.999700001],[69059.9146999996,870224.056700001],[68765.8309000004,870781.291300001],[68765.4959000004,870793.7974],[68926.7671999997,870906.266100001],[69638.0685000001,871121.350299999],[69764.7993000001,870431.701199999],[70403.6997999996,870610.9],[70562.4994999999,870986.3013],[70365.0687999995,871209.0964],[70510.4819,871308.3697],[70745.5001999997,871358.5011],[70906.3004999999,872213.6006],[70796.4779000003,872277.838300001],[70795.8200000003,872283.75],[70748.8838999998,872303.512499999],[70216.8207999999,872607.4122],[70268.9968999997,872632.009199999],[70957.7999999998,872711.1],[71070.1783999996,873009.703400001],[71212.0038999999,873076.562999999],[71431.9994000001,872880.9005],[71826.2000000002,873031.700200001],[72020.2995999996,873585.1997],[71721.0003000004,874298.4],[72132.0001999997,874348.099199999],[72623.3997999998,875171.9999],[72593.9153000005,875285.2278],[72847.8192999996,875570.749199999],[72896.7001999998,875556.4998],[72754.4112999998,875866.2896],[72770.6003,875871.9038],[72747.4977000002,875903.4048],[72745.5121999998,875885.6646],[72439,876552.9998],[72586.7315999996,876558.5197],[72830,876480],[73054.2649999997,876575.9889],[73068.4735000003,876579.387599999],[73086.6284999996,876590.662699999],[73089,876592.5],[73074.7744000005,876617.7664],[73080.9806000004,876655.5681],[73134.6287000002,876659.0156],[73153.5,876641],[73152.3037,876647.6822],[73158,876642.5],[73154.5060999999,876660.293],[73570.1561000003,876687.0035],[74437.8003000002,876251.4002],[74669.0904000001,876417.371300001],[74803.5,876480.4],[74786.4382999996,876501.5788],[75164.4000000004,876772.799799999],[75629.0034999996,875630.5024],[76582.4990999997,875182.000499999],[76316.9989999998,875523.5035],[76635,875519.5],[76845,875282.5],[76707.5012999997,874915.9991],[77383.4999000002,874364.5001],[77047.9999000002,874444.0002],[77114.4999000002,873737.5002],[78216.4998000003,873657.499700001],[78859.5025000004,872865.003900001],[78888.0000999998,873298.0001],[79448.8998999996,873815.3003],[79276.8099999996,874478.59],[79537.8997,874421.4],[79769.1978000002,874962.404200001],[79508.4001000002,875936.699899999],[79999.9685000004,876053.487500001],[80825,876249.4999],[81756.0006999997,876896.000700001],[82054.0000999998,877551.5],[81810.5009000003,878013.500399999],[81483.4341000002,877951.661699999],[81481.5701000001,877985.308800001],[81547.5009000003,878231.999700001],[82115.4996999996,878096.0002],[82545.9999000002,878602.100099999],[82465.9327999996,878646.544199999],[82593.0595000004,878695.3309],[82871.5010000002,878667.103700001],[82882.3376000002,878847.1149],[83050.2943000002,879240.181299999],[83453.5033999998,879571.104900001],[83632.6370999999,879001.4354],[83607.4018000001,878693.956700001],[82903.5,878384.1],[82807,877957.098300001],[82914.4988000002,877390.0998],[82121.5000999998,876601.999700001],[81808.2006000001,875677.9002],[82230.0022999998,875384.903200001],[83202.8997999998,875550.4002],[83356.4999000002,875172.200200001],[82822.5000999998,874980.199200001],[83052.4978,874822.2042],[83488.4998000003,875126.700200001],[84286.8799999999,875004.039999999],[84583.0296999998,874623.571900001],[84627.0003000004,874533.9002],[84186.2013999997,874401.899700001],[84536.8002000004,874273.399700001],[84292.0010000002,873698.597200001],[84813.5021000002,873463.602700001],[84991.0005000001,873920.101299999],[84759.9002999999,874337.703],[85186.9000000004,874337.200200001],[84754.9038000004,874821.4045],[85299.2000000002,874885.200300001],[85804.2000000002,874180.6998],[86727.8975,874680.3049],[86126.5015000002,874866.801200001],[86164.4002,875098.8002],[86690.0032000002,875142.602600001],[87172.4959000004,874725.901900001],[87272.7012,875137.899900001],[86113.6002000002,875330.8992],[85371.0000999998,876089.600500001],[86386.5657000002,876416.0878],[86438.9000000004,876388.199999999],[86554.5729999999,876470.099300001],[87522.9001000002,876781.4002],[87921.9967,877635.099099999],[88898.5,878311.6009],[88898.5001999997,878557.950300001],[89391.7750000004,878512.638],[89713.301,877842.100099999],[89876.5302999998,878562.140000001],[90367,879373.5],[90610.1900000004,879351.34],[91255.2599999998,879734.24],[91378.5,879909.5],[91382.6962000001,879952.795700001],[91348.4104000004,879999.9893],[90792.2002999997,880765.600199999],[90230.6026999997,880538.596100001],[90615.5,879983.5],[88727.5,880357.5],[88692,880583],[88861.0829999996,880567.238],[89329.5773,881183.0798],[89698.8980999999,881531.003900001],[90655.0001999997,883532.499600001],[92179.7517999997,883754.846999999],[92804.4337999998,883802.996200001],[92846.8530000001,883775.716],[93922.6491999999,882690.063999999],[93360.2994999997,882380.2004]]],[[[106838.5002,884350.9967],[106640.5033,884118.5033],[106465.5019,884130.4998],[106424.4992,884599.9954],[106704.5015,884602.504699999],[106838.5002,884350.9967]]],[[[97809.0038999999,883788.9987],[98807.4985999996,882736.499299999],[97986.0003000004,883189],[97809.6919999998,883070.9526],[97191.9572999999,883447.3026],[97148.5839,883486.103700001],[97025.6199000003,883643.6907],[97246.5219999999,884527.5327],[97427.5887000002,884611.130100001],[97799.0850999998,884139.490499999],[97814.0005000001,884043.004899999],[97899.5650000004,884002.834899999],[98038.5,883807.500299999],[97809.0038999999,883788.9987]]],[[[87890.6458000001,886501.3268],[88152.5038999999,886093.9978],[87838.0257999999,886484.210999999],[87855.9896,886513.6699],[87890.6458000001,886501.3268]]],[[[285231.0686,885910.336300001],[285876.106,885036.305],[284548.46,886199.062000001],[282921.856,886507.147],[283846.8088,886609.615],[284846.933,886191.329],[285231.0686,885910.336300001]]],[[[98100.8476999998,887036.9033],[98164.4878000002,884939.6187],[97723.2292999998,885586.591499999],[96968.5001999997,886845.000299999],[97800.5,887045.9999],[97895.0839999998,887320.835200001],[97987.6769000003,887365.276000001],[98100.8476999998,887036.9033]]],[[[111294.6898,888193.8759],[111167.7432,888191.924699999],[111053.9378,888261.4079],[110895.499,888623.003900001],[110935.0887,888595.2125],[110985.9063,888563.0601],[111294.6898,888193.8759]]],[[[90172.8454999998,889190.8631],[90935.2622999996,887779.2052],[90943.4983000001,887763.4999],[89501,886488.5002],[88419.8450999996,886526.2543],[88356.4375999998,886562.5671],[87395.6672,887374.9989],[87345.0696999999,887430.055199999],[87050.5141000003,888165.5052],[87073.7540999996,888201.7842],[87368.0000999998,888232.500299999],[87587.0003000004,888945],[88554.5000999998,888908.0023],[88728.7116,889209.482899999],[89120.7235000003,889294.3561],[89883.0022,889237.1987],[90172.8454999998,889190.8631]]],[[[186243.4003,887986.399900001],[186107.9028,887009.795600001],[186094.5684,887011.944],[184065.0464,888419.7256],[184041.5729,888481.2939],[184411.2746,889886.8993],[184443.0024,889438.500399999],[185750.2924,888499.382300001],[186243.4003,887986.399900001]]],[[[114145.7224,889870.690199999],[114064.0139,889602.408],[113881.9854,889638.041099999],[113831.4993,889725.9981],[113744.3192,889664.9901],[113550.6527,889702.9014],[113361.8087,890524.4147],[113389.1738,890536.342],[114145.7224,889870.690199999]]],[[[88054.6805999996,890924.8915],[87792.0723999999,890822.3126],[87783.4560000002,891523.0474],[88025.0286999997,891477.0482],[88516.4219000004,891215.7775],[88516.8871999998,891208.3353],[88314.0637999997,891064.785499999],[88054.6805999996,890924.8915]]],[[[121857.1683,894918.174699999],[122013.2029,894792.257300001],[121642.3031,894812.5023],[121677.0572,894879.359300001],[121857.1683,894918.174699999]]],[[[194985.7759,892931.549900001],[194986.0032,892914.995300001],[194950.9041,892918.442199999],[194063.8297,893426.8422],[193887.2544,893619.9716],[194166.4566,895199.529899999],[194202.0628,895203.642899999],[194985.7759,892931.549900001]]],[[[120597.7193,895205.248199999],[120586.4964,895149.389],[120376.3983,895161.6644],[120220.4982,895185.995200001],[120426.6091,895421.9608],[120597.7193,895205.248199999]]],[[[120190.9102,896402.166099999],[120356.2642,896187.931700001],[120167.0159,896243.642899999],[120161.5112,896244.3861],[120143.0646,896249.7333],[120071.5974,896544.535499999],[120190.9102,896402.166099999]]],[[[123041.5433,896833.0448],[123236.0102,896614.5582],[123163.0033,896527.0023],[123308.9458,896577.190300001],[123636.0572,896615.3398],[123907.84,896515.8157],[124293.5007,896308.0041],[124059.0029,895906.499],[124537.5497,895693.8573],[124772.3131,894712.4935],[124778.5004,894676.000399999],[124625.4964,894894.498500001],[124613.779,894850.4276],[124096.167,894439.4649],[122970.4992,894049.000399999],[123075.9997,894701.500299999],[122990.4104,894743.129699999],[123013.04,895144.93],[122992.4107,895145.899],[123025.5001,895171.5],[122976.1767,895146.661499999],[122400.9776,895173.7645],[122406.7741,895163.170600001],[122455.4738,895074.1248],[122328.7011,895169.500399999],[122467.3321,895052.442299999],[122715.206,894599.213099999],[122664.4728,894544.064200001],[122368.5732,894746.4505],[122278.8886,894670.2468],[122165.5384,894742.8827],[122136.9993,894785.4998],[122095.4984,894787.7653],[122001.4999,894848.0001],[121925.7,895202.899900001],[121968.359,895240.2763],[122316.3,895505.300000001],[122296.4687,895527.754699999],[122325.3964,895553.100099999],[121447.1002,896552.5012],[121448.9147,896488.343699999],[121435.0886,896503.3939],[121148.5642,895767.5777],[121095.9998,895767.0002],[121120.726,895696.096100001],[121079.4674,895590.154300001],[120965.1403,895763.577099999],[120941.5555,895847.6141],[121258.7001,896191.398800001],[120622.9545,897036.6121],[121274.7542,896808.3795],[121375.4004,896679.398700001],[121882.0008,896777.9999],[121512.4005,896956.399700001],[121571.6998,897226.201300001],[121304.9182,897241.7983],[121279.727,897464.4212],[121285.6035,897469.001700001],[121348.773,897452.920299999],[123041.5433,896833.0448]]],[[[118679.8277,897597.4912],[119076.2424,897047.438100001],[119052.6403,897027.316500001],[118769,897254.000299999],[118660.4437,896801.5372],[118660.0234,897612.3707],[118679.8277,897597.4912]]],[[[9908.0036000004,897933.998600001],[11000.4989,897095.498600001],[10289.0840999996,897537.9615],[10271.3948999997,897563.4498],[10280.4989,897559.9957],[10244.2318000002,897603.24],[10232.4961999999,897619.498600001],[10181.6974999998,897604.750399999],[9866.38659999985,897800.8573],[9908.0036000004,897933.998600001]]],[[[141893.9898,898820.730799999],[142209.8064,898638.021600001],[142193.9455,898621.149499999],[141955.9998,898616.5],[141909.9372,898319.0349],[141877.1586,898284.167199999],[141872.0853,898074.5912],[141831.5001,897812.5],[141865.5015,897794.0637],[142167.8842,897558.5441],[142060.5044,896157.057700001],[141813.497,897825.999500001],[140623.9093,898694.364],[140552.5672,898751.6445],[140543.756,898776.731699999],[140610.8841,898784.413799999],[141150.5018,898687.001499999],[141494.6252,898885.548699999],[141672.2396,898905.8748],[141893.9898,898820.730799999]]],[[[143300.4475,898860.4519],[143336.0009,898487],[143389.1098,898445.056],[143390.9,898433.91],[143591.3118,898285.362400001],[143829.3108,898097.397299999],[143841.1818,898080.2695],[142793.9424,898551.577199999],[142919.003,898518.001399999],[143004.3882,898838.293299999],[143165.0215,899055.847200001],[143300.4475,898860.4519]]],[[[209647.5028,899011.000299999],[209689.9643,898957.633400001],[208861.5848,899280.327299999],[208402.2648,899938.1579],[208387.9228,899972.104800001],[208384.1941,899981.850400001],[209020.3372,899999.9979],[209643.1114,900017.7641],[209745.913,900000.0342],[210089.6676,899940.7479],[210090.4246,899535.4385],[209647.5028,899011.000299999]]],[[[7571.02199999988,901260.4212],[8475.00370000023,900263.501800001],[8855.00210000016,901026.5034],[9588.22709999979,900645.002499999],[9554.99949999992,900593.497300001],[9608.62420000043,900634.389799999],[10049.4971000003,900405.0013],[10484.5948000001,900658.015799999],[10458.5009000003,900169.999299999],[10593.2433000002,899999.971000001],[11258.8219999997,899160.092700001],[10119.0028999997,899077.5013],[10106.3168000001,899046.825200001],[10035.4990999997,899075],[9986.1353000002,898756.216499999],[9765.00119999982,898221.496300001],[9886.2257000003,898111.015799999],[9869.49909999967,898002.9989],[9700.7620000001,897903.8672],[9394.97149999999,898094.0529],[9134.50140000042,898724.002499999],[8759.49949999992,898557.5001],[7665.00069999974,899170.004799999],[7840.49170000013,899745.5495],[7847.49679999985,899769.0034],[7820.84900000039,900000.049699999],[7757.99670000002,900545.0012],[7612.6370000001,900662.322699999],[7589.52410000004,900755.3204],[7566.01659999974,901249.073799999],[7571.02199999988,901260.4212]]],[[[201139.7868,901888.737600001],[201299.0746,901702.711100001],[201162.3149,901791.975299999],[201116.2542,901878.2783],[201139.7868,901888.737600001]]],[[[7056.4793999996,901933.956700001],[6582.0036000004,900984.995300001],[5997.17200000025,901248.9626],[6000.10020000022,901349.0011],[5512.99849999975,901467.497199999],[7057.53000000026,901951.188899999],[7056.4793999996,901933.956700001]]],[[[195496.7524,902110.849199999],[195292.7657,901920.782099999],[195195.6012,902014.975299999],[195188.9718,902031.7337],[195444.9963,902098.348099999],[195496.7524,902110.849199999]]],[[[110421.4992,902446.660700001],[110777.9057,902273.5704],[110446.7123,902328.6734],[110421.4992,902446.660700001]]],[[[196229.2018,902730.4956],[196495.0011,902416.327099999],[196451.67,902325.003699999],[196328.759,902308.5593],[196195.9989,902463.5021],[195864.3601,902286.363500001],[196229.2018,902730.4956]]],[[[192635.5177,901727.163699999],[191853.0037,901572.497099999],[191925.0614,901663.9834],[192011.7062,901768.371300001],[192114.5002,901904.4998],[191524.1576,902308.9695],[191960.9975,902339.997400001],[192305.5132,902759.42],[192593.9601,902919.650699999],[192707.1911,902714.2388],[192665.3896,902287.737500001],[192608.0039,902186.001499999],[193004.0518,902175.7049],[193159.1259,901894.385399999],[193165.6122,901837.346000001],[192635.5177,901727.163699999]]],[[[104299.6245,903136.595699999],[104597.9954,901891.0604],[104601.2189,901866.134500001],[104257.4999,900724.5002],[104421.5009,900334.000800001],[104114.6432,900246.4682],[104030.4496,900252.77],[104004.5298,900215.057800001],[103957.0002,900201.4998],[103961.513,900152.4704],[103393.9919,899326.7534],[102961.539,899015.232100001],[102802.0669,899289.994000001],[102712.9992,899563.0001],[102574.0929,899600.0177],[101941.8346,900000.0075],[101850.5813,900057.7377],[101318.003,900705.495300001],[100986.501,900656.999700001],[100768.4477,900000.003],[100525.5001,899267.9998],[99999.9649,899030.779100001],[99085.4996999996,898617.9998],[98929.1832999997,899366.653200001],[98876.807,899663.888599999],[99092.4314999999,900000.011399999],[99192.4995999997,900156.001],[98778.5888,900221.277899999],[98760.0246000001,900326.629699999],[98743.2810000004,900712.440400001],[99103.3031000001,900751.357899999],[99028.4985999996,900539.0021],[99316.0001999997,900411.000299999],[99618.2378000002,900807.021199999],[99779.1315000001,900824.4134],[99868.0009000003,900724.9998],[100000.002,900796.390000001],[100028.6405,900811.878599999],[100167.2976,900801.797700001],[100268.7045,900877.335200001],[100945.2853,900950.472100001],[100971.9999,900930.9999],[101000.2512,901013.7075],[101027.4966,901003.9998],[101184.3969,901552.8062],[101537.9992,902588.000299999],[102171.4998,902592.5002],[102227.4926,902943.0507],[102665.1676,903131.481799999],[102950.9998,903042.000299999],[103561.5005,903475.001399999],[104080.1317,903247.323999999],[104299.6245,903136.595699999]]],[[[197749.5057,903747.7971],[197079.0038,903052.003599999],[197319.75,903898.5985],[197448.4524,903973.068399999],[197546.4223,903933.5265],[197749.5057,903747.7971]]],[[[202702.4997,904430.999399999],[202249.5689,903855.2995],[202180.8721,905306.7015],[202397.6873,905228.9878],[202671.0474,904586.692199999],[202702.4997,904430.999399999]]],[[[106563.9807,905069.6019],[106672.0003,904556.4999],[106636.977,904568.749],[106115.7749,905527.523700001],[106264.2671,905423.7183],[106563.9807,905069.6019]]],[[[202165.0032,905775.7095],[202320.2836,905410.857899999],[202170.9281,905516.795600001],[202158.2935,905783.736099999],[202165.0032,905775.7095]]],[[[15472.5924000004,905897.698899999],[15523.8722999999,904498.2575],[14830.9976000004,904925.497300001],[15169.7412,905468.215399999],[15202.5036000004,905467.0023],[15219.4967,905540.001399999],[15197.3790999996,905512.495300001],[15457.7395000001,905929.6318],[15472.5924000004,905897.698899999]]],[[[105614.2848,905719.7421],[105386.3762,905702.0792],[105302.2871,905791.7939],[105607.4902,906030.945900001],[105680.4023,906017.6998],[105723.8201,905992.107999999],[105760.3402,905898.746400001],[105614.2848,905719.7421]]],[[[197149.5918,907297.113299999],[196750.0109,907046.923599999],[196718,907071.499700001],[196386.5003,906834],[196360.8854,906841.215500001],[196182.7403,907124.527000001],[196279.0012,907599.0011],[195806.686,907784.5688],[196030.7315,907904.0404],[196547.9981,908166.999399999],[196549.5001,907751],[196574.0069,907737.9485],[196574,907731.5],[197177.3714,907353.4998],[197149.5918,907297.113299999]]],[[[197371.0026,908194.750499999],[197371.0026,907554.544],[197350.4989,907641.500499999],[197101.0554,907632.535599999],[197045.6422,907632.948999999],[197182.2454,907925.0241],[197360.3095,908286.7751],[197366.5095,908261.279300001],[197371.0026,908194.750499999]]],[[[199385.0347,908212.323100001],[199338.7051,908083.1664],[199216.5029,908106.4968],[199023.5009,907366.499],[199999.9812,907045.3489],[200104.6062,907010.939099999],[199338.6236,906269.510500001],[199280.148,906269.681],[198429.1146,906673.679400001],[198385.4996,906989.996400001],[197921.5006,906925.504799999],[197923.1459,906936.4079],[198393.4752,908099.512],[198405.5012,908092.500299999],[198728.3152,908884.322000001],[198924.3773,908752.838099999],[199385.0347,908212.323100001]]],[[[195352.481,909519.0417],[195040.6101,909298.3836],[195227.0895,909940.1535],[195252.9758,909942.290100001],[195422.5632,909787.7235],[195352.481,909519.0417]]],[[[138974.4998,910354.5033],[139380.1539,909495.753900001],[138589.8781,909661.845899999],[138260.5,909936.5002],[138261.0529,909670.274599999],[138022.8099,909551.154100001],[137667.7725,909568.2655],[137516.9813,909675.464500001],[137654.7673,910357.9735],[137696.5002,910390.5002],[138974.4998,910354.5033]]],[[[120933.3872,909376.618100001],[120898.4978,909358.498400001],[120020.1937,911180.25],[120867.1515,911824.9738],[120954.0997,911850.4999],[121610.4012,910283.603599999],[121558.8836,910156.5966],[120933.3872,909376.618100001]]],[[[87561.0108000003,911284.5207],[87549.9960000003,911273.000399999],[87406.8556000004,911470.4078],[87239.9462000001,911744.5671],[87549.4464999996,911863.271299999],[87637.4521000003,911878.2194],[87561.0108000003,911284.5207]]],[[[196980.5261,911929.327099999],[197407.9996,911581.001599999],[197865.7923,911599.922],[198025.2319,911574.774599999],[197698.5031,910942.953299999],[197484.6545,910614.336200001],[197192.6631,910679.907400001],[196684.7214,910981.7304],[196713.9998,911006.000299999],[196412.1461,911205.455499999],[196944.3585,911927.801999999],[196980.5261,911929.327099999]]],[[[195803.9005,911256.714],[195799.5022,911248.497400001],[195488.4994,911694],[195942.1936,912133.1954],[195803.9005,911256.714]]],[[[99437.5025000004,915471.998400001],[99515.2874999996,915121.580499999],[99390.1671000002,915381.5897],[99437.5025000004,915471.998400001]]],[[[98633.4325000001,915674.393100001],[98632.0329,913109.067399999],[98554.7644999996,913094.056299999],[97049.6664000005,913929.1612],[96965.5001999997,914029.000800001],[95739.1206,913813.539100001],[95628.4515000004,914329.347999999],[95535.5015000002,914798.500499999],[95429.3158,914878.869999999],[95201.7811000003,915207.319399999],[95148.8636999996,915346.8477],[95207,915604.0001],[95000.6834000004,915917.603399999],[96988.6546999998,916857.2708],[97338.1507000001,916887.4581],[97587.3629999999,916329.0693],[97588.6427999996,916325.695800001],[98607.9998000003,915813.5],[98633.4325000001,915674.393100001]]],[[[96563.6326000001,917004.812100001],[96321.0420000004,916963.8058],[96264.8970999997,917008.1172],[96658.2752999999,917274.5802],[96715.2440999998,917278.947899999],[96703.3707999997,917228.9669],[96563.6326000001,917004.812100001]]],[[[207190.5596,917152.435699999],[206991.4909,917094.1987],[206993.2605,917362.649800001],[207120.6448,917337.5526],[207322.5028,917240.0023],[207190.5596,917152.435699999]]],[[[205945.8894,917253.8267],[205752.1844,917222.1501],[205319.9209,917391.1117],[205621.4911,917565.965500001],[205667.2731,917579.2016],[205916.323,917297.259299999],[205945.8894,917253.8267]]],[[[142428.7119,920000.047700001],[142442.3633,919593.079600001],[142163.6792,920000.0504],[142069.5892,920137.4529],[141844.5,920468.499],[142416.0002,920379],[142428.7119,920000.047700001]]],[[[142036.7107,920908.3345],[141913.37,920801.1952],[141576.7188,920947.3599],[142036.7107,920908.3345]]],[[[133630.9504,920752.688300001],[133534.7735,920738.3704],[133377.0903,920968.064300001],[133603.8919,921010.264599999],[133772.8886,920904.840500001],[133630.9504,920752.688300001]]],[[[138992.7109,921930.2422],[139094.5,921769.4],[139128.5923,921880.9625],[139156.5321,921865.701400001],[139031.6632,921329.7127],[138581.4556,921014.886299999],[137961.3216,921309.074999999],[138322.7437,921601.8905],[138896.1615,921923.124500001],[138992.7109,921930.2422]]],[[[205211.8224,921922.8851],[204169.1226,921922.1206],[204473.6434,922047.5338],[204815.9988,922168.000299999],[205107.1103,922040.801899999],[205243.4303,921956.4189],[205211.8224,921922.8851]]],[[[98342.3826000001,921282.2629],[98313.0000999998,920813.0001],[97326.0000999998,921104.995999999],[97521.3866999997,921326.271600001],[97795.4985999996,921604.0032],[97776.0528999995,921614.681500001],[97793.9979999997,921635.0043],[97507.9836999997,921840.359099999],[97614.0548,922220.216],[97796.8952000001,922298.402100001],[98219.5369999995,922070.005899999],[98316.8924000002,921992.2193],[98342.3826000001,921282.2629]]],[[[142426.1752,922750.6832],[142066.1081,922599.0447],[142333.8492,922973.531300001],[142420.7626,922774.7718],[142426.1752,922750.6832]]],[[[140479.8429,923512.509299999],[140141.797,923193.1689],[140121.178,923752.611500001],[140247.5486,923688.0919],[140479.8429,923512.509299999]]],[[[98157.8890000004,924419.4757],[98118.4561999999,924413.8181],[97889.5004000003,924555.9991],[97973.6404999997,924595.4542],[98124.2202000003,924520.8662],[98157.8890000004,924419.4757]]],[[[145117.99,930403.119999999],[145034.31,930194.439999999],[144835.4186,930425.5704],[144933.0995,930558.2007],[145117.99,930403.119999999]]],[[[121681.2075,931777.8257],[121599.5251,931752.866599999],[121601.6117,932093.536499999],[121615.6999,932144.299799999],[121863.2506,932201.1439],[121681.2075,931777.8257]]],[[[110868.1012,932923.32],[110869.3716,932892.167300001],[110302.5908,933208.2345],[110186.4989,933278.500700001],[110191.855,933286.331700001],[110729.8033,933452.6993],[110868.1012,932923.32]]],[[[112379.1956,933674.8137],[112370.6153,933219.1302],[112282.128,933246.543400001],[112049.2504,933502.892000001],[112058.8226,933593.9517],[112109.4726,933642.241699999],[112372.4079,933875.332599999],[112379.1956,933674.8137]]],[[[120080.742,932679.277100001],[120080.0013,932660.199200001],[119999.9759,932760.021600001],[119755.9535,933064.4111],[119441.4468,933499.442],[119581.0625,933846.349199999],[119723.3003,934063.5397],[119854.6485,933917.7511],[120080.742,932679.277100001]]],[[[206813.9998,934112.4999],[206809.0546,933724.768999999],[206788.1771,933740.168199999],[206564.2306,933951.696],[206709.3109,934050.091800001],[206813.9998,934112.4999]]],[[[222676.6787,934437.7234],[222608.719,934430.9882],[222630.4984,934463.5011],[222676.6787,934437.7234]]],[[[216653.6682,935111.3795],[216602.4128,934993.323000001],[216476.8967,935144.4935],[216653.6682,935111.3795]]],[[[120099.0933,934751.2327],[120024.1276,934700.3279],[119999.9937,934708.595100001],[119676.9587,934819.2521],[119633.7638,934867.1995],[119672.3898,935058.294],[119751.5027,935341.500800001],[119778.2872,935300.5911],[120099.0933,934751.2327]]],[[[208769.1619,935587.731799999],[208962.5031,934772.003900001],[209015.4133,934870.4098],[209371.889,934708.5031],[209520.0006,934548.9988],[209952.5041,934774.0033],[209847.5002,933657.4998],[209614.5368,933676.9977],[208545.1817,934175.7316],[208533.4968,934194.498],[208522.0304,934186.529100001],[208161.2731,934354.7818],[208164.4966,934439.999399999],[207697.8096,934575.355799999],[207655.4661,934591.1479],[208769.1619,935587.731799999]]],[[[112703.4998,936009.0001],[113056.9984,935122.003],[113253.0005,935304.5009],[113639.2898,934787.7816],[113610.7674,934767.282199999],[113008.5021,934343.4965],[112987.2266,934361.0997],[112696.5917,935953.125399999],[112703.4998,936009.0001]]],[[[118764.2909,936454.1823],[119031.6128,936017.8783],[118708.6298,936096.2448],[118708.1093,936101.6767],[118764.2909,936454.1823]]],[[[216692.7399,937176.714299999],[216832,936962],[216923.4226,936975.1756],[217016.9998,936856.4999],[216364.8613,936452.182399999],[216305.567,936432.6204],[216191.2079,937196.747099999],[216288.6991,937316.42],[216692.7399,937176.714299999]]],[[[111623.399,936701.0594],[111568.655,936697.4605],[111381.7352,936808.5075],[111366.2109,936904.9132],[111513.9993,937159.5001],[111304.8652,937285.8709],[111292.1365,937364.916200001],[111562.9047,937349.198100001],[111631.4483,937300.477499999],[111759.3353,936867.583699999],[111623.399,936701.0594]]],[[[215414.7391,937262.658600001],[215750.7012,936662.8542],[215733.8141,936507.9264],[215312.5092,936840.1643],[215384.4988,937014.502],[215308.0777,937041.8741],[215316.5018,937099.4976],[215309.3399,937098.6854],[215313.5004,937134.9989],[215081.0206,937123.200300001],[215063.9206,937129.325099999],[215130.1741,937237.6689],[215266.1994,937380.352],[215414.7391,937262.658600001]]],[[[212242.7041,937959.945],[211952.9179,937719.975],[212087.5002,938036.5001],[212242.7041,937959.945]]],[[[110460.7561,938550.900599999],[110372.8257,937342.0011],[110271.0867,937364.9068],[109829.1869,938047.2095],[109683.0531,938488.9562],[109852.3772,938492.581900001],[109934.9989,938428.497199999],[110078.3479,938497.420499999],[110239.4985,938163.003699999],[110142.997,938488.9999],[110431.419,938644.1943],[110439.0708,938645.514],[110460.7561,938550.900599999]]],[[[110065.2752,938765.353599999],[109910.2037,938715.5096],[109819.1991,938806.6461],[109844.9208,938892.9089],[109942.1914,938964.1786],[110059.1696,938898.9948],[110065.2752,938765.353599999]]],[[[214296.6383,939239.559599999],[214214.5325,939194.503],[214206.2376,939354.207699999],[214204.4468,939419.460899999],[214234.0708,939602.456],[214438.5003,939333.499],[214296.6383,939239.559599999]]],[[[113514.1084,940331.202299999],[113623.0001,940173.9999],[113968.4993,940442.500700001],[115287.5029,940075.4958],[115316.1542,940122.2226],[115411.5049,940099.561899999],[115403.9202,939999.9871],[115399.9985,939948.5021],[115466.0492,939999.9871],[115551.2023,940066.362],[115645.622,940043.922599999],[115883.2017,938856.701400001],[115759.4996,938495.499],[116189.9002,937245.600099999],[116416.847,938014.8047],[116516.5636,937709.937000001],[116704.3007,937096.399499999],[117235.0015,936779.499700001],[117219.7789,936886.3024],[117281.002,936856.497199999],[117311.9787,937158.4871],[117534.0009,937068.997500001],[117316.8663,937206.136399999],[117361.7551,937643.7542],[117656.8837,937279.4826],[117613.5006,937057.499600001],[117936.8137,936840.5132],[118388.8379,935763.318299999],[118357.1997,935675.8003],[118527.4977,935713.136],[119107.603,935555.8935],[119069.9995,933565.999700001],[118351.6974,933773.5997],[117901.7997,934350.0002],[116880.0004,934326.701099999],[116649.5001,934577.3003],[116615.304,934297.0998],[115984.3086,934232.918199999],[114409.3008,934582.464500001],[114211.8998,934632.4003],[113826.5016,936080.499500001],[114329.5314,935877.0615],[114751.3412,935697.2699],[114762.4994,935476.0013],[114770.3782,935689.1556],[114781.9982,935684.2027],[115012.1656,936269.157400001],[115078.301,936267.9956],[115152.4983,936625.803200001],[114584.3365,937792.612400001],[114784.9994,937957.502],[114233.2272,938527.0573],[114220.7981,938539.195499999],[114303.2267,938173.178200001],[114656.5262,936394.8969],[114557.7986,936482.6043],[114399.512,936629.6252],[114427.5018,936760.504699999],[113923.3081,937071.9362],[113827.5563,937160.8731],[113812.0009,937662.535700001],[114154.9999,937242.5],[114086.9338,937617.4048],[114103.0009,937605.502800001],[114077.0687,937671.7412],[114004.1997,938073.0999],[113818.4484,938332.333900001],[113810.2957,938347.3332],[113721.098,938468.195800001],[113624.6337,938363.2225],[113294.682,940358.369200001],[113347.3988,940372.900599999],[113309.0003,940450.3983],[113336.2542,940539.124500001],[113514.1084,940331.202299999]]],[[[112384.6756,941330.2204],[112311.9014,941293.3881],[112100.6714,941520.208699999],[112085.4318,941570.2686],[112317.4986,941635.957599999],[112384.6756,941330.2204]]],[[[113877.1013,941610.5141],[114669.5026,941130.003900001],[115019.6679,941164.889900001],[115118.4998,940497.4998],[114204.162,940496.7227],[113936.5002,940496.495200001],[113653.6178,941547.772500001],[113780.998,941647.996400001],[113877.1013,941610.5141]]],[[[114552.9984,942035.051000001],[114652.5016,941596.509299999],[114427.4449,941928.01],[114552.9984,942035.051000001]]],[[[111938.0935,943383.6228],[111581.9172,943312.862299999],[111815.7654,943447.3781],[111900.2682,943418.806500001],[111938.0935,943383.6228]]],[[[72637.2648,946749.374299999],[72572.3360000001,946706.577400001],[72424.5213000001,946765.2104],[72303.4652000004,946910.3892],[72353.1823000005,946965.020300001],[72526.1891000001,946942.063100001],[72637.2648,946749.374299999]]],[[[214101.0907,948965.776799999],[214786.1096,948335.270099999],[214956.003,948151.0042],[214633.2531,947280.148],[214629.9656,947329.011],[214657.4996,947497.000299999],[214309.0001,947212.0001],[214138.9646,947286.293500001],[213964.5014,947413.495300001],[213908.1607,947387.138499999],[213762.0001,947451.0002],[213440.6461,947168.4301],[213284.2366,947095.26],[212898.8482,947336.426000001],[212556.2296,948053.1502],[212550.2679,948280.8696],[212575.6655,948287.966800001],[212895.9992,948324.0046],[212915.1178,948382.8247],[212918.5989,948383.797499999],[212941.2746,948463.9561],[213427.8727,948674.493799999],[213488.5006,948650.000800001],[214078.0852,948955.823000001],[214101.0907,948965.776799999]]],[[[219880.0029,949653.0042],[219695.0002,949378.002900001],[219490.0033,949762.003],[218974.0026,949789.495200001],[219424.0016,949925.996099999],[219880.0029,949653.0042]]],[[[218686.2332,950132.1325],[218670.5011,950115.0012],[218331.9359,950273.3901],[218781.921,950411.1438],[218802.0456,950396.6318],[218686.2332,950132.1325]]],[[[220437.1521,950264.686699999],[220292.434,950196.208000001],[220000.0095,950260.035],[219757.4542,950312.9772],[220000.0039,950430.2601],[220122.9868,950489.727399999],[220427.4999,950606.0001],[220437.1521,950264.686699999]]],[[[220502.6094,956989.513699999],[220181.9376,956871.9399],[220336.7818,957156.092399999],[220502.6094,956989.513699999]]],[[[242443.8528,958553.160399999],[241920.7651,957494.169],[242095.9999,958376.4999],[242443.8528,958553.160399999]]],[[[217320.4968,958120.000600001],[217179.4981,958078.502499999],[217037.9963,958509.9989],[217399.501,958597.503900001],[217320.4968,958120.000600001]]],[[[217999.3889,958396.441],[217408.4964,958137.9954],[217541.4975,958565.503],[218055.9975,958871.995300001],[218394.4985,958582.998],[217999.3889,958396.441]]],[[[260502.0149,962801.6154],[260386.2036,962726.9047],[260022.9474,962900.4684],[260017.8597,962981.7875],[260342.2174,963279.2291],[260574.847,963130.898600001],[260502.0149,962801.6154]]],[[[260788.3473,963134.8422],[260716.9991,963073.501],[260665.9946,963243.2039],[260739.0289,963579.6755],[260973.525,963852.6083],[261044.8543,963841.503799999],[260788.3473,963134.8422]]],[[[266505.6772,964766.626800001],[266502.2856,964120.332699999],[266452.1613,964103.837400001],[266412.7268,964134.174000001],[266022.9317,964589.747099999],[266113.1487,964634.149900001],[266332.9987,964585],[266394.4885,964742.9344],[266505.6772,964766.626800001]]],[[[264576.3644,965909.2225],[264365.4591,965408.0086],[264165.9995,965313.5009],[264160.9208,965110.516899999],[264079.3964,964786.943399999],[263928.5061,964691.7741],[263920.0325,964691.6272],[263255.4638,964969.068499999],[263216.5157,965060.8641],[263320.9431,965176.5711],[263679.4997,965450.501],[263566.7463,965522.192199999],[263451.1928,965669.452099999],[263514.1941,965810.330700001],[263780.342,965911.571],[263834.39,965831.668],[264061.9757,966018.7019],[264268.5284,966097.272700001],[264301.9847,966101.4493],[264487.0753,966075.061799999],[264576.3644,965909.2225]]],[[[263512.4903,965913.4005],[263253.132,965673.171],[262744.736,965956.764],[263266.8447,966215.2344],[263340.5983,966212.9245],[263269.0021,966068.995200001],[263526.787,966053.592399999],[263512.4903,965913.4005]]],[[[152505.0224,966152.169299999],[152375.2013,965916.0999],[152903.6978,965332.396],[153595.2488,964986.444599999],[153513.2,964847.800000001],[153515.8762,964846.434800001],[154043.655,964718.9614],[153852.8033,964259.5032],[154013.8117,964182.477600001],[153959.306,963889.244200001],[153780.9,963799.060000001],[153781.5076,963793.4067],[153769.9001,963431.1998],[154180.4984,962950.6625],[154335.7658,962770.2029],[154479.2629,962744.862199999],[154747.8239,962453.629799999],[154714.1989,962389.599099999],[154857.0593,962335.173],[154881.7188,962308.431700001],[154895.4477,962001.972100001],[154888.914,961993.182],[154895.882,961992.2765],[154896.6795,961974.4739],[154853.2002,961906.199899999],[155257.844,961900.5548],[155673.0453,961450.303099999],[155730.9984,961242.68],[155768.9998,961107],[156028.1794,961065.189300001],[156181.7187,960898.6885],[156199.4826,960521.0846],[156159.8409,960429.4485],[156075.322,960359.647],[155605.4934,959999.986300001],[155396.5004,959839.9991],[155592.9932,959119.115700001],[155446.9726,958781.5725],[155244.5037,958591.4956],[155583.4993,957898.0041],[155665.4348,957936.1373],[156013.0205,957706.754000001],[156184.5844,957483.364700001],[156035.5005,957124.999500001],[156527.5208,956810.724099999],[156543,956678.5],[156832.3248,956584.800799999],[156682.5,955208.504000001],[156665.4098,955197.016899999],[156026.5,954981],[155597.3447,954479.1238],[155372.5,954327.995999999],[155291.8748,954007.1198],[154815.1932,952934.1437],[154630.0002,952848.5],[154595.2988,952439.177100001],[154415.119,952033.6054],[154276.3524,951810.115900001],[154173,951697.5002],[154118.3195,951365.5309],[153537.3832,950057.8851],[153478.5088,949993.6603],[153431.2608,949947.7223],[153416.2664,949933.1436],[153528.8155,949846.337200001],[153791.7069,949522.1905],[153537.9994,949184.999199999],[153769.0004,949287.999700001],[155139.5021,947569.000299999],[155405.0696,947528.0506],[155431.5861,947500.2094],[155435.3374,947495.9583],[155437.5,947494],[155443.377,947494.963300001],[155775.1172,947453.91],[155702.5,947318],[156045.0552,947353.0647],[156514.2728,946887.162],[156517.7803,946877.3236],[154612.5,946652],[154517.8612,946560.952500001],[154369.5003,946537.5001],[154238.2232,946291.9263],[152248.4866,944377.6962],[152169.4009,944373.5954],[152172.881,944299.910599999],[151794.6631,943842.978700001],[151718,943801.5],[151758.3411,943720.3576],[151546.4403,943429.898800001],[151612.3753,943395.4026],[151324.5002,943223.5],[151535.268,943095.5857],[151515.5,943073],[151764.0642,942956.7301],[151805.0926,942931.8301],[151647.4644,942366.413000001],[151510.4544,941958.7388],[150695.6612,941817.287],[150693.2051,941823.555299999],[150695.0026,941830.5034],[150691.1106,941828.900599999],[150689.5032,941833.002699999],[150644.0983,941808.926100001],[149922.486,941683.0605],[149486.2998,941903.999700001],[149014.7997,941217.200200001],[148749.3002,941257.298800001],[149008.0961,941315.7007],[148747,941705.1],[148173.901,941838.100099999],[148740.1989,941663.1008],[148659.9999,941187.499700001],[149148.2002,941121.100199999],[149115.1468,940000.012499999],[149103.0794,939590.7137],[149029.1478,939561.402100001],[149031.0686,939444.006999999],[149033.6767,939249.961300001],[148120.3333,939059.740900001],[147529.132,939003.258099999],[146853.0002,939387.199999999],[146826.9565,939350.328199999],[146814.9,939356.699999999],[146824.3262,939346.6043],[146221.4,938492.9999],[146330.9995,937291.9012],[146609.0854,937211.801999999],[146743.5722,936758.030099999],[146522.7914,936479.085000001],[146382.0608,936457.691400001],[146379.57,936456.27],[146378.4394,936392.2903],[146372.7485,936289.513800001],[146192.1998,936061.4],[145166.7997,935922.100199999],[145094.6282,935550.0809],[145094.0891,935547.301899999],[145084.6013,935498.3959],[144789.2962,934971.696699999],[145025.4018,935513.2017],[144432.9167,935780.868899999],[144421.764,935785.907400001],[143991.6401,935978.7907],[144014.8815,935944.868799999],[144029.1434,935927.077299999],[144042.1725,935918.912699999],[144319.9001,935605.600099999],[144013.6002,934769.500299999],[142991.6002,934614.799699999],[143061.3998,934267.3002],[144138.7999,934167.9998],[144062.0024,933681.0976],[144336.7432,933860.424000001],[144569.9441,934012.6368],[144830.4968,934182.702500001],[145131.3839,934069.4461],[145266.9986,934018.399599999],[145575.2993,934166.299900001],[145405.5067,934588.477299999],[145401.5744,934591.405200001],[145059.0997,934846.4014],[145524.0971,934675.5141],[145527.405,934674.2984],[146568.803,933373.404200001],[146764.2302,933476.074100001],[147135.0854,932998.3696],[147261.9983,932672.404899999],[147905.0118,932418.388499999],[148391.0027,932226.4025],[148727.8387,932577.804400001],[148914.4724,932677.329500001],[149464.7991,932660.099400001],[149693.168,932931.774],[149830.43,932849.689999999],[149745.577,932994.121300001],[149938.1624,933223.2267],[151123.0298,933855.074100001],[151348.4998,933785.199999999],[152072.2996,934291.7005],[152195.3774,934555.530999999],[152422.9,934746.6],[152449.1492,934963.4858],[152771.1595,935467.8155],[153267.099,935677.3047],[153571.8807,936484.759099999],[155266.5179,936800.842399999],[155297.6999,936776.5],[155854.7997,937410],[155837.0021,937537.769400001],[156249.8908,938088.287799999],[156523.5002,937592.4003],[157056.7002,937588.899700001],[157096.526,937719.124399999],[157371.8812,937580.226500001],[157298.133,937122.2502],[156984.7537,936588.393200001],[156699.6999,936669.600199999],[156310.3008,936189.299000001],[156520.9204,935798.230599999],[156161.4457,935185.847999999],[155968.7998,935101.0999],[156021.3674,934947.217800001],[155620.0102,934263.486099999],[155559.0031,934214.103700001],[156114.8616,933467.0032],[156178.657,933368.8814],[156088.9111,933330.173],[155510.4002,933163.4001],[155662.9775,932730.0779],[155538.3167,932588.666200001],[155479,932600],[154615.8909,931544.623299999],[154580.9786,931514.117799999],[154411.3074,931549.8269],[154409.6995,931563.702199999],[154400.6478,931552.0703],[154127.2988,931609.5996],[153739.8876,931253.5294],[153252.5297,931102.5353],[152855.0014,931071.399900001],[152599.6035,930592.3003],[152813.5974,930044.6439],[152808.7051,929985.8979],[152776.9428,929991.4131],[152560.277,930060.543500001],[152556.2,930062.699999999],[152530.5438,930042.6533],[152485.5997,930051.9998],[152008.2395,929672.045499999],[150497.8162,929181.348099999],[150261.8024,929162.201199999],[150127.9297,929153.5637],[149905.9911,929483.2455],[149866.9003,929896.999],[149559.3143,929998.2214],[148841.2046,931064.9474],[148829.3999,931257.000299999],[148698.8006,931276.4835],[148267.2337,931917.5605],[148264.1089,931932.826099999],[148255.2,932022.720000001],[148245.1738,932025.3292],[148232.0999,932089.199100001],[147941.2907,932104.412900001],[147735.2202,932158.0414],[147599.2455,932122.3071],[146970.5002,932155.199999999],[146634.8936,931951.384],[146487.6,931938.720000001],[146464.6569,931847.998199999],[146395.3905,931805.9323],[146193.29,931752.82],[145889.76,931290.58],[145901.0129,931284.3697],[145895.0583,931276.003699999],[145868.0998,931218.299900001],[146262.432,931084.907500001],[146270.5428,931080.431299999],[146225.23,930901.2554],[146004.6002,930718.899800001],[145678.5998,931214.3989],[145672.0838,931189.808900001],[145668.13,931195.73],[145306.3857,930819.8489],[145160.9005,930981.399599999],[144260.65,930472.560000001],[143934.6636,932094.8193],[143952.1004,932161.000700001],[143859.3431,932149.796],[143570.7031,932250.5362],[143562.9494,932236.0638],[143494.8257,932114.4715],[142884.7154,932095.3037],[142614.7721,932288.2467],[142999.9999,932349.5998],[142186.2843,932541.2937],[142081.0704,932837.9038],[142254.8947,932854.835899999],[142423.7673,933493.254000001],[142385.587,933442.9483],[142022.4356,932964.4659],[141777.4995,932711.502499999],[141924.256,931953.613500001],[141900.92,931838.49],[141907.7139,931832.5877],[141859.9953,931807.784600001],[141807.5028,931780.5002],[141903.5851,931764.3982],[141918.913,931762.5999],[141987.613,931703.837099999],[142339.5093,931042.044199999],[142360.5791,930922.6744],[142369.45,930721.550000001],[142396.717,930717.936799999],[142415.0974,930613.8038],[142560.5834,930626.2818],[142609.19,930534.869999999],[142656.6693,930634.5229],[142876.7966,930653.402799999],[142926.2255,930872.024499999],[143162.557,930935.8956],[143242.1063,930864.7303],[142664.3853,930193.812799999],[142626.5806,930172.399599999],[142457.4996,929953.5528],[142176.779,929627.547],[142180.8119,929614.8628],[142150.0015,929581.499700001],[142167.2847,929573.619899999],[142198.3554,929559.6851],[143082.7547,926778.0878],[143048.0285,926495.858899999],[141876.9504,925991.563999999],[141674.4999,926004.4999],[140638.3037,925469.796599999],[140000.02,926012.6767],[139929.231,926072.8849],[139784.729,926197.032600001],[139801.1378,926173.919299999],[139779.85,926192.109999999],[139987.0996,925384.5342],[139848.2,925231.6],[139872.0228,925233.3489],[139849.1,925209],[139877.3386,925212.662900001],[139742.0999,925061.600099999],[139999.9879,924961.7149],[140163.1994,924898.4998],[140391.796,925030.7073],[142888.5132,925430.744899999],[142960.3953,925405.1503],[142810.4296,924172.4703],[142679.617,924142.969799999],[141107.0551,924622.177100001],[141047.5001,924680],[141027.0547,924646.555600001],[141000,924654.800000001],[140993.8067,924652.2872],[140315.4855,924337.498400001],[140138.9995,924418.5987],[139999.9935,924289.203600001],[139790.395,924094.0967],[139759.9383,924079.978700001],[135697,925934.5],[135774.299,925796.043099999],[135584.89,925878.779999999],[135804.5402,925741.875299999],[136019.3002,925357.199999999],[137118.4449,924922.938300001],[137153.9021,924900.838400001],[137034.2866,924063.509500001],[137027.4115,924019.663000001],[137024.9998,923998.5002],[137320.0002,924453],[137504.8843,924443.1822],[138223.5,923700.5],[138199.8397,923756.313899999],[138263.5,923692],[138259.274,923762.024599999],[138410.4964,923595.0032],[138256.0868,923814.8364],[138225.8824,924315.317600001],[138346.3997,924001.799900001],[138392.5979,924022.192199999],[138472.6104,924031.795],[138769.9398,924066.7061],[138893.846,923983.001],[138793.4998,923975.500700001],[138885,923758.500700001],[139201.1259,923775.4175],[139222.3548,923761.076300001],[139366.2,923332.8026],[139367.0408,923252.098300001],[139296.9117,923219.243799999],[139228.3919,923218.324100001],[138841.9999,923247],[137927.4998,922590.4999],[137900.7649,922539.792199999],[137597.9796,921853.558499999],[137132.2737,921510.7224],[136814.0812,921415.6083],[136664.7993,921433.7448],[136264.9007,921631.895199999],[136138.0702,921497.738],[136134.9442,921498.117799999],[135886.59,921553.9857],[135829.3975,921655.997400001],[135706.6765,921476.7918],[134385,921561],[133992.1932,921139.9264],[133899.4003,921300.0002],[132557.6276,921296.022299999],[132550.8295,921296.432700001],[132541.3132,921295.353499999],[132533.3576,921294.984099999],[132574.0952,921269.8455],[133135.3536,920841.525],[132753.0934,920657.0527],[129185.207,920295.298],[128142.1963,920227.6971],[127026.0003,920079.799799999],[127012.8429,920000.0211],[126982.6999,919817.251700001],[127069.353,919719.1165],[127495.5013,919236.5009],[127841.0003,919877.4999],[128090.0194,919929.5186],[128431.778,919980.8676],[128579.5993,919247.8004],[128787.7613,919999.999299999],[128797.681,920035.8443],[129488.8992,920139.699200001],[130279.2929,920178.069599999],[130442.404,919999.996400001],[130795.7727,919614.213500001],[130936.137,919440.6053],[130940.2103,919456.526799999],[130975.5,919418],[131139.7793,920000.006200001],[131159.9268,920071.384299999],[131423.4677,920064.941500001],[132437.5721,919851.330700001],[132614.801,919735.699999999],[132729.7882,919789.7783],[133309.3,919667.710000001],[133456.9409,919790.435900001],[133711.6519,919999.967800001],[134377,920547.3003],[134434.7084,920544.276799999],[136309.8245,920053.372199999],[136360.5192,920000.003599999],[136484.1992,919869.8002],[136501.6269,920000.0121],[136589.5994,920657.304099999],[136616.8271,920649.8838],[138884,919775.5],[138922.871,919835.6712],[139034.9982,920000.012700001],[139427.549,920583.6796],[139433.15,920585.189999999],[139430.2579,920587.7073],[139432.95,920591.710000001],[139417.3278,920601.0768],[139425.87,920614.300000001],[139394.656,920629.107799999],[139408.1423,920636.107100001],[139316.5517,920686.6753],[139059.82,920910.130000001],[138975.6229,920874.9058],[138862.4769,920937.3749],[138984.8642,921127.151900001],[139134.0512,921226.428400001],[139769.86,921244.74],[139773.1361,921246.794399999],[139875.5221,921320.744100001],[139916.4981,921283.404899999],[139928.3474,921358.7421],[140544.4981,921801.947799999],[140721.3,921791.1],[140910.2517,921989.493100001],[140995.5001,922003.999700001],[141005.414,921948.867900001],[141050.5,921182],[141114.3192,921343.240599999],[141146.0265,921166.9145],[141302.5005,921784.500700001],[141661.9745,921178.1636],[141099.5,921111.5],[141156.8254,920748.3391],[140763.4967,920851.998400001],[140732.0013,921192.200200001],[140656.5001,920694.003599999],[140865.2887,920700.9242],[140840.6017,920574.212200001],[140822,920513.5],[140827.7015,920507.999],[140824,920489],[141024.3427,920315.7546],[141039.5002,920243.501399999],[141153.2273,920302.3179],[141772.7101,919950.251],[141351.8756,919939.3915],[140868.065,919929.042400001],[140864.5,919928],[140867.0751,919892.286599999],[140750.9979,919884.994999999],[140911.9997,919049.5032],[140950.8578,919073.761],[140954,919056],[141037.9977,919128.159600001],[142037.9823,919752.4175],[141906.8885,918873.988399999],[141803.3968,918397.401000001],[142504.8223,918016.977299999],[142336.848,917819.4274],[141721.3006,917150.2992],[141781.6996,917120.9922],[141770.72,917107.859999999],[142276.2155,916881.0414],[142502.9998,916771.0002],[142503.0378,916697.395],[142239.2993,915745.9199],[142152.4996,915727.4954],[142123.6528,915341.500800001],[141846.9751,915011.169],[141711.4474,914991.933599999],[138689.7985,915193.989399999],[138121.3,915256.8993],[138234.3084,915224.447699999],[138166.68,915228.970000001],[139772.7104,914773.659],[139999.9889,914575.3289],[140315.4908,914300.008300001],[140366.5001,914255.5],[142232.7883,914076.2248],[142741.3307,913932.0526],[142745.4435,913636.438999999],[141664.6508,911356.7415],[141424.0001,911276.9998],[141198.4992,910647.9998],[140855.0004,910556.995300001],[140790.1403,909632.154300001],[139898.065,910277.717700001],[139674.0009,910791.4989],[139120.5002,911174.9998],[138918.7929,910986.382300001],[138034.2229,911626.5144],[137979.5028,911720.899],[137988.6707,911598.4297],[137582.5211,911010.5612],[137577.3,911010.5955],[137238.9969,910520.4958],[136745.8011,912108.300799999],[136548.5012,911821.000299999],[136181.9002,912031.5002],[136236.6511,911791.0798],[136057.2953,911020.613299999],[136032.9997,910995.4987],[135966.2116,911007.352700001],[134436,911870],[134476.7348,911804.3268],[134349.0264,911911.7941],[134367.0016,911883.822000001],[134820.7757,911050.3857],[133767.8764,910947.2071],[133560.3831,911017.909299999],[132677.4999,911991.500299999],[132731.9929,910875.3248],[132731.5698,910784.065400001],[131408.5021,911069.9991],[129517.0027,910759.297599999],[130339.9987,910454.5044],[131233.3309,910666.731000001],[131537.496,910293.0009],[133135.9998,909947.9999],[133229.7682,909987.7324],[133632.6705,910043.227399999],[133742.0011,909857.001],[133989.1888,910092.3336],[134653.2121,910183.795],[135766.3397,910051.003699999],[137019.8004,908617.404899999],[136622.0025,908229.501599999],[137030.1762,907576.761299999],[137021.5952,907285.5251],[136687,906646.5002],[136706.3928,906599.464400001],[136704.5,906595.5],[136984.8619,906043.488299999],[135844.3512,905624.194599999],[135802.4998,905637.499700001],[135795.2369,905402.967599999],[135442.3127,903050.738700001],[135397.7472,903011.113600001],[135298.7404,903035.3347],[134844,903271],[134813.0628,903154.251499999],[133670.9997,903444.000299999],[133354.9357,903017.2228],[132608.9131,902085.6609],[132260.9999,902928.5],[132125.5329,902904.0253],[132083.636,902999.919299999],[132172.2949,903359.157400001],[132173.999,903378.499500001],[131836.0024,903566.7049],[131139.3728,905161.1558],[131048.4989,905647.5002],[131072.6906,905313.7786],[131026.5,905419.5],[131071.0158,903986.626700001],[130836,903601.5],[130859.1995,903549.373299999],[130863.2781,903540.809800001],[130860,903534.5],[131054.5504,903133.068600001],[131100.6002,903034.3674],[131162.7315,901034.489499999],[131039.6304,900939.0779],[130749.1217,901067.250499999],[130528.4984,901194.495300001],[130521.6477,901105.2709],[129814,901351],[129813.5914,901342.25],[129810,901345.5],[129809.4829,901296.290100001],[129718.0006,901404.495200001],[129790.0832,900838.82],[129789.2256,900820.4539],[129772.1024,900854.312799999],[129535.4517,901446.4507],[129674.4998,901404.9999],[129707.4967,901760.003699999],[129342.0006,901972.501399999],[129191.504,901486.0019],[129511.503,900701.496400001],[129500.693,900682.5449],[129103.9944,900465.539000001],[128980.8443,900595.218],[129076.5,901041.5],[129072.1927,901038.912799999],[129086.999,901074.5],[128717.5721,900948.116900001],[127302.0166,904733.7237],[127398.2993,904921.7991],[127245.4857,904884.9036],[127206,904990.5],[127202.7107,904993.582900001],[127179.4654,905012.7096],[127179.5,905022],[127172.0099,905018.949899999],[125571,906359],[125568.7895,906342.558900001],[125321.4998,906658],[125519.0145,906142.468599999],[125374.5,906304.5],[125521.74,905992.610200001],[125486.5,905730.5],[126378.6303,903732.568600001],[126261.4999,903222.500299999],[126897.7696,902524.0131],[126917.5817,902466.7467],[126949.5,901715],[127314.4994,901288.999299999],[127294.8443,901280.0857],[126274.5,901313],[125774.0001,902597.499299999],[125787.5404,902409.9641],[125745.6179,902504.4022],[125746.5041,902497.937100001],[125742.39,902507.17],[125820.1805,901957.8959],[125823.9996,901905.0012],[125110.9999,902261.9999],[125102.6517,902224.512700001],[125091,902230],[125088.6482,902227.7574],[125086.3462,902225.608999999],[125085.9421,902221.136700001],[124704.0263,901551.878900001],[124581.7995,901652.091800001],[123253.4917,904113.585899999],[122546.4959,906333.0044],[122244.5041,906616.0034],[122147.4018,906437.568399999],[122082.8548,906453.308599999],[122061.0011,907045.000499999],[121941.119,907119.8894],[121792.246,909594.875700001],[122004.8823,910028.456800001],[122101.6996,910179.203500001],[122058.3674,910310.760500001],[121696.2452,911825.583900001],[121741.836,912144.125800001],[124229.7529,914851.713099999],[124321.402,914823.1042],[124851.5007,915450.5042],[124888.5514,916629.780999999],[126797.501,916678.5031],[126936.3518,916517.036900001],[127211.9173,916089.0754],[126996.5038,915837.003900001],[127393.9982,915764.004799999],[127420.242,915785.878699999],[129522.14,916324.1],[129493.5532,916328.5098],[129508.2996,916329.799799999],[129488.4662,916330.366800001],[129515.94,916332.4],[129473.5153,916331.6008],[127614.6364,916618.3518],[127595.7602,916624.406199999],[126553,917013.5],[126327.4079,917031.220699999],[126291.1728,917042.842800001],[123137.6008,917294.2468],[123146.9609,917260.6413],[123161.7012,917216.9989],[123488.6485,917106.758300001],[123480.5,916960],[123689.3241,916909.445499999],[124515.5613,916704.529899999],[124409.7416,915742.9937],[123332.551,914943.967900001],[122567.6033,914434.795299999],[121099.9995,912453.601199999],[120000.0089,911985.0655],[119411.0382,911734.1962],[118866.6092,911502.2993],[119120.9513,911229.4706],[119033.82,910573.48],[119036.3917,910572.274800001],[119034.06,910569.789999999],[119124.5109,910527.724400001],[118999.7005,910290.601],[119537.2975,910335.7513],[119916.503,910159.3957],[119999.9933,910057.424000001],[120062.0936,909981.5777],[120097.8126,909837.3532],[120738.6941,907195.8882],[120841.6627,906756.9485],[120566.9829,906339.062799999],[120336.5003,906043.4999],[120594.9181,905790.2349],[120537.8242,905791.349400001],[120088.5003,905984.5001],[119999.9847,905963.566099999],[119949.2424,905951.5655],[119889,905968.5],[119841.268,905926.0294],[119377.4018,905815.150599999],[119383.5122,905813.229800001],[119999.991,905581.5787],[120376.5008,905441.0002],[120670.6477,905525.350299999],[120805.5,905497.5],[121563.4328,905747.544399999],[121625.9145,905712.5339],[121856.55,904865.68],[121861.4984,904859.776000001],[121865.5033,904840.501700001],[122624.149,903665.9406],[122781.2884,903332.8616],[123318.3849,901560.0825],[123260.529,901569.5941],[122863.18,901717.67],[122851.8538,901636.7805],[121819.5002,901806.5001],[121710.5897,901511.3905],[121270.7937,901501.8112],[120945.9989,901560.000299999],[121026.6273,901496.492900001],[121004,901496],[121975.218,900749.329399999],[122926.5037,900000.043199999],[123398.2057,899628.5042],[123362.1113,899502.371099999],[123177.004,899038.002599999],[123377.2179,898675.5942],[123504.4392,898401.568299999],[123555.8911,897758.578400001],[123545,897642.499700001],[123529.9368,897624.878],[121793.3192,897571.586999999],[121645.6983,897588.1976],[120338.5006,898313.9998],[120048.4966,898094.475299999],[120034.7572,898086.7707],[119999.966,898114.2053],[119408,898581],[118894.5028,898394.9967],[118792.4994,898476.835000001],[118239.1369,898993.312999999],[118196.5,899604.0001],[118049.2872,899427.714199999],[117895.1557,899314.366],[117583.6398,899605.117699999],[117295.8019,899999.497400001],[116956.8731,899870.101199999],[115544.4411,899906.362400001],[115526.0235,899912.3914],[116233.4999,898873.0002],[115973.501,898620.0011],[116159.0755,898559.3431],[116172.5391,897929.1833],[116094.2304,897907.2337],[115553.302,898531.6362],[115525.5001,898581.499700001],[115516.718,898567.461999999],[114877.9034,898223.2304],[114816.5038,898231.002699999],[115229.6999,896540.0001],[115300.6142,896582.7827],[115684.1223,896554.4966],[116077.9991,896082.499399999],[115971.7668,896283.0166],[116020.91,896226.66],[115877.988,896540.197799999],[116972.1197,896459.4989],[117000.101,896447.5041],[117199.5003,895755.0012],[117250.5535,895748.9549],[117259,895724.5],[117303.9316,895727.6754],[117524.7345,895187.1587],[117522.0007,895012.4998],[117372.7628,894931.896400001],[117217.8719,894863.888],[117228.8719,894854.181],[117195.2036,894835.9967],[117295.2281,894800.2818],[117627.0657,894530.7401],[117900.5556,893606.83],[117901.9905,893604.196699999],[117959.1705,893544.3631],[118089.7541,893407.7213],[118209.2505,893511.490700001],[118867.1879,891900.886],[118903.0034,891772.5023],[118034.8262,891300.850099999],[117934.607,892121.7982],[117845.2249,892112.931700001],[117826.1002,892197.0001],[117519.2002,892084.4001],[117443.0007,891265.9987],[117440.2098,891268.5962],[117224.25,892554.83],[117218.1227,892545.4385],[117219.552,892551.0288],[117251.3034,892667.2963],[117132.9868,892417.866599999],[116736.2161,891807.019099999],[115328.8024,892870.2981],[115201.2009,892531.2991],[115353.2312,892274.5636],[115387.6282,891450.943],[115262.5039,891398.999199999],[115397.2766,891219.915200001],[115466.9038,889552.721100001],[114646.5978,890814.5965],[114295.9072,890160.8902],[114048.178,890312.8946],[113630.18,890576.619999999],[112666.7872,892654.920399999],[112548,893076.999700001],[112340.238,892276.932399999],[111687,893097.5],[111683.1366,893096.141000001],[111680.58,893099.33],[111547.575,893048.454500001],[111461.3939,893016.8201],[111457.5,893014],[111591,892628.5],[111678.4026,892719.8583],[112872.5636,891082.2096],[113044.0924,890839.3367],[112660.9987,891032.4999],[112372.6889,890095.489],[112263.5,890025],[112207.7603,889559.468499999],[112085.8033,890033.6786],[111970.1923,890484.2808],[111890.2259,890797.6808],[111447.9015,890919.396600001],[111458.8503,890840.847200001],[111436.4,890865],[111528.6862,890339.826199999],[111558.061,890129.084000001],[111353.1392,890599.672700001],[111298.8748,890719.5875],[111298.5848,890712.6273],[111292.6,890726.1],[111297.9695,890697.863299999],[111264.0929,889884.8958],[111234.3705,889867.4322],[111316.2334,889697.206700001],[111588.8279,889140.126800001],[111540.4143,889138.5327],[110895.3011,889315.3957],[110679.3998,889091.300799999],[110749.6382,889099.9056],[111202.7388,888969.816199999],[111256.0716,888953.7458],[111335.3491,888791.295499999],[111131.74,888710.626499999],[110810.9306,888634.512800001],[110706.3306,888868.3423],[110706.5013,888921.5001],[110478.5,888892],[109969.9997,889468.300899999],[110268.5,888975],[110030.3,889008.6],[109967.33,888924.83],[110240,888522.5],[110000.99,888527.529999999],[109855.61,888774.1],[109836.8,888386.699999999],[109842.0402,888368.6701],[109819.0003,887833.0001],[110356.1502,886555.814999999],[110269.9161,886503.817600001],[109039.5703,886950.477600001],[109493,886954],[109193.958,887000.3398],[109424,887029.5],[109300.9512,887036.355900001],[109430.9999,887058.4998],[108783.4998,887083.899900001],[108246.914,887629.1061],[108164.34,887718.24],[108163.0937,887714.273],[108160.9042,887716.4977],[108107.5371,887588.5244],[107722.4508,887542.516899999],[107519.2016,887626.9957],[107647.8591,887533.6052],[107486.44,887514.32],[108210.6078,887125.114600001],[108401.809,886986.3246],[108050.931,886870.953400001],[107616.1,887160.701199999],[107521.9999,886914.4],[107584.2636,886874.849300001],[107553.13,886792.6],[107557.6287,886789.4409],[107646.9333,886723.901799999],[108100.2772,886224.239800001],[108035.5002,886195.499299999],[108207.9688,886105.545399999],[108283.7848,886021.983200001],[108226.7499,885936.8923],[108136.5037,885909.000700001],[108201.7103,885899.535399999],[108198,885894],[108405.4924,885887.840700001],[108762.5858,885494.263],[108661.1539,885455.8968],[107035.2363,884919.283500001],[106939.3501,884933.694800001],[106875.0458,885435.7487],[106854.47,885595.42],[106660.524,884975.601299999],[106565.7696,884989.842499999],[106552.2878,884992.729499999],[106497.3,885028.4],[106515.4116,885000.6262],[106473.6657,885009.5657],[106457.6,885006.1],[106482.1374,884978.403200001],[106552.4743,884719.676000001],[106175,884617],[106362.9988,884045.003599999],[106058.1032,883342.398800001],[105919.2298,883022.3802],[104560.8039,883263.497300001],[104555.8998,883279.5002],[104225.0957,883442.397600001],[104231.506,883321.946900001],[104060.5,883352.300000001],[104063.212,883344.661],[104053.7,883347],[104059.2811,883327.1766],[103859.2001,883556.5999],[104434.8725,881936.836200001],[104000.264,881917.3201],[103991.5612,881920.608999999],[103973.424,881974.0657],[103982.5017,882641.495999999],[103720.1447,882720.5691],[103589.5945,883105.3464],[103540.8963,883362.399700001],[103079.9527,883667.1919],[103038.6429,883697.4573],[102802.9054,884142.5044],[102549.0954,884710.9015],[102222.4998,885030.999700001],[102109.1967,884827.314099999],[101926.6135,884892.297900001],[101649.001,885299.995100001],[102118.4997,885007.4999],[102058.5,885426.4999],[101373.7264,886149.2226],[101302.6447,886744.2261],[101326.337,886825.839199999],[101335.8655,886817.4235],[101670.9989,886496.2027],[101889.3306,886608.592],[101969.0783,886575.7126],[101912.9334,886620.741900001],[101964.1146,886647.0395],[100995.1008,887346.1987],[101035.031,887209.965],[100948.153,886589.5876],[99999.9790000003,887698.730699999],[99960.0012999997,887745.495300001],[99825.1518999999,887732.902799999],[99364.4800000004,888279.2162],[98647.4000000004,889794.566199999],[98614.4001000002,890233.8003],[98383.8244000003,890351.5602],[98162.7063999996,890818.831900001],[98147.4967,891064.095100001],[97681.9228999997,891257.322799999],[96106.8437999999,892262.726199999],[96016.8158999998,892444.759],[95753.1063999999,893462.2576],[95925.9968999997,893893.995100001],[95547.5960999997,894501.905200001],[95453.6605000002,894660.3399],[96245.9999000002,894820.5],[96620.5580000002,894543.966399999],[96624.5,894540.5],[96623.8973000003,894560.579700001],[96643.0001999997,894831.5001],[97157.4998000003,894969.500299999],[97342.0153999999,894815.499],[98504.7227999996,893573.782099999],[98614.0022999998,892981.996099999],[98352.6001000004,891748.6],[98631.7037000004,891280.2205],[99022.9994000001,891582.4966],[98769.0001999997,892705.000299999],[99999.9709999999,892914.436699999],[100069.7009,892926.3005],[100432.2494,893313.099400001],[100555,893360.4],[100570.2574,893387.558700001],[101840.0866,893872.9016],[101974.4006,893870.3004],[102578.5001,894927.799699999],[103537.7962,894986.202099999],[103331.834,895561.2543],[103657.9343,896473.255999999],[104000.0967,896608.2981],[103847.8742,897004.4592],[104004.5808,897442.718900001],[104048.5035,897496.503799999],[104132.1316,897500.124500001],[104545.0282,897513.4771],[104549.0034,896871.9026],[104990.5643,897059.0342],[105001.106,897046.232000001],[105013.5119,897052.5897],[105017.48,897048.060000001],[105272.1941,897178.387800001],[105889.5009,897439.9999],[106121.3999,897236.6998],[106545.0001,898308.9998],[106771.204,897264.4003],[106476.6033,896887.499],[107128.5001,897200.899700001],[107258.6016,897653.9002],[108314.9,896821.899900001],[108796.0002,897265.999700001],[109222.9966,897147.503799999],[109126.0016,897490.4956],[106141.0994,899388.7009],[106174.3015,899854.2993],[106424.3875,899999.9528],[106800.4987,900219.0045],[106939.4999,901327.4999],[107386.8142,901096.520199999],[107400.5234,901086.089],[107474.0001,901051.5],[108799.9998,901879.5002],[108890.7537,901851.543500001],[111230.7213,900651.7512],[111286.497,900537.504000001],[111380.4486,900574.9802],[111475,900526.5],[111989.4261,900676.254799999],[112678.5009,900337.000499999],[112698.496,900781.5035],[113101.0034,900942.497400001],[114925.1987,900325.000800001],[114645.9681,900534.420499999],[112100.4898,902946.5688],[112024.1438,903140.408199999],[112324.6763,903199.607000001],[112929.5003,903106.8002],[113602.4998,903473.4001],[113314.8086,903645.3868],[113072.2071,904207.179],[113070.4967,904219.499399999],[113068.0154,904216.8857],[113063,904228.5],[112477.9709,903710.080399999],[112065.2608,903993.5337],[111907,904140],[111882.0729,904119.3489],[111711.5003,904236.4998],[111513.1091,903947.8599],[111077.6945,904084.611500001],[111140.9998,904413.4999],[109425.4313,904667.7433],[109849.41,905545.310000001],[110071.5003,905679.4998],[110107.611,906219.334899999],[110111.564,906256.822899999],[108835.0003,905168.998400001],[108610.4999,905794.4999],[108568.0887,905787.265000001],[108562.3656,905786.0042],[108237.2969,905726.4937],[107852.5132,906123.4285],[107619.4985,906418.999700001],[107568.3099,906403.1325],[106849.7832,906410.348999999],[106665.5002,906685.001],[106087.6667,906458.8058],[106086.813,906563.3233],[106104.0002,906855.4998],[105436.792,907141.6503],[104617.8212,908051.7258],[104434.9989,908315.4969],[103937.3008,908166.2996],[103945.1738,908159.6317],[103937.07,908163],[104107.5612,908022.1019],[104503.9983,907686.3497],[104604.2282,907089.255799999],[104599.9997,907047.5001],[104244.4998,907288.4998],[104332.7557,907126.743100001],[104368.2809,907016.7479],[104160.5048,906999.553099999],[104171.0007,907126.499],[103872.0007,906984.499],[103591.9999,907314.5001],[102971.9999,906939.0001],[102616.1004,907115.2223],[101962.3349,907535.711200001],[101867.0005,907879.0019],[101751.1032,907918.1833],[101699.5905,907933.364399999],[101072.4981,908136.998],[101012.0041,909124.995200001],[100511.0001,909024.4999],[100507.7443,908975.953600001],[99716.0099999998,908842.9495],[99592.9643999999,909711.7994],[99680.3698000005,909927.1799],[99709.0866999999,909996.596000001],[99859.9957999997,910280.0046],[99543.5005000001,910987.001],[99806.5003000004,911015.0002],[99690.8225999996,911254.8325],[99738,911334.5],[99468.4648000002,911715.842399999],[99342.5016000001,911976.999299999],[98998.5025000004,911985.496400001],[98864.9512999998,911738.9639],[97931.8326000003,911402.964400001],[97920.1042999998,911422.8894],[99068.2483999999,912451.0144],[99251.5010000002,912497.4998],[99262.8832,912625.303400001],[99353,912706],[99742.0570999999,914357.530400001],[99999.9950000001,914754.841499999],[100022.4978,914789.503799999],[100069.753,914762.668199999],[100895.1789,914119.8686],[101262.5,913460],[101399.6414,913469.220899999],[101474.4988,913368.5],[101829.9967,913550.2984],[101793.5755,913621.784600001],[103249.3357,915763.5174],[103258.9976,915771.002800001],[104422.4994,916002.996400001],[104522.1674,916060.416099999],[104527,916061.5],[104537.2242,916068.4772],[106586.5823,916535.615499999],[107020.5024,916433.0024],[107166.9988,916667.9178],[110288.7114,917379.4926],[110535.5908,917277.585200001],[110554.2984,917269.863],[110610.896,917246.500499999],[110460.6033,917418.6743],[110473,917421.5],[110458.2182,917421.4067],[110229.0013,917683.995200001],[106218.4212,917395.999700001],[106197.3344,917394.4364],[102691.4992,916065.999199999],[102582.146,916292.9723],[102556.5,916465.5],[102512.8913,916436.7172],[102453.4964,916559.997],[102179.6903,916367.1898],[102042.8345,916474.0295],[101996.2188,916587.707800001],[101908.4989,917022.5001],[101467.6158,916973.5131],[101413.7913,916977.4614],[101415.5613,917037.736199999],[101962.1128,917620.780999999],[102061.5,917631.5001],[102106.5689,917680.8835],[102110.5,917681.5],[102236.6335,917839.112600001],[102400.247,918033.068600001],[102442.6119,918038.526699999],[102604.8473,918015.238],[103347.0001,917893],[103929.9998,918242.500299999],[103272.9977,918582.9979],[102593.2793,918424.6302],[101681.5147,918564.996400001],[101689.291,918580.4783],[104066.1631,920121.3498],[104087.7928,920128.999399999],[104083.0703,920132.3103],[104088.788,920136.017000001],[103584.3706,921232.632200001],[103577.0012,921340.0001],[103545.8431,921290.8104],[103536.7225,921285.183800001],[103535,921301.5],[103518.2709,921273.8007],[101313.3394,919913.5451],[101165.9982,919865.500299999],[101199.5013,919843.3167],[101186.2961,919835.1702],[101179.3211,919831.936899999],[101169,919824.5],[101249.1432,919127.0636],[101244.0344,919128.339199999],[100804.6505,919518.700999999],[100746.4967,919673.4958],[100624.763,919610.752699999],[100340.0932,919845.1327],[100628.707,920000.051999999],[100684.5,920030],[100665.0446,920035.278899999],[100696.0033,920051.9968],[100028.0798,920208.107999999],[100000.0047,920215.7257],[99835.9042999996,920260.251399999],[99398.2264999999,920620.609099999],[99467.5998999998,920970.175100001],[99495.1475,921106.354],[99525.5,921141.499700001],[99247.9979999997,921770.4955],[99552.4979999997,922526.5],[99422.4965000004,923235.496099999],[99093.5449999999,923319.912900001],[99090.8354000002,923369.0439],[99318.9961999999,923548.996400001],[99252.8761999998,923585.966],[99259.5,923594],[99226.0763999997,923603.978800001],[99237,923620],[99158.3776000002,923638.802999999],[99073.3357999995,923686.352399999],[99038.0932999998,924325.382200001],[99155.4967,924840.9966],[98985.4999000002,925357.399800001],[98789.1701999996,925478.244999999],[98044.9846000001,926095.667199999],[98080.1304000001,926166.364499999],[97798.1113999998,926333.308800001],[97758.0001999997,926398.5],[98103.4996999996,926599.500700001],[97799.4973999998,926848.0021],[97835.0905999998,926945.5568],[98093.0899999999,927243.74],[98126.7422000002,927744.923699999],[98162.2369999997,927842.208699999],[98193.9989,927865.500800001],[98168.4144000001,927859.140000001],[98235.4962999998,928043],[98439.5225999998,928100.036499999],[98790.5665999996,927971.874],[98903.4999000002,927832.000299999],[99512.4988000002,928620.5043],[99126,929394.500299999],[99593.0000999998,929197.9999],[99999.9872000003,929440.933499999],[100012.8905,929533.6362],[100150.5,929640.5],[100056.8129,929851.721899999],[100075.5454,929987.3829],[100575.4079,930283.1109],[100579.5,930286.5],[100543.3562,930482.403100001],[100814.5004,930763.000399999],[100720.0798,930835.127599999],[100733,930849],[100510.9277,931078.254899999],[100612.3,931234.6964],[100397.9893,931270.3062],[100356.5374,931494.979900001],[100379.0967,931540.098999999],[100350.4368,931528.046],[100289.8557,931856.4014],[100339.0004,932020.001],[100247.7866,932084.420399999],[100105.9825,932853.012499999],[100234.6779,933070.5228],[100245.1746,933076.540100001],[100222.5,932986],[100229.6585,932994.861300001],[100226.5,932981.5],[100299.6091,933081.4505],[100339.1724,933130.4245],[100685.1884,933328.7786],[100754.9948,933244.5002],[100783.5001,933159.500299999],[101278.9747,933513.283399999],[101347.3438,933487.452400001],[101364.3232,933387.823000001],[101358,933110.5],[101412.487,933105.214400001],[101452.9997,932867.5001],[101694.0879,932862.6151],[101698.7694,932860.6994],[101731.2746,932860.587400001],[102387.9266,932844.291099999],[102544.6399,932699.466800001],[102722,932493],[102750.7735,932508.9714],[102853.0001,932414.5001],[102930.0353,932608.475299999],[102953.5,932621.5],[102947.5476,932652.5714],[103017.4823,932828.667300001],[103275.3114,932822.2687],[103082.0009,932194.3004],[103418.2003,932056.500299999],[103556.8005,931333.999199999],[104030.3003,932733.5999],[104751.4032,932997.901699999],[105358.9982,932431.004000001],[105540.0009,932720.500499999],[105794.9969,932589.999199999],[105591.5007,932853.0001],[105182.0003,932619.499700001],[105283.4976,933643.4976],[104985.101,933248.2991],[104887.4961,933893.1954],[104493.5966,933661.2018],[104525.1009,934591.5956],[104183.4003,933990.998500001],[104335.9016,933544.0953],[103784.0014,933239.1011],[103624.7,933790.9003],[103347.6485,933883.7502],[102533.2617,934271.658199999],[102813.6546,935092.0513],[102825.4971,935085.0043],[102820.1898,935111.172599999],[102900.6795,935346.6746],[102932.3422,935365.4581],[103447.9991,935597.998600001],[103398.3488,935641.9103],[103380.5266,935656.8476],[103035.4331,935950.298599999],[103068.8152,936056.358999999],[103618.0002,936728.9999],[103373.9305,936901.352700001],[103343.1381,936927.9277],[103390.4834,937078.351299999],[103838.5,937712],[103717.6573,938117.8364],[104369.5991,938189.095699999],[104385.0782,938692.0645],[105265.0858,939375.305400001],[105313.7294,939392.950200001],[105292.1914,939261.2871],[105063.1999,938079.5002],[105097.0216,938089.994899999],[105100.875,938091.760399999],[105099.9,938085.800000001],[106896.3754,938048.938899999],[106952.0007,938033.5001],[106908.0002,937625.9999],[107007.8684,937512.144400001],[107009,937497.5],[107023.1258,937482.226299999],[107024,937473.5],[107323.8505,937151.9066],[107953.9998,936433.4999],[108586.9002,936579.899900001],[108557.5359,936717.1774],[108709.0429,937338.5189],[108739.0033,937371.999600001],[108585.7223,937564.9695],[108696.4348,937739.7897],[108884.9986,937738.504699999],[109071.8514,938043.0911],[109179.7135,937873.430500001],[109538.0002,936822.500299999],[109973.8496,936624.3025],[110000.8939,936581.7634],[109913.9,936223.0997],[110868.3975,935792.1019],[110939.0751,935821.5931],[111792.5035,935516.9197],[111835.4891,935448.783500001],[111830.618,935424.835899999],[111573.0039,935245.498299999],[111599.7439,934367.0383],[111488.1121,934379.3068],[109684.5998,934607.1],[109566.2962,933993.796599999],[109339.0292,934231.773600001],[109082.3,934570.800000001],[109012.4862,934573.7049],[108723.7001,934876.1],[108571.6038,934589.1962],[109137.92,934382.529999999],[109497.229,933523.2974],[109546.5002,933410.703299999],[109610.183,933392.3872],[110095.8063,932829.565099999],[110160.5001,932547.5001],[110222.5009,932716.478],[110930.4455,932648.2269],[111212.4997,932308.9363],[111319.6914,932180.034499999],[111231.1,932559.100299999],[111704.9991,932294.902899999],[112523.9964,932476.7772],[112352.2142,929443.2741],[112312.8005,929340.799900001],[112451.9027,928362.5985],[112954.5,926808.0001],[112910.4999,925771.500700001],[113926.2998,923866.300100001],[113523.3069,925775.595899999],[113521.0405,925794.297599999],[113654.4325,926017.6622],[113817.498,926145.0032],[113360.2108,927121.395099999],[113046.9703,929706.1207],[113051.9999,929758.4998],[113040.7728,929757.2599],[112953.0617,930481.013499999],[113063.4966,930842.998500001],[113143.1301,930784.498500001],[113143.5,930763],[113154.4003,930776.2194],[113502.5,930520.499700001],[113712.1107,930687.5945],[113719.5,930679.5],[113716.9973,930691.4899],[113820.5002,930773.9991],[113790.4155,930827.932499999],[113819.5,930848.5],[113673.6898,931037.188899999],[113627.5844,931119.843],[113395.7914,932230.3002],[113438.752,932422.7466],[113531.6806,932360.071900001],[113578.5005,932010.503900001],[114256.5262,931758.3178],[114332.5,931663.5],[114327.1956,931692.4981],[114342.5,931674],[114331.6381,931730.3806],[114476.5013,931676.4999],[114436.5383,932409.967700001],[114440.5,932406.5],[114675.0599,932965.1676],[115010.56,933195.51],[115009.3853,933255.980900001],[115159.4998,933328.0001],[115000.7398,933701.021199999],[115060.7661,933699.3051],[115311.5327,933535.081599999],[115266.5002,933465.5001],[115635.9969,933275.5022],[116058.6965,933668.299799999],[116018.851,933712.6845],[116482.72,934153.699999999],[116509.078,934116.454500001],[116881.2003,933610.5999],[117054.0324,933646.0403],[117323.6242,933610.313100001],[117846.322,933540.2906],[118520.4773,933294.3203],[118611.5445,933086.393999999],[118721.2655,932835.3926],[118758.0504,932832.8698],[119022,932299],[119029.3931,932299.344000001],[119073.8196,932304.044299999],[119052.9984,932091.501700001],[119132.7794,932309.7837],[119697.2497,932364.731000001],[119999.9759,932162.957],[120411.0001,931888.9998],[120983.2991,932438.1009],[121023.4654,932321.5878],[121689,929546.5],[121781.2589,930123.406099999],[121789.5002,930099.4999],[121699.4976,929501.502599999],[122037.5002,929584.4999],[121857.4974,930512.0033],[121915.8045,930466.5995],[122303.5,930000],[122307.4972,929999.7774],[122311.5,929995],[122533.9765,929985.2271],[122820.0006,929762.499399999],[122512.042,930774.410800001],[122406.1405,931226.7434],[123439.3748,931365.462400001],[123331.0459,931419.057600001],[123394.2565,931418.0549],[123236.0532,931464.5792],[122617.5024,931760.9958],[122457.7443,932037.6699],[122486.7,932098.199999999],[122173.3951,932530.1153],[121890.7003,933019.695499999],[121922.3036,932361.9037],[121823.2667,932323.3543],[121609.0976,932803.061799999],[121588.2962,932939.1985],[121469.685,932797.994899999],[121113.4596,932766.622400001],[121074.4969,932900.7995],[120863.0115,933006.7585],[120817.5,933057.5],[120803.744,933036.4529],[120597.7819,933139.6446],[120597.9487,933991.551200001],[120618.8196,934079.4057],[120673.1533,934276.3642],[120878.1168,934338.721100001],[120931.3579,934332.1899],[121412.209,934175.6183],[121636.1005,933589.5012],[121850.2017,933793.803300001],[121725.5001,934174.899800001],[121772.5993,933875.500499999],[121557.4001,934007.300100001],[121730.2871,934749.0922],[121715.888,934740.250800001],[121504.7992,934615.8994],[121343.9089,934897.3211],[121183.9009,935177.1994],[120931.4863,935159.648800001],[120597.6084,935503.15],[119999.9973,937399.436699999],[119984.5988,937448.297800001],[119810.5003,937676.9999],[119664.7101,937425.134],[119352.1477,937393.8813],[119312.7,937493.5],[119309.0594,937491.7903],[119305.8,937500],[119214.4142,937451.8596],[118872.1279,937930.744100001],[118735,938377.5],[118432.6359,938559.008300001],[118416.8195,938589.907099999],[118418.0024,938593.691199999],[118980.5,939003],[118002.036,939476.103499999],[117949.0714,939549.2884],[118019.8806,939738.572799999],[118155.8136,939999.964],[118205.496,940095.500399999],[117873.5902,941011.8979],[117878,941015],[117808.3867,941173.887],[117649.9997,941604.0009],[117766.4812,941622.965500001],[117872,941540.5],[118151.3142,941685.621099999],[118317.0022,941712.597100001],[118434.5014,941462.3993],[118604.9003,941943.4001],[119281.6995,941811.100299999],[119372.2,942311.4],[119560.4,942384.300000001],[119879.4003,942160.199899999],[120000.0027,942250.7678],[120373.2998,942531.1],[120000.0047,942491.102700001],[119456.8002,942432.9001],[119080.6,942196.4],[117560.5,942360],[117128.5,943000],[118231,943712.5],[118378.9968,943481.0009],[118695.5,944387],[119107.2657,944256.4714],[119137.2999,944248.100299999],[118673.5215,945137.107999999],[118818.4998,944975.0033],[118970.7891,945142.4409],[119473.9027,945151.466499999],[119617.0002,945024],[119631.353,945057.839],[119671.4911,945155.0112],[120735.9005,945174.1063],[120752.5026,945148.503599999],[120780.0544,945174.898399999],[121348.7183,945185.1],[121446.4989,945088.500299999],[121488.2439,945193.136499999],[122269.6251,945959.898399999],[122449.3657,945925.7294],[122435.5009,945918.0033],[122466.5023,945917.0035],[122466.3487,945922.5009],[122732.0001,945872.0001],[122555.5172,946240.441500001],[122829.6721,946509.467],[123054.4997,946520.0002],[123625.666,947290.5681],[123730.6363,947393.5745],[123733.9991,947385.5032],[123751.9981,947392.0013],[123739.1349,947401.914100001],[123764.4688,947426.774],[123851.5063,947412.5131],[123856.496,947404.4978],[123861.7961,947410.827099999],[124153.6988,947362.999399999],[124548.5221,948135.470000001],[124598.8554,948234.4603],[124633.1991,948200.819399999],[124782.0998,948038.4998],[124817.5104,948173.6724],[125290.4985,948033.811799999],[125344.9026,947659.9047],[125651.8995,947650.3989],[125665.0255,947778.1051],[125778.94,947774.863],[125764.7684,947893.5722],[125771.1,947891.699999999],[126189.2663,948507.221100001],[126750.801,948674.204399999],[126773.7937,948787.4235],[126820.2,948804.199999999],[126799.4453,948913.735200001],[126816.2405,948996.436799999],[126994.3608,949620.4878],[127563.6992,949528.800100001],[127627.0981,949609.1219],[128113.0246,949989.544600001],[128225.0853,949852.659],[128314.1037,949617.969699999],[128108.4001,948849.100299999],[128382.6965,948431.7038],[128215.7997,949009.6997],[128646.1999,948739.699999999],[128680.4926,948807.994899999],[129342.1963,949193.387],[129560.0786,949134.3398],[129605.9,949076.199999999],[129661.6548,949106.812100001],[129709.3,949093.9],[129753.705,949122.211999999],[129927.4003,949089.300100001],[130878.8063,949653.961200001],[130884.2,949654.1],[130885.982,949658.220000001],[130971.4973,949709.697899999],[131333.6098,950233.9297],[131754.5138,950378.921800001],[131938.5001,950374.5001],[132035.4352,950612.5283],[132167.6216,950804.009199999],[134181.5964,950841.403999999],[136052.0002,954291.4999],[137353.6033,954332.104800001],[137939.0014,954799.8006],[138022.0409,955075.3091],[138972.904,956016.5977],[139054.598,956067.7651],[139999.9821,956554.604],[140005.8,956557.6],[140160.5903,956760.4802],[140805.4971,957164.404100001],[140790.3288,957202.1094],[140809,957191.6],[140684.2882,957497.361099999],[141193.5008,958130.998600001],[142264.3875,958796.43],[143626.1655,959450.089199999],[144565.6948,959540.3059],[144893.6117,960000.0178],[144957.0136,960088.902000001],[145797.5907,960492.3826],[146109.9988,960541.4987],[147089.9975,961557.497099999],[147492.4972,962634.498299999],[148957.8006,962338.803099999],[148910.6972,962727.7016],[149434.296,962720.806399999],[149422.2481,962966.391100001],[149677.6842,963225.7456],[150014.6,963302.8003],[151232.7997,964654.5002],[150961.5001,965261.100199999],[151190.1009,965674.198999999],[150724.558,965760.078199999],[150679.6588,965889.848099999],[150837.602,966017.817199999],[150857.3249,966013.6176],[150971,965987.5],[151192.4241,966128.143200001],[151681.3668,966436.345799999],[152403.2578,966243.8892],[152505.0224,966152.169299999]]],[[[244879.1324,967693.8971],[244862.6095,967398.3422],[244650.0039,967340.729499999],[243928.5076,967211.8784],[244298.6974,967461.747199999],[244355.4998,967451.499500001],[244425.2102,967547.1402],[244544.4281,967627.609300001],[244638.4323,967539.7774],[244655.9993,967494.497199999],[244667.8235,967512.316099999],[244719,967464.4999],[244823.4098,967684.759299999],[244879.1324,967693.8971]]],[[[321521.4441,975876.767100001],[322058.6001,974000.100299999],[322215.9697,974021.8697],[323948.28,973581.92],[324051.6204,973643.194499999],[324045.3007,973521.4011],[325143.6989,973879.3336],[325265.98,973871.880000001],[325200.4929,974075.5755],[325203.9965,974153.700999999],[325476.4998,974022.9002],[325668.831,974259.931600001],[325722.494,974263.445],[325761.5157,974374.157400001],[325975.1983,974637.502499999],[326636.7985,974527.1041],[326642.0747,974550.6548],[326811.1898,974585.685900001],[326849.6035,974555.396],[326839.0255,974591.4486],[326933.2342,974610.952299999],[327871.368,974478.540200001],[328209.0987,974175.104900001],[328883.2997,974207.699899999],[329008.2063,974373.850500001],[329932.0994,974815.262800001],[330735.7998,974833.100099999],[331180.0001,975310.5002],[331671.9985,974248.903200001],[331754.24,974360.135500001],[332246.2992,973543.502699999],[332326.2036,973195.6949],[332598.2723,972886.722899999],[332625.6682,972913.893300001],[332664.7416,972849.0463],[332657.1239,972835.645300001],[332679.8137,972824.032299999],[332683.34,972818.18],[332689.7758,972819.114399999],[332898.0992,972727.5002],[333493.7607,972935.842599999],[334141.39,973029.869999999],[334332.0289,973229.0407],[334634.3999,973334.799900001],[335436.5,973246.4001],[336236.1019,973732.400699999],[338394.1999,973405.9003],[338636.2117,973563.5792],[339604.207,973449.768200001],[339718.5031,973383.4015],[339791.5114,973427.746099999],[340632.194,973328.9037],[340629.9632,973218.493899999],[340530.3212,972774.632200001],[339999.9764,972206.043],[339847.8022,972042.895199999],[339624.9998,970054.499299999],[339793.9103,969832.1581],[339849.6648,969742.6066],[339755.6975,969324.023399999],[339376.6997,968598.0999],[339428.4434,968444.2886],[339455.3895,968248.998600001],[337734.1001,967603.8002],[338452.9027,966415.396],[338405.255,966230.338300001],[337987.4,965288.199999999],[338040.9261,964815.330600001],[337959.4029,964498.704700001],[337162.5012,963694.095000001],[336879.8273,962977.635500001],[336048.9057,961903.8002],[334530.1002,960467.999299999],[334435.5243,960000.004699999],[334385.9495,959754.691],[334315,959663],[334334.0487,959497.867799999],[333963.4348,957663.9394],[334055.0036,957604.4981],[334471.1997,955658.699899999],[334826.4752,955229.055199999],[334829.4,955203.699999999],[334881.1033,955162.991800001],[335253.6999,954712.4],[335494.9982,954679.6457],[335701.51,954517.050000001],[336119.6516,954594.854],[336673.2984,954519.7009],[338708.2505,955009.9394],[338807.4336,954970.6675],[338886.755,954718.4605],[338933.3058,954348.527799999],[338926.4718,954206.8816],[338412.403,952913.6009],[338591.1452,952525.400900001],[338531.23,952491.73],[338754.2393,952171.186100001],[338836.6032,951992.3046],[338609.6002,951512.5009],[338059.4502,951371.3368],[338054.6375,951370.652799999],[338022.3003,951360.4],[338125.4998,950863.4987],[336943.2999,950802.0001],[337012.1031,950555.9957],[336675.2016,950667.9037],[337597,950022.6993],[337611.5628,949851.834899999],[337102.5104,949016.043099999],[336838.7012,948820.4026],[336914.5467,948803.6897],[336722.847,948406.132200001],[336610.2998,948281.9999],[336643.6306,948159.6951],[336622.5526,948079.981000001],[336612.25,948081.289999999],[336619.0549,948066.7531],[336510.3402,947655.6094],[336329.9984,947532.3004],[336403.1267,947250.143300001],[336127.4753,946207.6688],[336107.936,946182.0581],[335671.2,945641.5],[335687.9293,945631.542400001],[335621.9033,945545.0001],[335926.7974,945483.0978],[335627.6006,944893.9965],[335734.2968,944933.9091],[335789.7643,944930.494000001],[335751.603,944786.1733],[335165.803,943874.7982],[335222.0745,943836.110400001],[335353.6486,943647.090700001],[335069.7975,943305.801100001],[335219.6875,943139.417199999],[335278.8403,943055.2874],[334609.1834,942739.2849],[334610.4177,942735.999700001],[334646.5203,942695.065300001],[334757.1036,942558.7049],[334403.5451,942088.7202],[334086.9628,941749.0173],[333106.302,941382.1008],[331938.6036,940088.801899999],[331972.2439,939999.977700001],[332035.5985,939832.6953],[331103.8984,939200.0963],[330799.67,938741.4318],[330744.03,938693.300000001],[329684.478,937060.132099999],[329603.6654,936938.296399999],[328905.4327,936189.070499999],[328081.8836,935763.182499999],[324421.68,935081.09],[324115.8107,934309.997500001],[324031.2025,934140.604599999],[322065.5999,933793.1],[322082.9158,933734.489399999],[322069.54,933739.66],[322188.17,933360.809],[322086.7291,933318.950200001],[321592.0991,933326.197699999],[320776.5214,932941.776699999],[320588.1,932895.59],[320000.7511,932576.118899999],[319065.505,932135.292199999],[318824.7764,931809.279200001],[316503.5063,929498.9823],[316267.4998,929544.7994],[316439.3823,929435.1614],[316276.31,929272.859999999],[314482.2749,926366.728399999],[314080.7,925917.1985],[313900.1472,925423.748],[312687.5941,923459.5506],[312583.7023,923385.4025],[312119.9977,922545.8972],[311946.69,922622.789999999],[312097.8307,922504.9548],[311368.0847,921322.0963],[309142.0799,920000.024800001],[308908.0001,919860.9999],[308315.9924,919196.6669],[305457.7048,917213.2108],[305136.4991,917047.9991],[304349.4996,916049.403100001],[304330.5351,916035.5546],[304327.829,916033.578500001],[304253.8027,915979.522299999],[304141.24,915970.48],[304150.201,915903.869200001],[303179.4224,915194.977],[302962.6826,915124.6022],[302384.2001,915772.299699999],[302814.5998,915104.100299999],[302365.6001,914970.6998],[302262.9734,914821.585899999],[299066.9718,911829.5296],[298382.8454,911474.181],[298334.44,911494.970000001],[298334.6717,911449.158600001],[297792.8002,911167.699999999],[297132.9027,910124.4991],[296358.5008,910052.000299999],[296309.2927,909988.3375],[296086.0081,909696.0493],[295841.805,909608.852299999],[295070.2028,909789.494999999],[294511.9779,909475.1459],[294492.2491,909483.3891],[294382.9544,909402.4684],[293625,908975.4991],[293335.7069,908466.677100001],[292218.8284,907230.525599999],[291856.8998,907000.0999],[291313.2,904148.6998],[291071.1997,903846.6961],[290623.2001,904001.299699999],[290989.2026,903804.9981],[290903.9002,903417.200099999],[289495.5,902920.199999999],[289119.8369,902463.431500001],[288785.76,902186.49],[288692.6142,901999.589199999],[286722.0283,901148.8466],[285618.1002,900942.9002],[283717.6615,899999.9724],[282777.0999,899533.3003],[281447.6003,895689.5002],[280000.0013,895704.480599999],[279901.5,895705.4999],[280000.002,895782.248600001],[280424.4998,896112.9999],[280494.996,896735.001800001],[280571.4999,896522.000299999],[280964.1001,896928.5002],[281058.636,897246.8621],[280494.2002,897461.299799999],[280000.0243,897255.654300001],[278931.5,896811.000600001],[278512.9999,897998.5999],[278056.9998,897883.5],[277582.9989,898196.499700001],[276877.1998,897674.799900001],[276885.7055,897106.2005],[277596,896038.4002],[279470.003,895344],[279677.0035,894875.5041],[279999.9958,895041.222899999],[280785.9988,895444.5001],[280726.4999,895236.5002],[281045.6006,895382.999600001],[281376.5001,895001.8991],[281104.6029,895441.5021],[281564.5041,894759.397299999],[281670.3649,894166.3687],[281661.096,894139.713],[281711.0091,893938.681399999],[282030.5008,892148.899900001],[281499.0002,891965.9001],[281353.528,891541.011499999],[281072.8916,891013.125],[280751.6998,890812.9002],[280864.4993,889784.6006],[280477.6003,889278.899800001],[280723.7824,887500.6658],[280391.9877,887430.1895],[280332.7004,887737.0984],[280000.0246,887904.816400001],[279271.5012,888272.100299999],[277129.5022,888295.997500001],[275801.3999,887730.799900001],[274761.0007,886288.901000001],[274228.4001,887108.299699999],[272694.9999,887112.3003],[272657.9005,887540.3038],[272820.3035,887293.904300001],[273447.8012,887521.2996],[273167.2969,887829.900900001],[273568.7003,887951.9998],[273437.2993,888744.199899999],[272688.7999,887683.299900001],[271792.3003,887589.299799999],[271743.2467,887596.8454],[271115.6675,887947.9268],[271070.8996,888608.499],[270597.2517,888523.867900001],[269273.2587,889047.0452],[268894.5991,889238.997500001],[267596.6074,889477.095699999],[267454.5651,889078.049000001],[267322.8213,889058.4377],[266585.1606,888975.254699999],[265264.5001,888901.299900001],[265326.284,888260.975099999],[265010.8515,888058.3475],[264376.1123,888123.73],[263897.0134,888596.236],[263366.9998,889462.0001],[262091.2005,890036.500600001],[261107.8974,891087.6983],[260845.1998,891583.100199999],[260807.1001,891107.299799999],[260307.9035,891007.2009],[260031.8015,890535.5964],[260249.0009,890109.499399999],[262136.1894,888458.132099999],[262152.0025,888444.295],[262689.3001,888121.798599999],[263626.9037,888135.9033],[263455.0024,887601.1963],[263780.1003,887025.799699999],[264732.3265,887527.0286],[264743.9044,887524.102700001],[265240.3977,886812.8083],[266605.4368,887385.7106],[269114.6771,887866.6153],[270104.9985,887969.199899999],[270214.8985,886560.807700001],[270571.8011,887261.2037],[271252.4997,886228.199999999],[271613.1031,884736.997300001],[272406.2002,884700.599199999],[272450.841,884611.247099999],[272721.8999,884068.700099999],[274402.9976,884227.602299999],[273290.589,885802.400900001],[273335.7321,885811.898],[274646.3001,884694.699899999],[274778.8912,885319.954600001],[274838.337,885291.1196],[274937.4716,884791.462400001],[275441.1811,884998.702299999],[275461.8627,884988.670399999],[275264.2002,884592.399900001],[276593.9031,884059.800100001],[277710.7,882912.1997],[278427.0905,882479.8311],[280000.0077,883491.223099999],[283376.0012,885662.000399999],[283997.498,885691.0031],[284473.9998,885447.500299999],[284270.5003,885223.0001],[284534.0003,885428.0013],[285030.9998,885085.500800001],[285464.5005,884323.004699999],[286527.5001,884278.5001],[286169.5031,884770.497],[287636.4998,883272],[286851.699,884010.6041],[286976.0016,883692.495200001],[286707.6001,883891.2983],[285665.0039,882903.0012],[284694.5012,882803.9999],[284399.0003,882103.5002],[283712.4997,882491.999600001],[284246.4321,882006.2601],[284309.3014,881949.804],[284817,882081.9998],[284908,882462.998500001],[286028.1993,882461.3989],[286132.6967,882822.804099999],[286699.4999,883056.0001],[287521.7,882836.300000001],[289850.5008,883257.0002],[290326.0584,883831.362500001],[290556.0172,883938.557399999],[291534.3999,884337.3003],[292440.2807,886845.7881],[292519.2752,887033.649700001],[292601.7519,887112.2929],[294962.4031,887746.3519],[294488.4986,887135.999299999],[294529.0911,886791.049799999],[294523.4551,886540.1086],[293909.6283,884970.9498],[293619.4009,884402.4012],[290404.7423,880000.015699999],[288849.899,877870.700999999],[288489.8625,877535.375399999],[287898.6981,877151.5975],[287644.9834,876748.484099999],[286052.5001,875265.300000001],[286003.4668,874912.005999999],[285406.5812,873312.7684],[285006.7001,872518.5001],[282355.4999,868888.9999],[282310.122,868869.5153],[280001.2346,868869.395300001],[279418.818,868969.1173],[279201.064,869222.003],[278985.0238,869043.392000001],[278812.5172,869072.9288],[279074.2022,870461.7667],[279183.5006,870806.6996],[279473.9978,870915.203500001],[279447.8,871764.9998],[279999.9927,872324.730799999],[280533.0889,872865.104599999],[280476.5026,874286.8978],[280141.1015,873591.296599999],[279999.9854,873742.403899999],[279869.8998,873881.6998],[278687.9001,873736.9],[278022.5,872921.499299999],[277957.578,873069.9397],[277783.6996,872943.8013],[276649.5975,873280.896299999],[274514.8997,871820],[274111.7001,871085.399700001],[273005.9665,870231.8256],[270966.1937,868320.5438],[270423.6131,868392.8828],[270336.9983,868429.804099999],[270315.1431,868407.3445],[270191.0528,868423.888699999],[270133.1338,868333.431],[270129.3959,868663.3972],[268513.9988,869124.995100001],[266594.2028,868668.9959],[266340.2002,868224.4001],[266615.9938,867803.5867],[266117.4988,868268.600099999],[265242.1032,867752.5984],[265835.7968,867874.802999999],[265621.1997,867638.5001],[265100.5013,867679.499700001],[264198.7001,868218.6],[263613.1001,868014],[262848.001,867340.7958],[262838.7002,866525.6998],[262952.4,866264.9038],[263776.324,866182.3484],[263773.853,866175.201300001],[262952.7003,866238.600099999],[262562.8002,865291],[261392.0008,865254.299799999],[260940.5,864942.4999],[260533.099,864353.111500001],[258174.5732,861884.1097],[258000.0041,861843.599400001],[255982.0678,860113.9727],[255952.7018,860088.802300001],[255902.8281,860000.0078],[255450.0005,859193.7985],[256237.7003,858411.4],[255156.8075,857493.0002],[255052.4856,856928.9487],[255024.2646,856776.362199999],[254981.6026,856545.695900001],[254791.1187,856467.766799999],[254766.9419,856457.875800001],[254323.6002,856276.4998],[253892.4,855619.4002],[253911.2003,855246.800000001],[254089.3003,855810.9003],[254744.0693,856305.955700001],[255876.9998,856867.503799999],[256520.4031,857741.2037],[258587.0002,859195.4],[259218.9934,859999.9802],[259396.2969,860225.702500001],[259211.1583,860587.2481],[259229.3998,860605.691099999],[259603.8012,860397.602600001],[259999.9994,860892.874],[260981.386,862119.6657],[267612.3111,866895.2151],[268023.7,867058.3003],[268515.1036,866863.9023],[270951.6016,867174.703400001],[270757.7025,865769.295700001],[271144.0001,865172.996300001],[270906.5,865067.199899999],[275612.4003,865766.4],[277253.7965,866867.201400001],[278270.3988,867133.6997],[278631.0002,867824.8002],[279546.6001,867238.300000001],[279999.9995,867261.3325],[280447.0285,867284.0415],[281100.9066,867067.009400001],[281176.0236,866961.7925],[279459.7937,865001.992000001],[279302.4963,864934.5046],[278602.1493,864262.420399999],[277943.4003,863696.999700001],[276839.288,862009.5792],[275471.715,860447.9176],[275038.8513,859999.9772],[274501.1004,859443.496400001],[273789.2002,857531.200200001],[274046.7535,856930.852600001],[274118.0019,856716.497],[274156.4604,856675.129699999],[274269.9007,856410.704500001],[275020.8599,855715.6228],[274979.7667,855724.651699999],[273616.1995,856245.1009],[273119.8786,856222.6786],[272552.8007,856257.8983],[272384.185,856189.4421],[272095.5002,856176.4002],[270028.1,854988.700200001],[269972.9514,854176.4396],[269121.134,852727.2798],[266207.6006,853530.7992],[265315.7081,853266.3007],[265669.9001,853053.8003],[265445.6002,852728.800000001],[266522.2998,852938.4003],[266755.6002,852527.699899999],[267328.3,852382.100299999],[268302.3001,852526.200099999],[268726.2012,852055.3978],[267297.184,849624.273],[267221.7999,849604.4015],[266475.4992,848632.9004],[266202.301,847823.399800001],[263489.7967,848304.9638],[263458.3592,848302.4504],[262142.8125,848197.273],[260888.3941,848322.217],[259999.9756,848517.316],[259640.3012,848596.3014],[258511.9976,849381.4966],[257990.301,849355.3003],[257986.4991,848945.9],[257794.5,849398.100099999],[255269.2998,848599.396500001],[254728.0006,847525.299000001],[254137.7041,847813.795399999],[254353.5021,847644.9037],[254129.4149,847551.497199999],[254490.5009,847448.5999],[254425.3092,847321.2323],[254220.097,846920.301100001],[255476.397,847860.301999999],[256594.7991,847024.000800001],[257094.3006,845929.9046],[257101.5365,845924.7743],[257273.4495,845836.208799999],[256962.07,845580.619999999],[257315.7782,845814.070699999],[257461.278,845737.9736],[257452.59,845556.550000001],[257543.264,845736.458799999],[259999.9863,846149.1481],[260418.1991,846219.401000001],[261245.4992,845687.7039],[261658.6015,846040.1031],[262941.1975,845761.941099999],[262961.067,845771.1865],[264659.4364,846561.4497],[264581.4234,846628.8947],[264808.753,846724.8387],[265150.0963,846705.102700001],[265280.4741,846923.9277],[266006.998,847230.5558],[265887.7998,846739.6],[266184.5159,846357.5041],[266280.5024,846233.897600001],[266029.902,846938.8958],[266187.8032,847257.9045],[266502.7975,847069.7983],[267053.5016,847341.1007],[267640.3,846904.6],[267714.3011,847128.900699999],[268593.1019,846514.997099999],[268423.9001,846244.8003],[268820.5007,846428.401900001],[268993.5989,845844.799699999],[269979.4297,846430.1096],[270028.6,846459.303099999],[271363.2667,847758.2499],[271478.3,849619.699899999],[272620.6988,849175.895500001],[273542.9007,849291.102499999],[273867.0003,849772.6998],[273211.2019,849666.8049],[274220.1938,851369.070499999],[274248.2566,851397.976600001],[277315.9973,853295.5962],[278006.0017,854066.095699999],[278181.5968,854934.3971],[277663.9991,855928.299799999],[276944.2999,856573.600199999],[275974.6998,856713.9989],[277071.4998,857522],[279568.7999,857649.0002],[279402.3018,858248.6993],[279809.9427,858568.510399999],[280473.3868,858329.0199],[281427.1991,857752.2005],[280837.2359,858197.6774],[282360.6078,857647.7695],[284703.0031,856729.5033],[287140.9587,857049.8838],[288302.185,857147.026000001],[288307.9866,857151.272500001],[288327.717,857152.979],[288333.7088,857170.100099999],[288342.5964,857176.6054],[288352.6466,857177.5352],[288355.4108,857185.984999999],[288394.5323,857214.6204],[288875.3003,857277.799900001],[288558.1988,856348.4122],[288916.7001,857338.899700001],[290573.6999,857837.9012],[292093.4966,859205.004699999],[292578.4999,859188.5],[292536.4992,859548.5],[292951.545,860000.0229],[293649.2984,860759.0998],[293076.1078,860641.3489],[293259.0994,860775.2916],[294040.3893,861073.4419],[294093.1397,861134.521299999],[294825.3852,861434.561899999],[294861.6027,861449.4022],[296638.0006,862967.499],[296915.0011,863024.500399999],[297325.5,862923.5],[296818.9927,862955.9158],[295918.9988,862312.994999999],[295322.18,861541.1197],[295607.9385,861454.7722],[298472.5001,863106.0002],[298882.0002,863518.0001],[298700.5001,863874.5002],[299282.9875,864362.172900001],[296593.5898,863433.567399999],[297762.5002,864073.499700001],[299206.9048,864480.046499999],[300000.0073,864502.380799999],[302013.9001,864888.399900001],[302653.0041,864810.200200001],[303447.6999,863974.3989],[303002.1002,863072.4011],[303154.5017,862797.996200001],[302139.7,862749.200099999],[301808.9002,862291.0002],[302142.4001,862479.299799999],[302427.3038,862384.204600001],[302114.5014,862261.0002],[302760.6021,862210.304400001],[302340.4008,861475.2048],[303306.6003,862094.600299999],[303187.1006,861750.699200001],[304131.896,861763.3024],[305027.3013,861158.4002],[305755.6888,861824.706900001],[305443.9004,863000.1993],[303190.4,864816.599300001],[306648.5253,864641.480799999],[306730.245,864630.532],[306777.5883,864634.9451],[307655.2002,864590.5031],[308176.2369,864765.319800001],[308286.747,864775.620999999],[308332.8815,864794.764599999],[308401.3,864799.6],[308713.1779,864945.4728],[308735.8727,864953.087300001],[308886.03,864964.534],[308947.8409,865024.2063],[309657.0371,865262.1538],[309679.8257,865269.799799999],[309730.8036,865286.9037],[311066.5,867045.4998],[311320.2003,868718.200999999],[310835.4389,868880.937999999],[310804.1034,869168.685699999],[310849.9978,869251.5995],[313073.3999,869143.5998],[313408.1419,869295.543],[315857.0163,870179.395300001],[315959.7996,870116.9999],[317077.6236,870591.2389],[317764.5657,870844.7959],[319999.9922,871290.551899999],[320385.8961,871367.5032],[322460.6001,870832.4],[323108.2005,871280.7991],[323889.3003,871268.800100001],[323867.4297,870740.678400001],[323849.208,870300.6664],[323844.6002,870189.399800001],[323992.3209,870074.4],[325241.3961,869102.001700001],[323882.3997,870658.800000001],[326755.9973,868641.003599999],[329585.4399,867382.5155],[330000,867153.25],[330367.3212,867034.748],[332329.502,866162.0032],[332666.3369,866087.987600001],[333267.7,865827.199999999],[333920.2245,865812.4604],[334113.0003,865770.100099999],[334512.2001,865446.2991],[333674.6999,865653.799900001],[334073.8001,865526.0997],[334159.1968,864834.0089],[334391.8999,865374.0999],[334577.6003,865043.703400001],[334931.5002,865101.199999999],[334480.0998,865627.100199999],[338810.3997,864212.700300001],[339420.0319,864418.0517],[340000.0057,864489.625800001],[340003.9529,864490.1129],[340007.9,864490.6],[340215.3665,864685.955800001],[340482.6987,864776.0052],[340509.0973,864784.897399999],[341781.721,865628.373500001],[342104.2515,865765.5732],[342622.9255,865842.910399999],[342626.4,865843.6],[342646.7258,865862.611500001],[342879.7002,865885.5013],[343340.0987,866226.6993],[342897.3401,866097.021400001],[342908.9486,866107.8793],[344023.2443,866581.884],[344510.2033,866718.303300001],[344984.1483,867622.453400001],[345155.8837,867898.057700001],[345594.8697,867981.542300001],[346200.82,867899.24],[346372.881,868129.501399999],[346710.0748,868193.627499999],[346714.7,868173.32],[346944.6141,868238.2312],[347278.7364,868301.7733],[347348.796,868315.096899999],[347725.3965,868662.363],[347894.4717,868689.2245],[348284.2003,868489],[349358.8017,868848.6042],[349584.1922,868715.082599999],[349644.6377,868434.041099999],[349639.2997,867945.1],[350334.9001,867443.9999],[350961.2998,867265.4002],[351528.9571,867532.849300001],[352199.9524,867623.8628],[352320.0415,867542.101199999],[352520.6324,867759.7072],[352974.7979,868035.028100001],[353126.384,867870.621200001],[353112.82,867798.300000001],[353386.5347,867588.467599999],[353724.7009,867221.700099999],[354310.338,867325.5044],[355499.7688,866447.111],[355525.4997,866110.400800001],[355944.7009,866024.102700001],[357515.9571,867207.029999999],[357556.2222,867150.5833],[357963.6007,866462.1998],[358716.5997,866274.700200001],[358833.2069,866346.005000001],[358933.82,866324.93],[358980.1877,866354.471999999],[359271.98,866184.390000001],[359292.6883,866199.955800001],[359335.6967,866090.9036],[360000.0012,866679.765699999],[360302.6002,866947.9998],[360649.2999,866491.199899999],[360733.0717,866503.3682],[360757.4693,866508.3444],[360999.6634,866546.7314],[361435.7621,866285.2103],[361441.5008,866180.4989],[361552.2814,866195.217700001],[361634.1095,866148.9264],[361500.0001,865889.200300001],[361812.2997,866047.4999],[362038.304,865775.403899999],[362553.8181,865824.166999999],[363504.4426,865740.5242],[363569.7994,865632.4048],[363785.6804,865715.778899999],[365009.3791,865608.108999999],[365277.3012,865445.999199999],[365412.5372,865572.6362],[365418.29,865572.130000001],[365465.5135,865630.789799999],[365859.8981,866018.0045],[366259.4002,865166.200200001],[367073.3992,864669.2006],[367740.4957,864659.627699999],[367900.72,864611.98],[368056.6756,864655.090500001],[368957.0469,864642.1701],[369073.77,864288.33],[369146.0909,864278.729499999],[369421.3708,863456.751800001],[369437.1295,863409.696799999],[369445.0995,863385.898700001],[369450.0376,863544.7261],[369462.0007,863929.500700001],[369489.5184,863957.727499999],[369899.1883,864377.9541],[370332.65,864545.460000001],[370534.1228,864922.2961],[370767.9561,864934.2225],[370911.31,864805.439999999],[371598.7748,864956.4571],[371622.2014,864953.701400001],[371901.4007,864621.304300001],[372855.6619,864782.967599999],[373213.542,864586.4891],[373426.3989,864418.3024],[373941.4324,864680.8924],[376334.5266,864399.395],[376445.5009,864338.6],[378501.7999,865190.3003],[379223.3002,864466.9003],[379540.5991,864501.1998],[380000.0129,864831.3059],[380719.7999,865348.5001],[380678.1378,865667.2458],[380692.8278,866387.554199999],[382362.3961,867416.1043],[382538.8644,867330.4356],[382775.7394,867074.1479],[382715.9369,866823.0219],[382676,866689],[382679.7336,866687.8367],[382673.4003,866644.4],[383350.93,866451.818499999],[383883.9271,865875.1406],[383881.8002,865837.699999999],[384395.1001,865526.5002],[384524.3639,865574.889599999],[384535.82,865550.57],[384864.7666,865702.3182],[384969.7138,865741.604800001],[385957.129,865680.711999999],[386955.3981,865321.9037],[387474.6986,865542.1],[388652.0008,864621.904100001],[389645.1008,864873.6011],[390452.1864,866033.584000001],[390492.6375,866063.5831],[390809.2963,865752.9004],[393061.1002,867930.0997],[393171.0984,867892.405099999],[393504.7446,867666.9651],[393501.7001,867494.9998],[395361.8999,867866.5001],[396788.2755,867277.824100001],[396820.9799,867283.301999999],[396840.9027,867321.333900001],[397593.9009,866878.798900001],[398102.4249,867153.099199999],[398992.447,867421.215600001],[399389.7,867305.5997],[399908.4232,867613.3726],[400056.9576,867302.8137],[400011.7001,867357.700200001],[400129.1006,866983.298800001],[400000,866957.2753],[399877.602,866932.6028],[400000,866725.0031],[400037.4994,866661.4002],[400282.5839,866831.069499999],[400288.8256,866818.019300001],[400017.2002,866211.5997],[400361.4,865698.5999],[400895.7519,865549.0447],[400910.6,865518],[401131.5626,865483.045600001],[401514.0013,865376.008099999],[401883.09,865195.949999999],[402097.4414,865212.714],[402857.0999,865000.0997],[403670.6999,865627.9],[404043.5419,865433.934800001],[404907.3731,864896.873400001],[405072.3107,864434.280400001],[405046.329,864393.396],[405152.3951,864209.6712],[405376.768,863580.3828],[405382.9578,863563.022500001],[406141.5,862820.199999999],[406248.9777,862563.407099999],[406203.36,862392.059],[406617.9113,861681.9263],[406922.1998,860954.9],[406748.1,860993.699999999],[406644.901,861000.0999],[406621.9002,860489.5999],[406946.1001,860582.5001],[406807.3,860960.9],[407741.2477,860000.016100001],[408196.7038,859501.6997],[410647.7008,858030.0001],[410804.4023,857523.695900001],[410621.271,856801.522399999],[410475.803,856561.062999999],[410473.1611,856217.4551],[410363.8027,855786.203299999],[410464.9369,855147.823999999],[410462.177,854788.880000001],[410574.4858,854456.328600001],[410741.5007,853402.095699999],[410546.604,853493.1997],[410492.3007,853103.4013],[410791.0041,853315.9004],[411078.0734,852900.9331],[411134.9,852716],[411174.9938,852678.196799999],[411192.012,852627.805],[411391.3196,852448.1263],[411819.9002,851828.600199999],[411868.471,851374.314099999],[411798,851143.4],[411915.1873,850937.373600001],[411937.196,850731.524599999],[411902.2761,850261.8687],[411663.2001,849000.0998],[412244.3033,847481.000600001],[411990.3257,847467.5372],[412841.3034,847332.403200001],[413382.5756,846883.695499999],[414086.6045,846033.3663],[414103.1028,845874.000600001],[413774.7754,845268.8901],[413789.7282,845331.3803],[413879.87,845602.74],[413865.3928,845602.3467],[413867.052,845608.1448],[413867.9507,845626.039899999],[413375.7977,845604.5977],[413422.5824,845674.4038],[413584.9618,845805.683499999],[412979.1523,845914.861199999],[412942.1,845946.699999999],[412930.1774,845923.6874],[412917.9,845925.9],[412895.6679,845879.798800001],[412719.07,845933.4495],[412680.1732,845780.4387],[412643.8012,845798.302300001],[412613.4676,845516.393300001],[412474.8011,844967.4999],[412558.5166,845005.6998],[412554.6,844969.300000001],[412885.8566,845033.256100001],[412948.095,844918.490499999],[413117.5765,844604.269400001],[412678.5236,844054.212200001],[412325.3027,843844.4016],[412434.1386,843748.039999999],[412417.6,843727.32],[412455.0804,843686.4737],[412432.5,843668.5],[412564.4281,843567.3062],[413361.5185,842698.6347],[413274.349,841621.964299999],[412243.4755,840540.8441],[412036.7997,840393.9998],[412062.3813,840306.4005],[411514.3886,838916.219000001],[411003.1324,838390.126800001],[410930.2999,838349.899900001],[410971.14,838212.089400001],[411084.2438,837825.0013],[410842.1884,837210.940300001],[410395.5002,836860.300100001],[410086.2997,836225.3016],[410300.8355,836256.655400001],[410452.9023,836276.018100001],[410358.0278,836219.0429],[410372.3034,836234.300000001],[410308.7999,836207.397700001],[410326.0633,836199.847200001],[410198.3214,836123.134099999],[409414.6156,835681.804099999],[409168.9133,836221.1982],[409248.7993,835949.7007],[408544.0023,835305.3959],[408236.8001,834451.299799999],[408473.8228,833759.081700001],[408445.8,833549.800000001],[408581.0286,833445.9901],[408605.262,833375.217],[408599.6626,833305.076199999],[408209.0998,833191.700300001],[407595.0098,832317.7432],[407356.5587,832037.6393],[406624.0315,831445.8879],[406501.3004,831462.7995],[405502.9008,830605.900900001],[405212.8001,830223.9001],[405226.5557,830200.3046],[402174.5209,826374.8881],[401969.7,826298.4001],[400821.1008,824385.9003],[400562.1977,824582.995100001],[400942.5,825256.1998],[400153.2008,827596.101399999],[400665.6991,828719.400699999],[400304.2001,829231.6011],[400230.9997,829024.4002],[400000,829109.7401],[399774.1018,829193.1954],[399063.1,830083.698899999],[396928.1017,830340.593699999],[399017.6999,829937.801100001],[399590.1001,828782.9003],[400000,828628.459899999],[400385.8029,828483.0987],[400000,828262.691299999],[399617.2003,828043.999700001],[399708.7012,827254.3007],[399545.1035,827471.9981],[399230.6039,827162.5967],[399927.9003,827152.0999],[400000,827045.1789],[400180.303,826777.796800001],[400109.6002,825947.5046],[400443.7999,825696.200200001],[400000,825166.7215],[399929.4005,825082.4923],[400000,825135.9197],[400421.9002,825455.199999999],[400393.6027,824620.4044],[400695.1004,823824.601],[400000,822415.581],[398808.3565,820000.031400001],[398748.246,819878.1829],[398737.3462,819853.5415],[397452.7001,816949.300100001],[396432.7829,813521.084799999],[396425.4692,813496.501599999],[396415.7995,813463.999],[395453.7002,809643.0997],[394042.5971,809678.601399999],[394075.0438,809648.9048],[394165.0088,809566.565099999],[394200.945,809533.674799999],[394295.5933,809447.048699999],[394396.5988,809354.6042],[394596.3612,809370.9208],[394964.8062,809401.0155],[395093.4129,809411.520099999],[395272.7304,809426.1668],[395288.951,809427.491699999],[395338.0512,809431.5022],[395449.9999,809409.087300001],[395335.4968,807914.296499999],[395355.1071,807802.7271],[395654.6001,806098.799900001],[395934.1486,805798.875499999],[395713.301,805661.2008],[395524.9022,805992.7963],[394425.2999,806114.400699999],[395316.8997,805813.5001],[394584.0999,805733.9001],[395534.3006,805601.3991],[394664.7045,805514.300000001],[394656.0149,805501.165899999],[394543.3002,805330.8003],[395792.4001,805433.299900001],[396727.2961,805733.6007],[396735.096,806003.003599999],[396889.2999,805500.0001],[397287.3,805394.899],[396585.6003,804932.0999],[396625.2785,804458.853],[396627.1022,804437.1018],[397155.6023,804157.401900001],[395868.1345,801416.806399999],[395673,801417.199999999],[395256.7142,800300.317500001],[395169.3,800231.75],[395100.8663,800000.024599999],[394933.2767,799432.544399999],[394815.7437,799193.675100001],[394266.5998,798103.0999],[394514.8,797445.5031],[393676.6987,796944.8971],[393695.4268,796685.3893],[393692.1985,796685.400699999],[393695.6896,796681.747199999],[393718.5462,796365.0316],[393636.3272,796254.803400001],[393363.303,796233.8002],[393365.1624,795899.4153],[393076.9138,795616.801200001],[392624.4,795240.5001],[392701.2814,795001.218499999],[392094.0137,794187.0748],[392051.8015,794153.995100001],[392046.1624,794122.9222],[391642.9883,793582.4001],[391402.3011,793554.5952],[391283.195,793100.0372],[390482.791,792026.962099999],[390304.8998,791892.799900001],[390306.9705,791634.943299999],[390156.8577,790935.216499999],[389899.3001,790895.999700001],[389695.2932,789687.709100001],[389694.3973,789682.402799999],[389026.2029,788325.2038],[389134.8008,788059.205399999],[389140.234,787782.473999999],[389261.7072,787748.362500001],[389309.1632,787632.124399999],[389201.4319,787589.437799999],[388703.5984,787513.995999999],[387382.3035,786289.5976],[387548.6003,785687.299900001],[387908.1533,785506.6237],[387891.1984,785457.623],[387726.501,785286.4036],[387830.9996,785289.413699999],[387820.92,785272.293],[388103.7487,785298.807600001],[388165.7839,785169.6413],[387909.0999,784725.700200001],[388464.9951,784411.7751],[388464.7912,784408.827299999],[388103.7,784479.299799999],[387901.1999,784159.199999999],[388252.1978,783886.204399999],[387971.8997,783738.9001],[388037.7063,783569.518300001],[388107.8343,783077.2918],[388067.98,783068.630000001],[388108.2175,783025.405300001],[387795.5039,782458.903000001],[388090.2345,782177.261],[388054.8955,781986.7071],[387860.2029,781277.801100001],[387891.2386,781104.240700001],[387887.47,781083.92],[388021.8928,780373.583699999],[388088.691,780000.0286],[388134.5985,779743.3003],[387706.9025,779560.502599999],[387712.4501,779544.2458],[387712.5584,779538.1284],[387718.8405,779183.235099999],[386980.3931,778211.373500001],[386912.2998,778159.500299999],[386937.512,778113.828],[386747.8997,777276.7755],[386737.5999,777262.499700001],[386742.6026,777253.3912],[386343.1503,775489.991],[386144.6273,775117.659499999],[385452.6587,774418.2853],[385307.5003,774349.5001],[385132.1835,774094.3804],[383708.7789,772655.7424],[383349.9989,772711.800100001],[383558.5,772523.9],[383552.1599,772497.4473],[383367.39,772310.699999999],[383367.1571,772305.501599999],[383362.66,772303.98],[383332.2639,771579.9781],[383178.9,770940.0999],[382861.0811,770714.4559],[382671.6503,770707.164799999],[382685.1003,770767.4001],[382407.9001,770697.299799999],[380788.5003,767821.9999],[380000.0073,767336.654300001],[378193.1998,766224.499700001],[377134.6,765129.0997],[377124.1027,764732.3971],[376466.7994,765002.1996],[375580.0991,764763.499500001],[374000.0989,762597.7995],[374122.9962,763000.096000001],[373812.4003,762588.800100001],[373425.4998,762763.800100001],[373594.9032,762550.2018],[373337.0708,762415.009500001],[373708.4795,762394.8104],[373701.8987,762393.5173],[372889.2992,762320.297599999],[373184.4037,762247.9955],[373617.4043,762141.9081],[373944.3553,762461.6971],[374018.755,762534.4671],[374138.0002,762651.100199999],[374104.4821,762549.4352],[374088.9622,762502.361199999],[373263.9641,760000.026799999],[372257.7027,756947.895400001],[370957.4978,757368.095100001],[371185.3999,758139.1],[370836.0961,759039.0998],[368524.8003,759210.0989],[367723.0998,757660.800000001],[367486.6992,757909.5],[367655.3015,758344.5956],[367116.2,758768.899800001],[367562.2995,758172.700200001],[367306.7,757964.0002],[366758.0992,758442.6987],[366404.4659,758395.917199999],[366786.6017,758387.203400001],[367506.3003,757571.1],[367509.6055,757107.903899999],[368493.8983,756434.9023],[370691.3967,756545.800799999],[370652.3986,756974.797499999],[370951.1998,757153.9999],[371646.6035,756709.103800001],[373058.0494,756743.8332],[373094.067,756377.0984],[372995.5038,756245.0966],[373076.538,755952.8961],[373016.515,755852.892000001],[373164.1353,755309.5396],[372582.1001,754718.5001],[372651.812,754517.894300001],[372647.3199,754513.209000001],[372592.0002,754646.6998],[372533.7451,754428.6742],[372510.2673,754412.859200001],[371837.9685,753970.972999999],[371508.0035,753868.396400001],[371401.7005,753327.2007],[371330.5156,753335.389799999],[371258.4496,753390.2575],[371101.75,753513.880000001],[370614.8708,753417.7173],[370476.8013,753433.6008],[370467.7587,753378.000299999],[370115.8706,752877.3533],[369463.3498,752427.4245],[369444.9001,752414.703],[369128.0012,751254.6951],[368740.7998,751182.9002],[369054.8997,750878.001499999],[369123.3002,749223.699999999],[369300.5227,748892.738700001],[369312.615,748800.556],[369349.6418,748801.009199999],[369379.0963,748746.0032],[370389.8057,748655.797700001],[370603.3932,747973.5463],[370606.3886,747957.949999999],[370539.2157,747790.796800001],[370277.5029,747679.5984],[369155.8036,745324.002699999],[368301.9038,744675.598300001],[368119.4687,743510.1932],[368012.294,743327.338199999],[367074.5,742801.700300001],[367062.5969,741783.6961],[366915.076,741658.365],[365824.1095,741155.6547],[365203.1997,741093.699899999],[364473.9721,740533.520199999],[364247.9482,740429.3698],[364242.4493,740437.372],[364236.35,740645.25],[364187.3309,740517.581800001],[364139.698,740586.898700001],[363986.8455,740309.055400001],[363653.6017,740155.4988],[363271.5976,740130.912599999],[363205.9687,740126.6886],[363181.3004,740125.1009],[362989.66,740000.0263],[362044.3999,739383.0999],[361306.226,738065.187000001],[361297.8698,738049.021199999],[361292.4337,738038.5046],[360973.4998,737421.499700001],[359999.9948,736775.908600001],[359194.5995,736241.8014],[358850.6721,735771.151699999],[356806.5722,734399.353599999],[356013.4007,733928.299699999],[355628.298,731935.3947],[354956.8948,730668.4827],[353154.5855,731141.651900001],[351516.6002,732090.0009],[351369.9269,732125.148700001],[350655.7002,732296.301100001],[348435.0003,731643.898600001],[348370.6321,731602.125399999],[346477.301,730373.400599999],[345372.299,731074.600299999],[344068.345,731025.472200001],[342958.2233,730812.800000001],[341387.65,730650.25],[341234.134,730580.9296],[341193.9,730578.5],[341205.0768,730567.808800001],[338256.9244,729236.5659],[336108.601,729240.996400001],[335270.3999,730078.3967],[335263.9594,730069.5602],[335210.3427,729995.9967],[334832.8007,729477.999299999],[333188.2999,729232.7993],[332267.1001,727925.100099999],[330621.3015,727113.399499999],[326392.9013,722010.396199999],[325834.1995,722009.496400001],[325429.5001,721263.6998],[324212.2999,720723.899800001],[324190.2992,720226.3968],[323923.2999,720338],[324061.3963,720570.797499999],[323297.2015,720384.600400001],[323901.7963,720336.7952],[322632.6005,720328.798699999],[322087.0152,720000.033600001],[321105.6993,719408.7004],[320000.0017,719224.2224],[319590.5001,719155.899900001],[318663.2908,720000.024499999],[317378.6008,721169.596799999],[315782.7989,721916.600199999],[314625.4001,722330.3002],[312858.7992,721687.8993],[312938.7735,721637.0441],[312951.9081,721628.6919],[313010.866,721591.200999999],[313015.9788,721587.9498],[313033.198,721577.0002],[314726.3002,722166.600299999],[317003.0967,720759.0045],[316853.8,721075.299799999],[317160.6008,720976.301100001],[317874.1876,719999.976399999],[318277.4031,719448.2996],[319680.3003,718682.5],[319370.0969,718231.6971],[319895.4,718448.399800001],[320000.0129,718435.959899999],[321170.3935,718296.786],[321244.5996,718307.659299999],[321325.8153,718319.559599999],[321709.1182,718375.724099999],[322465.2832,718392.219000001],[322947.8503,718557.232799999],[324318.699,718758.100199999],[324128.7003,718892.300000001],[326228.3001,719702.5998],[326554.9523,720000.020199999],[326759.9173,720186.643100001],[331366.8681,722760.931299999],[332479.6002,722938.9989],[334322.4789,723886.530200001],[335491.699,724550.7992],[335758.5163,724989.2607],[336285.5464,725368.363500001],[339027.2999,725829.800000001],[340000.0129,726610.116800001],[340032.7064,726636.343699999],[341251.9714,727311.714199999],[341756.5004,727525.9987],[342249.3995,728503.957900001],[342771.9054,728901.202099999],[343312.0999,729204.700300001],[343506.8398,729209.9848],[345973.2299,728988.415899999],[346492.801,728530.300100001],[346733.411,727886.8105],[347374.3966,727718.800899999],[349706.9995,728384.500700001],[350376.0032,728180.9999],[350537.0003,726661.499700001],[349948.0002,722681.0001],[349190.9991,721154.500499999],[347451.5362,720000.001399999],[347387.4998,719957.4998],[347320.545,720000.001399999],[346974.6012,720219.5998],[346697.9765,720000.0044],[346441.9997,719796.800100001],[345568.8003,719893.0998],[345435.166,719595.6097],[345253.9981,719192.3028],[345649.2001,719240.8002],[346408.1998,718958.800000001],[346715.2003,719427.5002],[347011.5989,718889.1998],[348262.3999,718164.4001],[348938.2998,718420.700099999],[349394.9986,719721.5002],[349885.0009,719164.000600001],[350267.3012,717198.103399999],[351364.48,716807.980900001],[351656.9888,716510.7027],[352028.602,715868.404300001],[352602.2561,715845.7445],[353868.4182,715558.7655],[353889.8998,715514.895500001],[353965.6725,715493.519200001],[355460.9001,715071.700300001],[355647.542,715155.522500001],[356312.8267,715004.733999999],[356431.2002,714904.4999],[356610.2776,714937.316],[357985.3006,714625.6635],[358100.1006,714527.9991],[358000.0038,714199.0011],[358514.3979,714444.002],[359250.7,714188.600099999],[359612.1041,713118.3015],[360000.0003,712647.8872],[361079.7002,711338.5001],[362152.7002,710616.9],[362995.1991,710623.800000001],[363152.8,710165.500299999],[363848.5002,709783.500299999],[363634.8593,709380.6721],[361969.3428,707779.300799999],[361832.14,707785.48],[361594.5146,707591.7984],[361081.4003,707386.6997],[361149.8693,706991.3882],[359703.9723,705601.177999999],[358362,704785.199899999],[357126.9475,703383.715700001],[356850.484,703272.6894],[356835.8629,703283.1085],[356701.12,703442.710000001],[356793.7,703313.153999999],[356436.5023,703567.6953],[356277.148,703042.4408],[354769.8683,702437.125600001],[354000.0001,702258.8993],[351604.0998,701195.899900001],[350399.4998,700328.199899999],[350163.6645,700000.037900001],[349733.2348,699401.100199999],[349665.7414,699439.313200001],[349710.8,699662.300000001],[349420.437,699578.1982],[349222.0519,699690.5186],[349273,699973.499700001],[348464.7991,699887.499399999],[348178.9352,699482.0406],[347722.8371,699535.6401],[347198.604,699926.6976],[346139.5549,699722.911599999],[346184.6866,700000.000800001],[346266.7966,700479.099400001],[345684.763,700416.637],[345576.7434,700583.2618],[345951.3991,700934.399700001],[345738.6998,700750.400699999],[345193.1001,701590.6],[344319.7546,702070.785399999],[344215.9461,702103.3686],[342743.3001,702565.600299999],[341655.4002,702466.1008],[341588.2027,702724.796599999],[341593.4002,702499.200200001],[339999.9972,701929.6074],[339788.1986,701853.8959],[338269.5985,700422.295700001],[337504.3861,700659.2897],[337467.0048,700672.842499999],[337354.5039,700705.704600001],[337118.7034,700491.263699999],[337387.5988,700687.1998],[337440.6001,700658.510399999],[338242.4002,700224.4998],[338114.1095,700000.0352],[337800.3004,699451.3994],[337610.893,699268.1964],[337702.2407,699590.1918],[337724.4947,699668.273700001],[337196.2975,698867.182],[336505.6928,698199.1997],[335472.7135,697640.399900001],[335131.6002,697709.100099999],[334056.7997,696692.799799999],[332721.8006,694641.1006],[332012.3986,694676.399700001],[331556.833,694244.391799999],[331547.2521,694232.8541],[330987.4744,693558.7437],[328646.1211,692215.2223],[328632.3021,692282.896],[328640.9818,692212.2732],[328544.8084,692157.0868],[328528.45,692147.699999999],[328506.6869,691908.7973],[328347.1121,691687.566299999],[328316.8325,691645.587300001],[327916.4979,690199.997300001],[327916.9918,690184.8167],[327917.0918,690181.7448],[327949.6147,689182.167300001],[327939.8,689116.699999999],[327952.8417,689082.9857],[327972.4998,688478.8002],[327012.2003,686777.200099999],[326973.3003,686151.1997],[324337.3996,686336.0989],[323787.9997,686000.100099999],[323949.5682,685581.274],[323890.7586,685556.604900001],[323825.65,685583.210000001],[323526.0899,685434.943700001],[322486.0027,685796.3651],[322201.3011,686055.2993],[321196.8821,685878.287],[321190.8546,685877.2247],[320117.6998,685557.5999],[320133.641,685207.9769],[319914.5225,685009.1874],[319445.2,685212.4],[319177.7769,684671.2104],[318938.4955,684467.889699999],[318452.3003,684185.800100001],[318621.7004,683836.308900001],[318100.4724,683363.4386],[317808.9054,683161.4191],[317686.9047,683210.534600001],[317633.2,683582.596000001],[316953.9003,683769.4],[316231.3005,683549.5955],[316474.1011,683056.6965],[316149.2003,682798.1963],[314832.2914,682532.863399999],[314420.5037,682675.795600001],[313448.8987,682169.9001],[313135.3,682685.3002],[312665.7002,682136.799799999],[313579.2024,681935.497500001],[313364.6989,680094.6044],[313072.6001,680548],[312984.8604,680430.804300001],[312366.7763,680993.8423],[312344.4655,681034.037699999],[312263.1035,681238.622099999],[312254.4025,681260.500700001],[310099.6996,682274.599300001],[309918.6025,681978.4958],[310148.3005,681864.799000001],[309773.6038,681879.103599999],[310156.4,681494.299900001],[309598.7998,681685.3002],[308926.5969,682199.6019],[309158.5978,682623.3004],[308907.7999,682892.799900001],[307939.4001,682907.9],[307735.9997,683317.0988],[307038.7998,683490.9989],[306343.2364,683386.161900001],[306295.1009,683401.792300001],[305815.0002,684082.6997],[305297.8997,684251.0998],[304790.651,683890.3113],[304676.9061,683927.246099999],[304689.4,684051.100199999],[304276.0962,684057.395500001],[303517.3963,684303.7576],[303300.3446,684553.2665],[303298.5303,684555.7838],[302173.9996,686116.000299999],[301103.7987,686360.700200001],[301287.7003,685375.500299999],[300839.7998,684813.299699999],[300085.4125,684832.308499999],[299999.9747,684868.8485],[299933.4577,684897.296399999],[299356.1,685970.999199999],[297161.9996,685622.5012],[297050.3571,685554.2173],[297026.71,685562.93],[297045.0286,685550.9582],[296284.453,685085.7677],[295517.0895,685083.914799999],[295140.5999,685161.4998],[294622.9556,685518.819499999],[292273.4785,687957.878],[291841.2967,688502.6976],[291861.2351,688559.1856],[291957.7978,688832.7596],[291926.1722,688781.513499999],[291879.1999,688705.399700001],[291322.0868,688875.710200001],[290915.2032,689000.0953],[289833.6143,690051.1997],[289605.2379,690336.4122],[290202.077,690969.7963],[289617.0018,690422.1982],[288327.6965,692144.095699999],[287345.3999,692470.6998],[286827.6975,692343.2984],[286532.0572,691532.6698],[286272.3021,691571.3992],[286081.199,691885.899700001],[286338.5758,692333.2553],[286424.0439,692481.8104],[286525.6975,692658.4981],[285988.8001,693234.200099999],[284956.5992,693615.4003],[285395.5991,694000.8004],[284618.4009,693448.600500001],[284581.4664,692848.934800001],[284170.6,692129.9],[283773.36,692365.35],[283942.0264,692580.0352],[284272.4998,692847.4998],[284225.3003,693380.400599999],[283922.6003,693654.5998],[283470.77,693511.83],[283071.5511,694394.440300001],[283001.6034,694559.5386],[282997.2979,694569.700999999],[282949.8519,694563.883300001],[282850.781,694551.7356],[282767.3011,694541.499600001],[283201.0002,693809.4988],[283146.9303,693500.1379],[283489.93,693372.66],[283996.9496,693521.219900001],[284001.8381,693516.607000001],[284048.8399,693381.830600001],[284184.26,692982.550000001],[283999.1783,692781.6656],[283744.5,692657.57],[283621.9025,692331.1018],[283787.8,692040.9],[284074.8015,691907.2084],[284773.2003,692399.401799999],[284787.71,693297.41],[284991.7376,693234.554],[285679.7003,693040.600099999],[285707.3776,692131.5831],[285716.2899,691838.8709],[285728.7999,691427.9998],[285292.0998,691456.700200001],[286679.4628,691056.710200001],[286763.6886,691032.427100001],[286871.2975,691001.4024],[287695.4374,691691.7706],[287934.8,691917.4],[288406.0991,691142.300799999],[289985.3003,688503.0987],[291584.1992,687506.9027],[291583.5002,687148.6],[291701.7985,687501.7042],[292033.9959,687214.317399999],[292177.8621,687011.820499999],[292349.0561,685970.619999999],[292240.35,685893.4],[292353.8431,685941.5054],[292477.8001,685187.6],[292124.1847,685025.955399999],[292176.1659,685035.2754],[292496.7002,685064.399800001],[292391.4998,683507.9001],[293105.3003,682860.0999],[291163.0985,682322.149499999],[290747.0039,682206.899800001],[293853.8003,682810.3002],[294481.8002,683804.100199999],[295248.501,683851.399499999],[295398.1996,683268.8958],[294553.2001,682522.4001],[295376.9026,683205.503900001],[295566.3,682763.6],[295117.8998,682413.9999],[295897.0998,681572.4001],[295730.351,681154.319499999],[295822.6238,681186.0495],[296584.1002,681447.899700001],[298352.1988,681317.204500001],[298345.7009,681780.300799999],[299386.3002,681513.6997],[299862.7013,682001.1996],[299999.9987,682010.803400001],[300518.9002,682047.1],[305020.8998,680045.4999],[305597.9997,680307.103599999],[305559.3639,680000.015699999],[305532.1764,679813.972899999],[305533.2777,679796.6362],[305862.8113,679593.8784],[306249.1001,679356.199899999],[307986.2971,679294.803400001],[308260.1981,679534.604699999],[311151.3373,678800.880899999],[311184.6231,678792.433499999],[311702.0993,678744.200099999],[311787.9516,678888.847200001],[311894.7214,678868.4991],[311848.3002,678652.600299999],[312322.8035,678775.202099999],[312411.4669,678735.999],[312418.5,678721.92],[312456.9359,678715.8945],[313404.0992,678297.0997],[314213.9992,678468.6998],[314652.718,678972.2699],[315397.1005,679429.5798],[315783.1002,679562.5998],[316897.3036,678546.297599999],[317328.5051,677715.806299999],[318715.0997,677249.1],[318732.8024,676576.1019],[319108.3981,677367.904899999],[319494.101,676998.9001],[319999.9784,676987.847999999],[321274.5992,676960.0009],[321826.2498,677307.3891],[322082.6527,677378.9714],[323112.9003,677433.600199999],[323457.2177,677762.720799999],[323774.4496,677851.2853],[323627.8987,677758.7568],[323884.3992,677685.0042],[323774.8998,677180.100099999],[324040.9989,677038.6997],[323944.8002,677883.9],[324080.9038,677067.101],[325067.1038,676992.802300001],[325502.7975,677098.5021],[325541.0293,677339.758300001],[325833.435,677672.683],[326430.8002,677880.5998],[326348.1003,678231.899900001],[327892.7999,677153.7996],[329236.5744,675572.499600001],[329240.1853,675568.250399999],[330198.1225,674571.371300001],[330262.4045,674504.509299999],[331746.899,673438.800000001],[332714.0594,673185.087400001],[332793.3039,673164.2994],[332829.2275,673153.4123],[333475.9998,672957.4],[333372.9998,673134.800000001],[334552.7992,673392.902799999],[334347.0001,672709.700099999],[334973.8997,673898.3991],[335878.5244,673841.060799999],[336345.9,673661.25],[336794.5357,673783.000700001],[336809.5536,673782.048800001],[336900.4,673759.1],[336924.3055,673774.7754],[336927.6962,673774.5605],[337004.3032,673769.7049],[338633.9998,674529.5999],[339144.4985,675230.6106],[340194.5026,675919.124199999],[340452.0992,676004.5952],[342588.7998,675997.600099999],[344065.895,677120.392200001],[344110.103,677153.996200001],[343970.1009,677635.199200001],[344662.6002,678024.899800001],[344906.0977,678708.3013],[344573.0025,680000.0085],[344558.0984,680057.805],[345602.1997,680464.500299999],[345903.8998,680124.200200001],[346579.3998,680115.499700001],[347586.2997,680555.9999],[347665.7999,680827.799799999],[347488.6001,680565.9],[346803.6997,680702.900699999],[346237.6998,681472.299799999],[346144.1006,683083.9991],[347867.1002,683467.9002],[348244.1875,684443.0844],[348373.8315,684634.092800001],[348807.5002,684772.4002],[349467.9999,685905.4001],[349866.9997,685728.000499999],[351268.6959,686145.4024],[352949.6,685375.402799999],[353645.877,685637.2293],[354224.6136,685669.399599999],[355177.5997,685356.799799999],[355439.9602,685736.9572],[355447.1089,685737.354599999],[355635.9,685364.5002],[356286.6988,685173.5999],[357826.0013,685655.8026],[358376.5998,685187.8002],[359038.8214,685325.309],[359459.213,685141.1439],[359698.0008,684748.0013],[359999.9916,684694.082],[360925.7003,684528.8003],[361450.8998,684075.0998],[362081.3009,682693.700200001],[361900.5186,682480.504899999],[361842.5993,682412.200999999],[362135.5002,682525.100199999],[363388.4007,681189.400599999],[363806.1305,681321.4903],[363268.1002,680567.399800001],[363528.9693,680000.016000001],[363753.3007,679512.1007],[363442.9604,680000.016899999],[363213.8024,680360.2984],[363131.443,680000.02],[362956.9028,679236.5001],[362543.5545,679332.6807],[362763.6997,679084.4998],[362555.0033,679075.489800001],[362749.9011,678466.200200001],[363941.3,678859.800000001],[363854.8997,678494.104800001],[364095.1003,679274.700300001],[364543.4,679496.699999999],[364112.8005,679908.4001],[364178.4574,680000.009500001],[364246.3974,680094.804400001],[364360.8614,680000.0077],[365565.2031,679002.596999999],[365319.5012,678783.600099999],[365736.9999,678723.4998],[365598.5998,678299.399900001],[366175.5013,678560.803300001],[366280.7003,679270.0001],[368163.4033,679397.8039],[368423.8998,678600.799900001],[369627.0012,678156.3002],[370156.72,678180.892000001],[370820.7759,677724.1527],[371084.6036,677284.6986],[372319.9035,677305.8027],[372724.4998,676399.399800001],[373417.3037,675807.426899999],[373953.2006,675797.904300001],[373728.9007,675592.4035],[373916.6004,675365.4991],[374484.4832,675377.403000001],[374503.83,675378.060000001],[374573.8997,675505.4298],[375147.0796,674934.5385],[375530.7034,673787.4998],[376043,673170.300000001],[377193.3035,672607.197699999],[377296.1835,672559.7598],[377309.4519,672553.641799999],[377987.0633,672241.195599999],[378018.8817,672216.967800001],[378035.7007,671788.201199999],[378823.5138,671604.288699999],[379056.715,671426.720000001],[379007.2988,671186.7041],[379452.5991,670847.7008],[379999.9698,670890.0649],[380221.2108,670907.187999999],[382495.6105,670463.641899999],[382617.4991,670264.3992],[383903.596,670110.802300001],[386122.5983,671127.300799999],[386139.7141,671121.3423],[387363.9594,670435.3552],[387556.6057,670167.8627],[387610.8997,670017.799900001],[389150.5998,669250.799699999],[389630.0102,669165.6084],[389645.73,669156.800000001],[389770.046,669140.723999999],[390561.4,669000.100199999],[390732.5926,669265.1523],[390741.3984,669275.9583],[391023.0694,669306.5911],[391027.95,669278.609999999],[391413.0258,669343.6701],[391477.4019,669332.805],[391511.4154,669271.707800001],[391679.5977,667786.8698],[391647.7036,667720.196599999],[391691.1743,667684.6634],[391800.2538,666721.6295],[391684.4012,666517.9005],[391879.5644,666414.195900001],[391845.69,666311.5],[392178.71,666237.2941],[392237.901,665619.3991],[392801.4188,665407.9812],[393395.1131,665027.080800001],[393615.197,664726.702500001],[393753.6428,664861.582],[394240.1557,664997.380999999],[394410.3862,664887.6368],[394421.861,664811.6182],[394430.8681,664733.7882],[394415.88,664543.66],[394451.2129,664557.988600001],[394454.71,664527.77],[394463.4266,664531.131100001],[394527.2014,664098.303300001],[394588.3051,664579.283199999],[394691.698,664619.150599999],[395032.5468,664486.542199999],[395296.0295,664316.6801],[395429.0724,663314.251399999],[395391.95,662763.449999999],[395415.1779,662721.171],[395413.04,662703.689999999],[395540.2936,662476.2415],[395729.0006,661054.4046],[395939.6014,660892.3585],[396800.7657,659528.4268],[397080.6002,658537.0002],[397346.7834,658227.631200001],[397365.15,658170.01],[397490.3065,658060.822699999],[397932.4469,657546.949100001],[394698.7967,655530.9957],[394724.9006,652080.203500001],[393343.8034,651842.601500001],[392712.5038,649493.8038],[391038.72,649552.07],[390640.5035,647759.3003],[388998.9407,647266.2502],[389589.7034,645856.395],[386347.2012,642512.202299999],[386356.0976,641215.9033],[384470.6995,639874.397299999],[385346.1024,638635.1021],[380853.3026,639320.595899999],[378943.7959,637708.6973],[379676.7984,637002.2995],[380665.8017,637299.4044],[380191.2984,636364.702],[381875.3027,634500.3956],[381891.0013,631888.6032],[384939.3982,629130.2028],[385645.497,623996.202400001],[387293.5034,621767.700300001],[387371.8974,620178.895099999],[389634.0041,619406.5962],[388206.0008,618712.8048],[387771.7993,616763.602700001],[385461.5992,614972.0955],[383607.3014,615480.0001],[380262.9975,612584.099099999],[378846.9,612748.602],[378252.0023,611761.604499999],[379187.8003,609745.8015],[378155.9968,608840.400699999],[378704.4006,608184.398499999],[376070.4993,606192.298699999],[374780.5,606090],[373788.7034,607290.704299999],[369956.4979,606849.8005],[367084.8009,603343.1043],[364622.0011,602784.1043],[363691.8016,600458.0001],[361400.598,598959.799000001],[360273.2014,596629.596000001],[358992.6032,596399.002],[361224.7968,594942.099099999],[360028.6034,594692.000600001],[359931.996,592345.3024],[357677.7963,592130.603800001],[356180.3708,588517.2903],[355291.17,586766.6],[350069.02,583329.59],[347472.9996,582972.495300001],[347321.0019,581474.304199999],[345325.9032,579663.3026],[343536.2962,578178.797499999],[342836.6039,576311.202099999],[340043.004,575366.102600001],[340285.5984,574300.797599999],[338852.7965,573174.799900001],[332959.4989,573650.103800001],[332791.1017,573038.298900001],[334533.2996,571810.600400001],[332981.002,568818.2969],[333306.5994,567607.103599999],[332515.0638,566279.417199999],[332500.3974,566284.702099999],[332433.2996,566859.3989],[332697.6973,566976.002],[332411.1098,566859.545299999],[332360.8006,566839.1019],[332428.0788,566456.9723],[332439.138,566357.1479],[331300.9001,565755.199999999],[330869.9002,566206.1],[331223.3034,565711.496200001],[330313.9818,565291.6982],[330225.9973,565085.195499999],[329182.8988,565424.7995],[328563.9684,565042.2184],[328526.6092,565044.224099999],[328494.9625,564999.5636],[326706.4033,563893.9965],[326233.2019,563920.6982],[326126.6373,564005.404999999],[325556.4992,564458.600299999],[322842.7008,565274.900699999],[322988,565519.699200001],[320902.9001,564774.5998],[320647.7015,564417.796499999],[320200.2001,564965.600099999],[319999.986,564919.078299999],[318939.1524,564672.582599999],[319174.5987,564335.600099999],[318845.0014,564167.8981],[314926.9998,565793.600299999],[314350.6998,565198.9998],[312355.0003,564861.900800001],[309938.9997,565331.2951],[309863.6975,565748.895500001],[309289.9979,565900.302200001],[309191.4044,566084.701300001],[308976.1414,566487.306700001],[308475.7982,567423.0963],[307448.6441,567291.98],[307187.6699,567258.6666],[307000.6989,567234.799699999],[306947.3573,567094.254000001],[306941.0236,567077.5658],[306889.8439,566942.716399999],[306863.1961,566872.503900001],[306900.8511,566879.2151],[306926.6385,566883.8112],[308121.1039,567096.6997],[307687.9001,566279.899800001],[307320.6995,566263.298900001],[307512.6019,566132.3957],[307199.7005,565592.500600001],[306296.4966,564974.0973],[306038.6035,565196.100299999],[306127.0029,564865.998199999],[305598.7002,564569.5999],[305365.2001,564811],[305538.3977,564580.0998],[304912.9011,564453.996200001],[304539.3004,564748.1009],[304646.2971,564487.5966],[304000,564432.901000001],[303986.6025,564767.0974],[303340.0993,564665.795700001],[303429.2024,564422.7951],[302623.5033,564483.9976],[302343.097,564695.097200001],[302543.3027,564833.0976],[302145.0005,564657.399],[300888.0993,565400.6952],[300235.0003,566000.1],[300476.5959,566171.3038],[300235.0988,566158.7992],[299999.9802,566725.146299999],[299461.8001,568021.4998],[299355.0348,568877.1621],[299354.0291,568902.645500001],[299352.086,568917.380899999],[299313.5994,569209.243100001],[299303.8436,569287.430500001],[299303.2745,569291.991900001],[299200.8959,570112.496400001],[298499.7001,571433.200200001],[298211.0012,571630.800799999],[298687.1001,570893.4003],[297584.0972,572142.0955],[297523.496,573667.9987],[297159.5027,574239.4395],[297140.9076,574268.6324],[297154.1763,574284.3912],[297632.1003,574776.4004],[297702.3973,574963.797800001],[297413.6965,575517.7992],[297300.5491,575627.200099999],[297234.4867,575692.9529],[297633.7998,574914.8007],[297307.8002,574660.6998],[297091.6032,574331.4988],[297102.739,574158.612500001],[297137.4259,574096.6087],[297140.1343,574091.7674],[297161.6953,574053.226399999],[297377.2039,573667.9987],[297422.2377,572740.4077],[297426.2079,572714.8717],[297427.8459,572704.336100001],[297448.301,572315.096000001],[296782.0011,572639.903000001],[297459.9004,572238.9987],[297736.1031,571673.1997],[297572.1997,571296.6987],[297743.4989,571661.1032],[298268.5032,571150.2994],[298115.5994,571008.5],[298370.5029,571037.8016],[298281.7028,570630.397399999],[298412.199,570835.1006],[298601.4998,570591.0002],[298356.0003,570337.5012],[298673.8011,570564.9001],[298868.0008,570166.2004],[298609.0991,570212.7983],[298939.883,570076.5285],[298960.0997,570068.199999999],[299044.7128,569833.249500001],[299249.8978,569263.499500001],[298710.0999,569230.9998],[298322.4999,568244.000600001],[299218.9032,566092.2972],[298668.298,565715.0952],[298523.9062,565783.443700001],[298924.1493,564618.029999999],[299070.5999,564191.600099999],[299047.3665,564124.420299999],[298351.6001,562112.5998],[298220.7999,560208.699899999],[298349.2614,560000.006999999],[298391.8002,559930.9002],[298408.3434,560000.0046],[298504.1002,560400.000299999],[299164.7898,559999.976],[299312.9002,559910.300100001],[299887.9001,558061.9999],[299033.3999,556460.800100001],[297779.6041,555520.6033],[297751.9,554275.100299999],[296949.5,554159.301999999],[296758.4002,554537.799900001],[294433.7995,555089.796599999],[291771.7,555165.499700001],[291700.036,555649.137599999],[291383.499,555880.700300001],[291649.7979,555962.0568],[291472.8999,556132.598999999],[289968.4,555243.800100001],[289268.1106,555346.395300001],[289100.0064,554911.3989],[289343.7028,554836.7991],[288435.4021,554098.9005],[288257.9024,553520.096000001],[287355.1847,552970.6601],[287298.14,552975.300000001],[286832.5745,552739.0824],[286827.7284,552742.001700001],[285333.6247,552408.583000001],[285282.3149,552399.213],[284965.111,553657.7654],[284428.9567,554028.911599999],[283810.6413,554457.319800001],[283453.4971,555767.502699999],[283522.651,556297.6349],[283603.8912,556920.4212],[283045.0999,556499.1998],[282332.7166,556925.4922],[282268.6999,556963.800000001],[282395.948,556812.5338],[282398.2315,556809.8192],[282825.5037,556301.8993],[282973.512,556267.378],[283169.0135,556221.7795],[283351.9999,556179.1],[283105.7998,555538.398800001],[283471.2997,554590.0002],[283121.8972,555141.102],[282718.2997,554892.9998],[283070.4003,554061.600099999],[282878.9002,553381.300100001],[283496.3998,552931.000299999],[283642.4818,552369.027100001],[283967.7003,552429.9999],[284050.8008,551553.0997],[283659.6,551395.199999999],[283044.3029,551764.1986],[282230.301,553153.5009],[282170.4255,553803.7673],[281810.1001,553994.5998],[281310.5003,553637.300000001],[281001.4984,553854.3003],[281053.4786,553782.4355],[281055.6494,553779.4343],[281975.5039,552507.695800001],[281566.2026,552785.5962],[281493.9017,552553.9025],[282251.3008,551674.100199999],[281658.5968,551739.095799999],[281131.4995,552246.399800001],[280425.8028,551704.8992],[281850.3015,550361.0002],[282141.8999,549574.399900001],[282680.2006,549587.400900001],[282733.6625,549477.7138],[282165.8573,548438.444399999],[282105.9294,548377.279300001],[282059.2292,548370.783500001],[280767.8998,548406.399800001],[280119.5984,548071.895500001],[279999.9791,547335.321799999],[279996.5004,547313.9013],[279773.2469,547130.4323],[279399.8589,546932.6458],[277678.5992,546349.6997],[277179.9,545841.700099999],[275330.1,545459.4998],[274787.1002,544799.899700001],[274163.7001,544582.600199999],[273947.9735,544044.739600001],[272701.6489,543384.5518],[272500.7981,543334.1207],[272396.0476,543335.705],[271064.2001,544028.5998],[270786.2367,543687.368100001],[270348.4299,543665.665200001],[269594.1,543916.9],[268518.3014,543586.799799999],[268118.4297,544004.645400001],[267300.998,545269.890799999],[267361.3,546079.700099999],[268645.8998,548647.600299999],[268067.3002,549791.600199999],[267195.799,548494.199899999],[266873.1993,548503.1011],[266956.5974,548947.2049],[267767.6971,549981.4989],[267682.6,551156.4014],[268472.0974,551220.1043],[268970.8003,552124.600299999],[268571.3011,552915.0995],[269488.3996,553515.398800001],[268667.7002,553543.200099999],[268651.1966,554355.196900001],[268414.3,554264.199999999],[268418.6034,552421.2005],[268762.8018,552089.295499999],[268392.9036,551350.697000001],[267899.6001,551642.199899999],[267608.9999,551393.3003],[266360.1003,549109.298800001],[265707.5037,548616.1997],[265696.1885,545976.537],[265576,545527.699999999],[265578.3806,544962.1512],[264631.0037,544645.6962],[265581.3409,544258.910700001],[265582.3296,544024.0231],[265319.3887,543231.8817],[264718.1799,543428.991699999],[264402.698,543565.295499999],[264281.8998,544555.2992],[263702.6425,544593.4252],[263540.0275,544852.990900001],[263817.001,545505.100199999],[263624.8012,545730.8956],[262525.9448,544430.6467],[262513.9553,544434.568600001],[261197.7026,544960.396199999],[260953.401,545864.298699999],[260733.8751,545771.7105],[259672.4939,547724.773399999],[259957.7001,548151.298900001],[259664.5008,547944.8006],[259308.9982,548314.1961],[259119.6339,548179.412599999],[258779.8147,548323.5211],[258688.8468,548384.7656],[258533.3,548623.199999999],[258338.8152,548620.425799999],[258131.8007,548759.7992],[258294.5003,549546.5997],[257508.4995,550094.896400001],[257734.9998,550583.399800001],[257429.1985,550520.204700001],[258000.0003,551367.399800001],[257227.6974,551696.398],[257608.5998,552185.799900001],[257354.8003,552730.200200001],[259793.9974,555771.4015],[259580.5001,555967.6],[259933.1995,555983.3003],[259897.8086,556671.8321],[259875.1041,556035.196],[259525.0012,556020.2006],[258714.1002,554768.199999999],[257115.0039,554431.0952],[256891.2995,553410.0986],[255293.7029,552300.495100001],[255121.72,551514.5009],[253707.223,551971.4245],[253588.2001,552066.299799999],[252734.9928,552293.1676],[252718.4385,552290.830499999],[251541.7183,552670.9453],[248455.7027,554601.296499999],[247775.0002,556214.6998],[247181.9987,556263.7004],[247325.4003,557343.3002],[246726.4003,558568.300000001],[246879.8872,558537.169600001],[246590.101,558658.795],[246260.4964,559069.297499999],[246558.9999,559085.3025],[246204.6001,559261.799799999],[246527.3942,559910.001800001],[246515.7779,560000.030300001],[246411.9003,560805.100299999],[245259.9999,561055.499700001],[244957.4964,561463.102299999],[245095.2825,562424.6087],[244656.1972,562661.499399999],[243434.0003,562508.399800001],[243091.1,563059.0999],[243630.3961,563086.6976],[243558.796,563806.001700001],[242818.0005,564060.1998],[242797.7789,563952.422800001],[242968.9024,563706.701300001],[243468.1003,563805.5009],[243545.6003,563138.300000001],[242935.7003,563199.0954],[242749.7,562806.799000001],[243428.7021,562224.813200001],[244746.9,562445.9999],[244870.9,561103.9],[245933.4986,560639.5988],[245303.5999,560792.700300001],[245460.7008,560446.703299999],[246076.2028,560616.4047],[246310.7987,560390.5998],[246150.9949,560000.0449],[245804.8997,559154.200099999],[245897.2025,558655.096100001],[245858.4008,558600.400800001],[246417.6997,558078.4999],[245525.3002,557510.3003],[245392.103,557746.296800001],[245410.4997,557452.9],[244837.2999,557359.9968],[244486.7033,556864.599099999],[244491,556388.4002],[244228.1999,556398.899900001],[244571.8012,556257.0011],[244196.6006,555907.1028],[244616.0025,556015.1018],[244307.9014,555804.7008],[244731.7001,555704.4001],[244108.0006,555235.0953],[244578.8008,555370.496300001],[243817.6995,554651.701099999],[243876.6376,554564.1471],[244635.601,554817.3046],[245141.2002,550793.600299999],[245476.3001,550388.201400001],[247410.8968,549827.0031],[247902.9,549284.600099999],[248795.3007,549040.999500001],[249594.5012,547427.9999],[249213.2006,546490.799000001],[248778.699,546512.4999],[248236.3999,547102.199899999],[247760.2989,546800.5998],[247862.21,546199.4],[247751.5,546152.26],[247797.2064,546112.9605],[247882.23,546192.74],[248180.9,546289.060000001],[248234.2605,545737.170700001],[248296.0041,545081.101600001],[247626.3,544790.0002],[247573.2999,544480.800000001],[248459.3136,543980.261700001],[248085.2296,541726.4834],[247731.0031,541105.999500001],[247847.6522,540878.332800001],[247839.255,540244.537900001],[247738.1,539635.1],[247767.3224,539513.030300001],[247655.503,539000.102299999],[247947.6998,538368.303099999],[248437.9528,538360.0327],[248680.5911,537917.9681],[248710.4742,537434.324100001],[248181.8197,536657.809900001],[247897.7017,536535.697699999],[248058.3166,536094.004699999],[248039.1026,536056.3936],[247645.2,536510.6],[247666.2878,535600.840399999],[247660.302,535455.3212],[245753.4034,534008.336999999],[243627.8996,534955.709799999],[241819.5004,536217.800000001],[240000.0085,536790.1402],[239708.3003,536881.9],[238490.9341,537776.5482],[237388.4353,538972.9925],[237133.7999,539326.1998],[236432.3997,539423.300100001],[236328.6202,540000.0426],[236229.4986,540550.8991],[234540.1998,541159.4999],[233750.6,543356.800000001],[233755.2896,543690.9805],[233861.23,543643.24],[233756.7188,543792.8246],[233762.6994,544218.999199999],[232819.4967,545551.197000001],[231253.3983,546240.9998],[228320.5998,548321.299799999],[226062.9992,551056.999500001],[223414.6021,551799.4988],[222839.1459,551600.2708],[222243.2171,551733.895300001],[221941.8817,551897.9509],[221334.6399,552451.671399999],[220836.701,553747.1006],[220200.2,554109.798599999],[220000.0243,554752.659],[219679.1003,555783.300000001],[219267.2959,556108.1951],[218985.5,555918.600199999],[219269.3994,556089.9005],[219222.8001,555593.800100001],[218212.7028,555778.1987],[216829.1001,556577.600099999],[216636.7471,556348.6689],[217095.4999,555787.4999],[217056.4991,555320.5002],[213399.7437,553438.145400001],[211314.3036,552405.599400001],[209779.3003,549480.5013],[210478.3993,548588.898700001],[211103.0035,546385.1983],[210966.4981,545000.104800001],[211328.833,544799.5965],[211473.4388,544520.407],[211686.2014,543328.203400001],[212299.7996,542600.201199999],[212063.9993,541953.598300001],[212366.8937,541715.1676],[212429.5762,541499.884299999],[212316.1993,541032.9003],[212643.325,539999.9816],[212898.4414,539194.4365],[212934.6042,538897.766000001],[212858.2038,537893.698999999],[213255.9003,537651.899800001],[213488.2006,536846.6997],[214075.9002,536834.701099999],[214312.8999,536123.600299999],[215276.5003,535656.799699999],[214241.6005,534283.601299999],[214062.8998,532535.4001],[214414.2035,530921.3048],[215970.7196,530640.3058],[215965.783,530629.0799],[214562.3279,530255.0713],[214542.4967,530254.8956],[214523.105,530269.983100001],[213996.7364,530918.793400001],[214030.9989,531000.1006],[213865.6863,530965.969000001],[213020.8975,531129.911499999],[212400.7021,531510.0964],[211608.0371,531513.505000001],[210265.8936,532896.079500001],[209580.5002,533653.098999999],[209501.1183,533683.893100001],[209468.3,533717.699999999],[209108.3578,533836.2541],[208879.599,533924.994999999],[208861.2115,534045.9881],[208742.4598,534913.858899999],[209070.1001,535291.700300001],[208610.8981,535875.3486],[208491.2867,536749.502],[208502.1979,536797.1029],[210145.1004,537881.601199999],[210007.4927,538017.804300001],[209005.6128,539869.3935],[209000.0017,539883.3994],[209122.4409,539999.9608],[209708.1998,540557.600099999],[209664.1003,541079.6985],[207432.5991,541884.796499999],[207875.8001,543534.9],[206989.6981,544034.817199999],[206766.3499,544171.7206],[206714.9794,544540.3762],[206669.9733,544921.513499999],[206702.504,544944.171499999],[207079.2982,545000.104800001],[207143.5013,545536.1008],[207058.5991,546125.100299999],[206438.2509,546883.8726],[206410.2309,547121.1625],[206493.2984,547324.8992],[206303.6316,547281.0594],[205476.3139,547783.7565],[205194.7995,548153.0013],[204502.6012,548387.1952],[204713.6997,549169.400599999],[204493.31,549384.410399999],[203880.8235,550289.782199999],[203863.4003,550387.099099999],[203756.3862,550436.610300001],[202006.3078,552076.9243],[201981,552142.4],[201889.0149,552186.8606],[201783.9048,552285.3783],[201671.1977,552509.5952],[201488.1859,552562.549799999],[200057.0177,553903.955499999],[200000.0146,554014.826300001],[199953.6018,554105.0989],[199842.0778,554188.8018],[199815.1,554237.6],[199808.9005,554221.681399999],[199387.3128,554531.6567],[199280.2986,554631.959000001],[199204.9992,554939.6567],[199247.7001,555208.4998],[199026.0938,555154.878900001],[198692.2984,555234.161499999],[198532.2002,555849.0002],[198379.5288,555898.7192],[198075.7298,556718.77],[198298.7001,557457.4998],[197136.4571,559999.9595],[195942.4963,562611.8035],[195953.0705,563276.465500001],[196415.9387,567535.632200001],[196683.7012,568211.500399999],[196659.7208,568595.1185],[196682.5,568666.699999999],[196653.5846,568693.280099999],[196640.5998,568901.0009],[196567.3849,568929.192299999],[196681.4548,569978.8266],[197260.7995,570983.8983],[197204.4221,571149.428099999],[197624.3669,572011.234999999],[198166.6447,572721.0623],[198891.1029,572658.0481],[199435.1999,572553.5],[199999.9733,572919.9932],[200644.2552,573338.0812],[200798.4149,573431.148499999],[201529.5502,573610.991],[202065.2781,573571.1483],[202401.0062,572684.8498],[202648.6001,571676.4002],[202836.0846,571536.273499999],[203537.8519,569683.657400001],[203513.1031,569549.997500001],[204168.7003,567961.3015],[203239.1033,567560.4969],[203348.9237,567199.148],[203393.1389,564494.8705],[203390.5,564468.9011],[203954.7987,563073.600400001],[205500.8998,561321.200099999],[205640.7963,561272.599199999],[205827.5,561041.699999999],[205969.1801,561080.1545],[206011.3,561032.300000001],[206022.1887,561094.5419],[206095.8107,561114.5242],[206317.7996,561037.403899999],[206231.8186,561223.768999999],[206306.9811,561257.615499999],[206396.53,561152.470000001],[206399.6884,561154.424799999],[206606.9,560918.8002],[208039.5,561694.500299999],[208432.2962,562657.3005],[208354.7427,563137.269099999],[208367.05,563153.57],[208323.7119,563329.3149],[208168.5003,564289.899900001],[208042.2838,564470.5634],[208027.22,564531.65],[207848.7,564747.654899999],[207809.0282,564804.440099999],[207542.3298,565593.4496],[207591.3999,566315.300000001],[206846.8003,568145.899800001],[206634.8481,568278.173699999],[205679.3639,571104.9102],[205663.3048,571245.0131],[205662.6888,571250.387499999],[205570.1592,571410.6927],[205164.929,572501.4692],[205180.8971,572770.396500001],[205050.3194,572809.9691],[204648.0329,573892.8221],[204565.2735,574838.435699999],[204630.9904,575135.278899999],[205124.5002,576244.9005],[205111.7796,577044.663899999],[205234.1321,577456.552999999],[207763.17,581268.140000001],[208278.9443,583166.467599999],[208560.6001,583387.098999999],[209074.7009,585164.6983],[209089.2033,586148.6579],[209320.7211,587000.768200001],[210084.0359,587807.1417],[212554.6127,589448.927100001],[212722.4984,589472.3048],[214837.0003,593209.5002],[215546.7285,593931.301000001],[217012.8337,595313.648600001],[217312.7002,595225.600299999],[217848.2961,595689.2952],[218286.2999,596839.100199999],[217971.799,598322.3015],[218375.1715,598213.6447],[218255.2971,598285.302100001],[218355.3053,598968.5909],[218879.53,599851.73],[218910.111,599999.951099999],[218984.8464,600362.181],[219650.6775,601763.65],[219797.99,601900.49],[219816.117,602111.874],[219975.0014,602446.3006],[219999.9857,604344.4954],[220015.8986,605553.500700001],[220000.023,605594.4176],[219839.3566,606008.509400001],[219843.45,606038.970000001],[219798.8802,606112.8309],[219456.6014,606994.999600001],[219511.436,607060.2289],[220346.6991,607775.1413],[221705.3999,608411.199999999],[221744.5266,608591.4158],[221762.3,608600],[221759.7361,608661.4703],[221845.8971,609058.324100001],[223272.6516,610279.501499999],[224162.1998,610768.499],[224516.1599,611664.4958],[224717.0998,615347.698999999],[225460.0999,615978.600099999],[225800.501,617036.204700001],[226134.4669,617312.6303],[227130.2366,617998.022700001],[227883.5992,618122.503699999],[228448.5008,618794.600099999],[229663.5009,618624.299799999],[230345.5329,619006.7859],[230705.9994,619316.0012],[232334.1018,619554.104],[232574.9978,619105.102499999],[232401,619524.299900001],[232524.3187,619999.9561],[233100.1989,622221.2009],[232849.7973,622709.6007],[234235.8397,621574.230699999],[234253.2088,621560.9714],[234308.6967,621518.612500001],[234291.64,621578.084100001],[234281.5962,621613.1],[234271.9047,621625.9255],[233893.1041,622127.221100001],[233883.5961,622139.8038],[233212.6997,622639.9],[233389.9999,622907.100199999],[232967.5002,622812.3003],[233744.8977,623149.2049],[233819.1978,623442.9078],[233849.89,623462.380000001],[234141.7281,624625.717700001],[234571.3003,625700.000800001],[234005.4993,628034.4965],[234381.6001,627597.1998],[234334.098,627949.0009],[234148.7573,628093.009299999],[232904.9999,629059.399800001],[232000.0001,630804.398700001],[231357.8003,630647.399800001],[231093.0614,630880.386700001],[230974.1515,630995.2707],[230675.151,631320.2871],[230708.8098,631468.592],[230990.748,631550.0973],[231258.4008,631097.899800001],[231489.5001,631121.6],[231064.6861,631571.471999999],[231106.4522,631583.5461],[231560.9997,631209.1998],[232333.5988,631468.803400001],[232363.8869,631947.0569],[232395.03,631956.060000001],[232376.2047,632141.556299999],[232476.6592,633727.742799999],[232484.923,633858.229499999],[232506.227,633855.335999999],[232485.2929,633864.069700001],[232489.7025,633933.697799999],[232474.1565,633979.302300001],[231778.0961,636021.200300001],[230277.9002,637800.9005],[231337.3998,638445.8003],[231004.0997,639401.4015],[231218.0002,639812.0002],[231379.2393,639750.8223],[231635.0364,639653.766799999],[231308.0038,639854.1064],[231215.0111,639911.0736],[230916.7008,639380.8993],[231176.4,638520.300100001],[231069.5801,638697.1291],[230847.8998,638325.9003],[230825.3995,639038.796499999],[229862.3299,639971.2656],[229851.9878,639999.988600001],[229844.724,640020.1622],[229356.3086,641376.626599999],[229334.1021,641438.299900001],[230057.461,641794.4529],[230063.1427,641797.250299999],[230311.6754,641919.617900001],[230161.2973,641933.797800001],[230081.3504,641907.1382],[230078.0222,641906.0284],[229421.8011,641687.200300001],[229205.3002,641261.0001],[229553.3957,640000.0035],[229620.5037,639756.901000001],[230573.799,638331.3991],[230200.2,638002.8003],[227864.7999,639887.700300001],[227649.3891,639999.9922],[227637.7087,640006.0811],[227024.3765,640556.1362],[227028.1988,640578.3958],[226575.9,640959.7969],[225174.9976,641246.4046],[225141.3303,641227.288699999],[224500.0982,640863.204299999],[224554.8998,641117.299900001],[224143.3818,641009.660800001],[224110.1558,641046.066],[223946.1055,641911.516100001],[223822.2325,641903.885199999],[222486.499,641821.600099999],[222455.3901,641871.4187],[222554.1058,642109.0699],[222708.0941,642045.8784],[222834.8645,642276.5853],[222642.0615,642320.817299999],[222693.25,642444.050000001],[222638.0469,642549.9443],[222936.2992,642925.404100001],[222397.0964,643637.200200001],[222393.0386,643643.0965],[222384.8125,643655.049699999],[220803.9999,645952.100099999],[220255.7963,646245.503599999],[220139.1,647117.899800001],[219999.9911,647244.3005],[218833.2001,648304.5],[217935.8277,648439.437200001],[217613.482,648757.809800001],[217522.6998,648899.799900001],[217599.2104,649704.5112],[217780.1,650857.199999999],[217723.079,651007.314300001],[217766.3003,651461.899900001],[218292.1,652025.0001],[218946.1008,652177.0953],[218872.7787,652688.376700001],[218362.0407,653037.742799999],[218870.1125,653232.9373],[218940.0786,653190.4066],[218947.6001,653223.563200001],[219120.5183,653107.9638],[219143.5002,653092.5999],[219021.1974,652161.600199999],[219061.5688,652169.649700001],[219367.2169,652230.5913],[219665.8926,652290.1428],[219999.9852,653660.1963],[220015.1,653722.5001],[219999.9832,653741.671499999],[219690.0149,654134.7786],[219705.5657,654146.806399999],[219719.2,654158],[219695.823,654291.9416],[219909,654117.0998],[219999.9768,654168.98],[220380.8986,654386.203400001],[220746.8969,654088.498600001],[220911.1962,655605.6043],[220833.945,655693.812100001],[220948.0007,656616.2641],[220953.72,656627.550000001],[220949.8125,656630.917400001],[221010.293,657124.241599999],[221011.0004,657131.5195],[221006.9527,657133.165899999],[220845.6848,657564.0265],[220881.4979,657659.8961],[220686.9952,657987.998500001],[220152.2311,659416.7312],[220206.6969,659867.8027],[220144.6616,659999.979],[219999.9762,660308.254899999],[219929.3944,660458.6413],[219999.9804,660480.3957],[219927.9081,660461.8082],[219135.2008,662150.8004],[219127.6761,662276.0733],[219183.6134,664861.3225],[219343.0007,665280.399900001],[219361.0735,668385.122],[219361.1072,668388.8584],[219369.0977,669224.9958],[219077.1564,669781.187999999],[218991.3272,670433.938999999],[220000.0078,671559.8037],[220633.5026,672266.895099999],[220282.5658,672464.7191],[220261.732,672422.263499999],[220062.0304,672513.581700001],[219999.9813,672725.4419],[219958.1991,672868.103],[219999.9782,672914.080700001],[220450.7008,673410.0989],[220402.5761,674330.296800001],[220382.9051,674370.892000001],[220240.021,674665.763699999],[220179.6683,674909.2677],[220238.5468,675310.0242],[220429.7983,676015.7136],[220866.037,676248.9548],[223061.3055,677141.7673],[223336.8,677207.7993],[224223.6894,678009.5879],[224510.0683,677510.6734],[224571.3993,677395.1],[225126.8609,677354.237],[225177.1986,677353.4221],[225189.4265,677353.224199999],[225196.398,677368.500600001],[225398.4965,677937.6019],[226346.9012,677863.403100001],[227586.3989,677213.6995],[228586.933,676073.8224],[228633.2978,676021.000499999],[228650.1013,675763.1043],[229221.2663,675865.625],[229296.9016,675879.201099999],[229881.6998,676000.0999],[230609.3009,675585.395199999],[229887.3003,675937.200300001],[229389.7999,675787.5],[229933.1003,675514.0998],[231784.5714,674964.368000001],[232865.0553,674552.400599999],[232916.9435,674628.1483],[234854.5916,674052.8291],[234885.9837,674057.255899999],[236181.8993,674239.999700001],[236667.7049,673949.8792],[236770.9011,673888.251],[236785.5031,673894.099300001],[236811.618,673885.1415],[239391.8001,673000.0988],[239999.98,672964.208900001],[241948.8992,672849.1993],[242886.0002,673136.9998],[243585.2012,672768.615700001],[244703.5998,673168.5001],[246084.1121,672339.4109],[246098.8723,672321.2149],[247545.7036,670537.600099999],[248394.0002,669919.200099999],[248606.9999,670087.399900001],[247897.8997,670577.700099999],[248734.3303,670205.285700001],[249066.7523,669931.432499999],[249578.2004,669178.099300001],[249535.5632,668401.026799999],[249519.1998,668102.800100001],[249405.5509,667897.3379],[249371.0303,667834.929099999],[249377.6238,667718.6724],[249409.4996,667254.1],[249779.5,669075.9002],[250240.0326,668932.1581],[250303.9616,668912.204500001],[250424.4996,668812.9038],[250471.36,668860.4333],[249883.5838,669258.516799999],[249761.359,669359.2071],[249123.2971,670370.597899999],[248011.5531,670800.7183],[247296.9,671099.1],[245976.8001,672941.4012],[245424.1937,673266.049900001],[245421.5305,673267.614499999],[244578.3966,673670.301999999],[243924.6276,673524.9356],[243894.8818,673518.321599999],[243555.3967,673569.586200001],[242627.0001,673952.9998],[241367.2003,674016.5002],[240367.7014,674572.494999999],[240000.0022,674336.7173],[239981.0991,674324.596100001],[239963.0998,675137.199899999],[239399.3009,675207.1998],[239339.4171,675631.8837],[239281.0002,675188.4004],[239861.9003,674742.396500001],[238810.6003,674720.0999],[237132.9994,675690.395099999],[237117.3331,675699.6647],[234380.6996,677318.9003],[233636.2001,677138.899900001],[232617.7989,678573.0001],[231513.0916,678226.431600001],[231471.4123,678227.8358],[231391.2294,678473.450300001],[231347.4033,678856.901799999],[231571.8999,679101.6],[232155.2994,678841.6031],[232547.8962,679111.195900001],[231890.8967,679661.998299999],[231968.3742,680000.041300001],[232015.8998,680207.401000001],[231675.5001,680929],[231022.0824,681122.146299999],[230680.1706,681451.285800001],[230655.1607,681566.6547],[230192.7997,682042.600099999],[229597.1098,682042.4482],[229431.7788,682151.5557],[229470.9963,682271.202099999],[228941.1534,682475.335899999],[227856.0742,683191.416200001],[227805.6009,683397.8989],[227726.9012,683400.602499999],[227577.809,683375.0528],[227522.05,683411.85],[227452.4276,683417.6786],[227367.82,683544.119999999],[227334.7936,683475.023700001],[227330.91,683477.27],[227320.3184,683461.205700001],[227049.88,683565.6579],[226778.7033,683900.494999999],[226331.3006,683747.499199999],[226554.0001,684202.999299999],[226358.5009,684927.2005],[224799.3484,687581.9],[224542.9228,688039.613700001],[224605.8873,688582.9869],[224707.2966,689394.802300001],[224548.2443,689488.336999999],[224216.6252,689712.0702],[224128.3248,690183.8781],[224049.1015,690951.696599999],[223617.2005,691156.697899999],[223545.4383,690816.5305],[223491.2403,690514.7984],[223456.2678,690323.9738],[223152.1001,688750.0999],[223453.8729,687773.6054],[223439.82,687695.32],[223543.0748,687484.9605],[224032.2981,685901.902100001],[225160.3001,683550.799799999],[225490.3726,683517.7576],[225890.0222,682703.5569],[225938.3006,682175.4004],[226441.999,682070.6997],[226732.7376,682230.998299999],[227315.4307,682124.3639],[227411.8835,681845.217399999],[227431.3579,681761.593],[227442.6531,681632.569800001],[227208.5018,681248.2042],[227502.4998,680860.1998],[227393.9995,680627.0009],[226676,680795.600099999],[225490.396,680470.2969],[225203.6003,680174.8003],[224791.753,680256.4936],[224269.54,680455.470000001],[224027.568,680432.819599999],[222442.969,680882.968],[222296.3274,681021.428300001],[222145.863,681212.470899999],[222081.6361,681495.659399999],[222119.661,682259.975299999],[222137.2054,682540.2052],[222142.0001,682709.0001],[222135.8195,682717.555299999],[221615.7945,683549.644300001],[221393.7075,684528.868100001],[221454.8003,686490.499700001],[220652.8421,687807.975],[222246.0622,691640.233100001],[223105.5026,693308.202400001],[223576.0998,694822.7993],[224484.8986,695712.0528],[224781.8464,696000.5557],[224822.1998,696042.0998],[225465.497,698045.995999999],[226600.5021,699999.988299999],[228239.9991,702822.499399999],[229569.6977,703754.002],[229886.2003,704766.5012],[229724.7225,704859.151699999],[229750.99,704989.300000001],[229670.0469,704890.522700001],[229532.3998,704969.4999],[229348.3351,704648.156300001],[229345.0333,704643.1105],[228547.5692,703869.7809],[227877.5,703491.499700001],[227835.3758,703408.0054],[227699.7063,703263.887700001],[227671,703248],[227673.0629,703235.585200001],[227616.5,703175.5],[227656.0726,703052.609200001],[227609.3059,702959.9132],[227463.1897,702818.2191],[227424.52,702918.529999999],[227457.409,702812.613299999],[227368.1638,702726.0691],[227183.5019,702741.001],[226992.0278,702361.316400001],[226952,702322.5],[225525.5874,699682.9859],[224480.0001,697898.600099999],[224425.023,697646.4397],[223330.9676,695621.938200001],[223078.0981,695344.4002],[222049.5196,693409.8533],[221957.5803,693485.445900001],[221455.0989,693909.2992],[221352.8579,693906.3934],[220586.6314,694454.0985],[220582.5987,694464.900599999],[220578.2817,694494.258199999],[220976.31,698096.16],[220974.7705,698103.235300001],[220967.1688,698128.134400001],[220988.7995,698202.700999999],[220727.3448,698833.5636],[220330.7974,699999.986199999],[219999.9942,700973.025800001],[219978.9732,701034.857899999],[219999.9911,701269.16],[219662.7993,701694.200099999],[219220.4051,701070.891899999],[219204.3524,701046.877800001],[218923.7003,700650.5999],[219247.2455,700000.004000001],[219939,698608.9998],[219930.2763,698536.3868],[219657.4329,697082.124299999],[219366.0003,696819.0001],[219350.2478,696747.622500001],[219300.23,696699.48],[219293.2473,696489.342499999],[219101.5002,695620.499700001],[219199.1,694861.000299999],[219747.9995,693893.004699999],[220000.0113,693696.846899999],[220069.482,693642.7732],[221184.1527,692021.7531],[220696.1498,690964.895099999],[219303.2998,688733.7169],[218883.5039,688356.5417],[218792.38,688414.48],[218837.5466,688315.250399999],[218594.2998,688096.6998],[218749.5639,687812.079399999],[218817.3667,687494.3519],[219371.1612,680865.964400001],[219216.5443,680638.843599999],[216776.8797,681853.025599999],[216773.8773,681853.013499999],[215482.3036,683109.2985],[215659.7024,682777.996300001],[215332.7033,682579.903000001],[215769.9975,682690.702199999],[215823.9028,681935.497500001],[215251.0037,681606.200999999],[216129.2005,680520.701400001],[216306.1573,680467.272700001],[216314.03,680449.68],[216357.4373,680451.7897],[216942.2959,680275.2027],[216970.678,680294.0351],[218561.2946,678720.6099],[218402.9152,678284.5626],[217588.0291,677008.6294],[217486.4044,676905.7983],[217500.7593,676871.983999999],[217077.6011,676209.410800001],[217034.9796,676150.1632],[216887.3013,676109.7951],[216819.6979,675850.9025],[216792,675812.4],[216628.4482,675169.659499999],[214786.3528,670120.796700001],[214213.4032,669404.0032],[214116.432,669004.0887],[214076.06,669000],[214074.8538,668995.175100001],[213859.1364,667942.988600001],[213676.6001,667190.1997],[213537.3086,667161.4912],[213285.7304,667239.650599999],[213107.9962,667507.1975],[212108.434,667605.408600001],[211035.0646,667938.879000001],[211011.9,668041.5001],[210234.83,668187.492900001],[209935.3703,668280.527899999],[209926.4001,668359.999700001],[209911.0091,668362.321599999],[209599.4703,668392.3423],[209893.9043,669506.2961],[209896.4801,669515.2864],[209909.8765,669561.307],[209915.5001,669588.000800001],[209507.6997,670602.400699999],[209471.0002,672477.9998],[209283.4597,673172.3945],[209182.2844,674497.161699999],[209228.9999,674728.5002],[209137.606,675082.1722],[209130.269,675178.241],[209113.5417,675175.2952],[208515.0011,677491.4999],[206451.5963,679585.9416],[206401.3975,679636.895400001],[206317.3847,680000.0196],[205774.5003,682346.4999],[205733.2939,682400.5864],[205625.2712,682932.6754],[205610.547,683980.435000001],[205526.6833,683847.797800001],[205510.9984,684012.996200001],[205417.5192,683952.0156],[205389.095,684039.851],[205345.8342,683905.2523],[205138.4999,683769.999],[204934.0001,682796.500700001],[204981.425,682559.0275],[205493.3877,680000.0513],[205519.0028,679871.998199999],[206376.0002,678271.0002],[206414.0159,678237.6516],[207554.9825,676072.8123],[207575.9997,676011.0001],[207607.471,675717.444],[207705.1198,671672.419500001],[207691.4381,671634.078],[207424.2215,671505.772500001],[205925.3,671844.794299999],[203413.0996,674424.1987],[203093.9997,674410.201199999],[202934.59,674642.0208],[202893.4129,674730.3126],[202835.8438,674855.2753],[202739.7663,675065.751599999],[202721,675100],[202571.4352,675170.134199999],[202297.5008,675568.5],[201569.0253,675654.575099999],[201569.3346,676010.640699999],[201587.9968,676234.999199999],[201404.7119,676248.2654],[201073.5368,677786.386],[201250.9976,678306.4959],[201192.0598,678723.2851],[201193.2461,678747.239600001],[201055.4989,679689.0002],[201378.7466,680000.0099],[201438.4988,680057.5],[201105.0002,680727.0002],[201339.5005,681548.499199999],[200948.7034,681344.9276],[201164.9999,681187.000800001],[200824.4998,681003.0001],[200490.011,679999.9856],[200456.0004,679897.999600001],[200105.0002,677000.0999],[200171.9837,676871.8956],[200157,676737.5],[200304.0922,676478.9955],[199835.5227,674447.1469],[199656.5002,673910.9998],[199095.5,673916.499199999],[197756.2993,672660.299699999],[197379.9169,671586.465399999],[197371.8374,671564.2042],[198974.5012,667253.5001],[199270.0003,667226.5001],[199215.4998,665915.5001],[199543.2134,665464.737400001],[199563.4321,665074.029300001],[199423.6359,664101.888900001],[198674.4507,663968.206599999],[198126.4986,665223.500600001],[197896.0935,665282.204],[196589.651,666160.730699999],[196555.5,666562.999],[196246.4999,666872.0002],[195454.0009,667075],[195525.4441,666544.616800001],[195010.5685,666593.5604],[194606,666666],[194333.8569,666666.739499999],[194256.7931,666736.810900001],[194285.8548,667331.082900001],[194322.4993,667537.499600001],[194065.4999,667616.496200001],[193905.9569,667466.218699999],[193586.4767,667361.7129],[193324,667419.4999],[193482.221,667293.541999999],[193480.6148,667284.2949],[192761.4961,667111.211100001],[193275.5002,667411.504799999],[192779.1957,667565.7358],[192851.3913,668506.723200001],[193060.9997,668993.500299999],[192955.8101,669258.5962],[192907.8868,669243.077],[192939.209,669651.325999999],[192907.9742,669609.0821],[192937.649,669655.356000001],[192919.682,669631.376],[192912.5937,669621.6372],[192789.6218,669453.441500001],[192573.7446,669158.9771],[192570.6557,669166.488399999],[192674.3791,669838.5912],[192821.17,669912.92],[192805.6433,669913.7623],[192820.6003,669921.799699999],[192336.3557,670128.1425],[192195.3317,670215.703],[192234.4987,670258.5013],[192043.499,670713.999700001],[191794.9999,670890.9999],[191472.9599,670664.216800001],[191413.9748,670700.8401],[191503.9992,671070.4988],[191227.9999,671331.5001],[190730.9993,671148.495200001],[190914.5007,672146.500399999],[190515.4992,672319.0002],[191063.4991,672909.500600001],[190764.1999,673426.968699999],[190947.7607,674121.437799999],[191125.5212,674426.410700001],[191595,674661.5],[191142.3321,674857.563300001],[191973.9748,678003.932600001],[192049.5465,678126.062899999],[192397.4998,678645.9998],[192232.0001,678963.5012],[192233.264,678488.7149],[192170.0648,678745.8038],[192179.5,678781.5],[192177.8636,678784.458699999],[192180,678790],[192122.1686,678943.058599999],[192026.9995,679335.0009],[191937.3479,679363.868000001],[191809.8767,679449.829299999],[191243.0154,680474.791999999],[191247.1921,680685.359200001],[191672.591,681384.5222],[191813.9971,681587.4965],[191718.0778,682658.320499999],[191843.5851,683146.3693],[192150.5004,683319.501],[192623.4964,684468.5024],[192702.7995,684502.2574],[192825,684479],[193016.2781,684595.682800001],[193274.5,684567.5],[193199.3315,684707.3484],[193233.2616,684728.0463],[193453.9967,684822.0012],[194351.4963,686112.002],[194963.3232,688165.764599999],[195277.1206,688891.51],[195292.4327,688926.7524],[196594.4992,690351.499399999],[196780.0032,690885.111],[198706.7988,692990.1313],[199092.3692,693356.4329],[199904.5,694005.5],[199999.9874,694176.6084],[200049.9741,694266.1818],[200930.6007,695102.7994],[200859.7499,695129.599300001],[201078,695225],[200846.7272,695134.5252],[200534.9264,695252.4663],[201014.1493,697471.632099999],[203414.5005,698543.5035],[204203.9998,698354],[207017.7454,699999.9772],[207456.0975,700256.403200001],[208880.2006,701485.000600001],[208797.0017,701809.3982],[209967.3282,705096.895099999],[210481.3068,706032.536499999],[210620.9985,706238.000600001],[210772.7788,706375.9135],[212121.1191,707589.845100001],[215084.5009,708646.501],[215289.7996,708840.3585],[215303.4667,708853.615700001],[215325.5,708862],[216560.5229,709997.7368],[217374.8987,710339.399900001],[217787.1299,711027.178300001],[218007.01,710780.52],[219484.3525,712686.613],[219188.354,712537.9416],[219205.4997,712591.5011],[218854.8003,712632.4998],[218627.6684,712421.8401],[218582.9226,712378.9506],[218561.29,712400.07],[218209.4594,712044.9432],[212942.9268,709392.571799999],[211651.6868,708941.5485],[211394.0253,709383.492000001],[211543.4998,710342.0999],[211347.0985,710628.7041],[211877.5998,711336.5],[211682.5001,711612.0999],[211270.4022,710907.3047],[211421.5019,710164.3971],[210888.4996,710194.0999],[209864.7978,709093.197699999],[209750.3126,709324.591600001],[209744.9761,709335.827299999],[209768.3615,708897.2859],[209690.02,708807.939999999],[209603.539,708298.8803],[209044.4069,707503.915999999],[208466.002,707094.2959],[208276.1434,706411.612299999],[207536.5,705360],[207400.9396,704884.9835],[207332.504,704784.9969],[207120.0041,705120.500800001],[207122.7806,705103.934599999],[207111.97,705122.890000001],[207159.8246,704882.9088],[207248.8167,704351.9308],[206571.6947,701979.2315],[206553.5019,701939.501],[204727.1999,700470.0999],[203595.9995,700434.5012],[203222.8025,700112.537900001],[202028.069,699839.4515],[201815.7993,699834.000299999],[200000.0034,698411.2631],[198942.4041,697582.5985],[198934.9114,697486.759400001],[198760.6104,697075.145300001],[198430.0972,697000.0953],[197709.6014,695967.500499999],[197724.8924,695690.111],[197632.8575,694975.8709],[197317.5,694602.001],[197502.5031,694185.501],[195834.9977,693360.9966],[195218.5001,692344.000299999],[194977.7748,691358.741800001],[194794.6898,690711.372400001],[194293,690318.4998],[193694.9999,689953.0012],[193678.315,689959.151699999],[193258.504,690270.380899999],[193130.0002,690561.499199999],[193356.6968,691175.702199999],[192899.167,691170.6187],[192877.33,691311.689999999],[192733.5936,691168.778999999],[192573.4999,691167.0002],[192497.9314,690934.469900001],[192440.18,690877.050000001],[192442.6386,690873.457699999],[192439.23,690872.460000001],[192465.2901,690834.0298],[192378.8998,690568.1998],[192995.4,690009.1997],[192805.0293,689837.3791],[192531.5755,689613.3248],[192058.2706,689234.499],[192058.7374,689225.904999999],[192055.436,689223.199999999],[192045.4643,689151.827500001],[191982.5008,689094.999299999],[192023.3014,688993.1954],[191636.1117,686221.871300001],[191562.0149,686089.610099999],[191031.1431,686168.630100001],[190881.1012,686500.499700001],[190435.2003,686184.3003],[190406.3405,686068.0723],[188937.2231,684440.9604],[188871.2171,684385.669399999],[188625.8853,684387.1384],[188483.499,684581],[188139.3925,684243.4179],[187732.4632,683968.7129],[187671.4962,684490.995999999],[186953.7381,684860.885199999],[186419.245,685780.714500001],[186379.2973,687743.295],[185784.6003,688157.100199999],[185982.2991,687921.399700001],[185181.2005,685855.7992],[185229.0129,685765.0472],[185224.59,685749.5211],[185224.07,685746.710000001],[185279.3616,685650.999600001],[185226.9548,685075.697899999],[184976.8003,684836.098999999],[185084.8611,683515.8467],[184908.671,681581.698100001],[184840.8009,681474.9001],[184842.3339,681472.434],[184837.55,681467.859999999],[184854.7048,681452.533399999],[184891.5112,681393.324200001],[184846.3994,680898.1043],[184744.0002,680814.9999],[184899.9837,679999.987299999],[185041.6306,679259.8828],[185037.607,679258.668],[185042.3997,679255.864499999],[185044.0012,679247.4968],[185417.5457,678939.438300001],[185841.9129,678407.039000001],[185944.6012,677180.898499999],[186159.7297,675657.475199999],[186349.8362,672693.237199999],[186299.9963,672323.9987],[186390.9135,672052.738],[186392.5,672028],[186401.2859,672021.7908],[186527.4885,671648.928099999],[186529.8,671645.4],[186620.0602,671685.342800001],[186785.3512,671750.363],[187294.9852,671390.1929],[187313.7407,671361.9241],[187309.6828,671362.172599999],[186667.701,671573.003799999],[187333.9122,670096.498],[187309.2989,670092.6974],[187362.2615,670033.668099999],[187655.7482,669383.2215],[187577.4591,669329.5056],[187563.1769,669322.5868],[187143.4231,669167.800899999],[186986.592,669354.2881],[186982.3003,669456.399800001],[186526.1624,668826.691299999],[186518.557,668816.536499999],[186474.1,668795],[186498.7992,668790.1559],[186396.9,668654.1],[186402.2961,668655.6797],[186491.2052,668690.715600001],[186661.6916,668758.209100001],[188233.6556,668449.9124],[188259.5004,668438.500399999],[189946.4982,665227.9999],[190903.5012,664391.999600001],[191386.499,662536.000299999],[191467.8448,662431.5195],[192171.0452,659898.4143],[192254.0012,659399.9991],[192243.864,659338.9669],[191506.7535,657625.6723],[191338.5036,657374.498],[190168.6183,657571.9399],[190274.68,657690.99],[190130.6443,657578.3488],[189896.3011,657617.899],[189498.142,657227.826099999],[187291.6824,656086.4509],[187089.5011,656185.499199999],[186587.376,655390.579399999],[185717.035,654302.141899999],[185258.9998,654125.999],[183326.5609,651426.7355],[183279.7682,651362.208000001],[183400.1653,650868.0977],[183341.37,649318.1964],[183319.3795,649219.794600001],[183134.2567,649071.6447],[182565.503,648684.995300001],[182776.3384,648296.210899999],[182782.4904,648279.7742],[182595.3384,647683.1633],[180995.0389,644403.7783],[180870,644294],[180882.2017,644265.5528],[181023.3561,643921.1273],[181244.8376,642469.84],[181150,640056.500299999],[181165.1053,639999.976199999],[181415.4996,639062.999700001],[181817.9586,638714.3881],[181935.7218,637942.7292],[181790.9517,637890.864499999],[181768.839,637883.0406],[181730.1998,637869.0998],[182037.3119,637002.4979],[182084.6364,636849.282400001],[181495.0003,636689.9998],[181511.6193,636472.664899999],[181380.7831,637548.502499999],[180251.1968,637225.895500001],[180484.7959,637833.501499999],[180240.601,637876.399800001],[180471.4998,637826.299900001],[180138.3992,637320.9999],[180224.6144,636857.9956],[179999.9842,636433.6129],[179987.0814,636409.236300001],[179891.9,636296.1],[179891.4254,636228.518200001],[179696.0241,635859.3562],[179690.5934,635850.753599999],[179688.981,635846.050000001],[179705.8375,635836.673599999],[179887.4955,635668.8892],[179878.4226,634376.9001],[179756.8996,633771.0999],[179758.6365,633731.2981],[179843.5033,631786.502499999],[178927.5006,631516.5002],[178824.9945,630122.6251],[178262.9002,629099.100299999],[178584.4918,628530.534399999],[178578.3964,628490.183700001],[178029.0003,628130.500299999],[178009.0008,627293.499299999],[178238.789,627167.243799999],[177911.2965,626934.289100001],[177490.9989,626737.998299999],[177533.2774,626492.7985],[177526.2986,626419.870100001],[177319.5806,626218.034299999],[177013.5015,626112.4966],[176731.0167,625643.3708],[176615.2129,625530.301999999],[176519.7397,625565.822899999],[176381.78,625623.34],[176392.7678,625613.062999999],[176383.8006,625616.3993],[176050.2998,625035.9001],[175985.9248,624260.1117],[175719.6451,622616.142200001],[175569.134,622411.213400001],[175386.3002,622490.3002],[175229.9002,622206.199999999],[175310.9274,621920.8576],[175257.48,621838.939999999],[175439.7426,621467.226500001],[175476.1125,621334.398399999],[175455.4885,621338.1808],[174999.9999,621451.299699999],[173521.3966,620302.5997],[173098.4996,620751.5001],[172341.9983,620877.495100001],[172041.5989,620579.3003],[172070.6384,620540.586200001],[172068.553,620538.517000001],[172531.7386,620000.016100001],[172682.1257,619825.1757],[173250.4998,619156],[173550.677,619158.733899999],[173553.7,619155.9],[173559.204,619159.073000001],[173567.2059,619159.714],[173745.964,619133.713],[173860.012,619166.801000001],[174209.9993,619173.003],[174287.656,619266.563100001],[174333.5,619273.5],[174339.4232,619305.8893],[174369.947,619314.744999999],[174379.0794,619376.7092],[174564.0004,619599.500399999],[175257.3123,619511.5254],[175380.2373,619284.057600001],[175644.4999,618245.9998],[176758.0035,616554.502599999],[176952.5833,615558.1231],[176954.5812,615524.5439],[176848.9,615474.49],[176979.8569,615099.7369],[177076.7099,613471.9343],[176894.4998,612959.000800001],[174206.5002,609806.9998],[174132.0011,609068.4954],[171396.8999,607411.199899999],[170979.833,607374.847999999],[170167.3631,607431.3434],[169017.2359,607874.9454],[169010.55,607893.93],[169004.3293,607879.9235],[168979.4998,607889.5002],[168832.8503,607524.1393],[168725.7102,607531.589299999],[168294.5002,607958.999700001],[166411.6624,607692.4976],[166195.0709,607707.5584],[166148.3783,607711.588099999],[166142.7,607711.199999999],[166040.7532,607639.9981],[165916.3072,607622.3836],[166061.31,607827.800000001],[165827.12,607603.890000001],[165852.6311,607606.726399999],[165310.8546,607214.5726],[165234.62,607230.32],[164480.5709,606613.5889],[163922.9997,606210.002499999],[161654.508,605917.5658],[159074.0256,607102.4592],[158965.5,607163.999700001],[158900.9468,607323.930199999],[159093.4491,609983.6394],[159305.5,611053.5],[159257.5002,612041.0002],[159243.886,612062.1516],[159443.7964,614824.2147],[159527.5003,614899.0002],[159473.4272,615233.608899999],[159518.1049,615850.898399999],[159817.4997,616485],[159681.0495,617025.0998],[159644.9245,617208.037699999],[159781.2218,617454.8101],[162336.4531,619743.312000001],[162408.4986,619778.999700001],[162483.9244,620000.004799999],[162799.2697,620923.9981],[163051.64,620693.523],[163504.1521,620758.6702],[163692.7973,620712.102499999],[164572.7007,621058.6072],[164923.1075,622624.1121],[165026.23,622902.369999999],[165044.2853,623165.495300001],[165352.5001,624542.4998],[165440.2747,626428.564999999],[165546.5,627069],[165587.353,629588.9254],[165675.5003,631482.9999],[166136.4081,632343.463500001],[166285.588,632574.831],[166287.3334,632625.224300001],[166332.9218,632710.332699999],[166369.76,632770.67],[166368.5743,632800.4036],[166386.1215,633696.9241],[166386.8956,633736.473200001],[166043.3959,635643.482899999],[166002.4473,635919.589500001],[165849.7842,636953.3441],[165889.1716,637520.9573],[167205.6989,638713.741599999],[167392.0002,638828.200200001],[167780.9538,639999.99],[168094.3004,640944.000499999],[168074.2015,641200.887399999],[168308.3641,641957.841],[168343.8001,641968.3002],[168419.1162,642191.6161],[168422.5,642193.5],[168422.1038,642209.346000001],[168944.9997,643818.9991],[168994.8852,644508.453199999],[169436.256,647111.0517],[169732.9971,647678.003599999],[168972.0003,649346.999700001],[171512.9999,650809.0002],[172684.0953,652193.9026],[172774.2446,652358.744200001],[172777,652362],[172955.1649,652695.091399999],[174251.0005,655091.0012],[174242.8858,655107.0447],[174745.564,656048.369100001],[175148.7985,656338.9044],[175158.0779,656411.784],[175201.815,656445.403999999],[175191.0132,656670.454399999],[175226.469,656948.920600001],[175548.6642,657552.269300001],[176162.5,658392.4999],[177190.499,658353.4989],[179365.2692,660000.0035],[179639.9997,660208.0002],[179798.8314,660582.546800001],[181584.1712,662078.793400001],[181698.4012,661946.100199999],[182064.9998,662228.0001],[181893.6666,662392.691199999],[182026.9331,662650.084000001],[182143.497,662445.9991],[182093.2794,662778.226199999],[182110.7217,662811.9144],[182234.3406,662952.8509],[182672,663322],[182653.1649,663430.3475],[182890.9998,663701.500299999],[182637.9162,663830.145199999],[183112.5626,664746.8838],[183487.5468,665256.3781],[183952.7751,665737.9638],[184247.9989,665811.802999999],[184118.6105,666689.978599999],[184436.7759,667304.487600001],[185083.6948,668007.803300001],[184789.5002,668369.0009],[184431.5005,668035.496300001],[184078.5381,667362.388900001],[184014.9538,667281.840700001],[183725.904,667240.424000001],[183926.1089,667169.2927],[183752.999,666949.998400001],[183490.6902,666337.107899999],[183021.5022,665776.9604],[182955.5015,665994.0002],[182620.5625,665781.667300001],[182600.9999,665783.0001],[182592.7295,665764.022700001],[182466.5,665684.0001],[182055.4886,664623.6698],[181433.1916,663880.730699999],[181016.9988,663779.000299999],[180000.0116,662322.703500001],[179502.9988,661610.995300001],[179291.0443,661419.465700001],[176076.7659,659596.448799999],[176183.4949,659986.7897],[176179.9873,659985.511600001],[175857.5034,659868.003],[175140.8245,658792.986500001],[174808.4868,658469.203],[174800.6234,658462.5811],[174797.5003,658458.499299999],[174802.4178,658423.9629],[174140.2482,658141.629699999],[173372.0575,657973.259199999],[173376.9843,658282.0042],[173999.3421,659485.2337],[174310,659666.9999],[174051.5434,659638.987199999],[173184.7488,660026.1645],[173083.746,660182.6405],[173172.3021,660363.787],[173879.4968,661015.995100001],[173822.6515,661290.091700001],[174049.7455,661259.271600001],[174119.5015,661214.898700001],[174103.4307,661251.9857],[174112.617,661250.739],[174105.6478,661266.165899999],[174111.77,661264.550000001],[173961.069,661586.203199999],[173932.524,661645.1929],[173704.5103,661553.1055],[171873.3823,660835.8442],[170422.5808,662356.3627],[170405.1853,662643.0857],[170587.6725,665187.9663],[170693.0002,665446.0001],[170801.9999,667644.4998],[170810.5841,667659.6461],[170846.5792,667704.934599999],[171270.5,668230],[171274.0377,668242.7565],[171279,668249],[171393.9767,668667.2393],[172393.5692,670305.6801],[173356.0006,671527.9966],[173491.5001,672040.0002],[173450.972,672038.8782],[173684.9082,672422.324999999],[173784.4965,672497.4991],[173771.0273,672563.4836],[175285.0356,675045.107799999],[176077.0001,675513.500299999],[176155.0006,676159.0001],[176272.4426,676263.984200001],[176305.313,676148.514],[176341.1565,676325.4091],[177060.0003,676968],[177076,677339],[176819.9982,677376.002599999],[177050.5745,677404.426200001],[177265.916,677319.699999999],[177018.131,677573.207],[177217.31,677659.050000001],[176808.7864,677604.985300001],[176663.4997,677701],[175836.3149,676993.9066],[175575.2171,676776.841600001],[174698.3381,676559.6987],[174641.9993,676565.004799999],[173938.4977,675988.999600001],[173843.4943,675762.657600001],[173586.6737,675510.763900001],[171918.2144,673872.776699999],[171405.4992,673780.501499999],[171395.1006,673766.6219],[170060.1674,672061.365499999],[170010.5982,672068.414000001],[169827.7227,673573.476600001],[170017,674072.5],[169980.9281,674283.554300001],[170015.0029,674365.0045],[169957.3848,674421.3046],[169936.5,674543.5],[169795.182,674579.797],[169693.3585,674679.291200001],[169655.6664,674989.4966],[170075.5963,676047.811799999],[170141,676106.5],[170518.439,677074.012700001],[172540.478,680244.8038],[172889.4998,680591.0001],[175736.404,685155.159700001],[175900.1157,685293.426999999],[176356.3212,685517.398800001],[176748.9999,685578.504699999],[176957.173,685773.7041],[177095,685807.5],[177137.0091,685900.673699999],[177288.992,685975.289000001],[177358.4474,686149.9703],[177430.9994,686218.000700001],[177618.5001,686744.7356],[177685.971,686801.720000001],[177631.8006,686782.0998],[177819.946,687310.646],[177955.257,687650.955],[177929.1316,687617.374600001],[177937.399,687640.5998],[177787.0062,687434.6932],[177430.8871,686976.954299999],[177091.837,686709.026699999],[177102.735,686752.525],[177076.1545,686730.7632],[177062.5019,686756.997300001],[176694.5217,686442.6238],[176201.5396,686264.0691],[176270.4978,686542.998600001],[175934.6059,686266.5678],[176035.6266,686398.9377],[177357.7988,687799.098999999],[177937.5939,688889.1313],[177950.9979,688914.999600001],[177834.6107,688822.4551],[176653.9883,688058.2316],[177010.4998,688678.9988],[176668.5034,688714.497],[176266.5654,687807.4506],[175208.6083,687122.6291],[177326.5428,690075.9923],[177301.5093,690094.6567],[177306.767,690102.085000001],[177298.706,690096.7468],[177212.6182,690160.931700001],[177409.0002,690458.4988],[177200.1076,690170.259299999],[177151.5,690206.5],[176882.6928,689821.251700001],[176618.699,689646.427999999],[175023.2523,687169.9189],[175009.0014,687150.507099999],[174547.6735,687197.9212],[174458.3983,687421.097200001],[174231.4995,687228.738700001],[174189.7,687191.503],[174057.4987,686878.002699999],[174113.2199,686891.136399999],[174148.4858,686901.0349],[174548.2342,686808.165100001],[174909.1339,686367.8236],[174305.2124,685320.1556],[172891.3916,683176.7171],[172323.1635,682728.7139],[171888.9342,682791.9087],[173471.0027,685966.003799999],[173326.6225,685717.6401],[173440,685946.5],[172478.344,684645.198799999],[172385.4997,684657.999199999],[172289.6265,684389.828500001],[172248,684333.5],[171825.1901,683090.735200001],[171550.0025,682320.997099999],[171369.501,682552.5],[171417.0003,682137],[170956.5002,682258.9999],[171075.4999,681661.500299999],[171391.4994,682020.5031],[171952.0493,682058.941400001],[170635.234,680124.609999999],[170632.9859,680116.529200001],[170514.1757,680000.010399999],[170220.5,679711.9987],[169884.5003,679796.4998],[169993.5022,680000.040999999],[170656.9973,681238.997],[169829.0018,680467.4988],[168920.9997,680200.0002],[168782.396,679999.9848],[168376.9313,679414.8693],[168215.4849,679205.685699999],[168657.8221,679999.9811],[168889.5,680416.0001],[168875.0983,680555.818399999],[168871.6513,680601.897299999],[169692.128,682261.802100001],[169977.6194,682648.782299999],[170344.5,683139.5],[170344.1468,683142.3136],[170739.4965,683681.4977],[170322.9375,683311.2565],[170315.5,683370.5],[170174.802,683238.298900001],[170808.5131,684520.3585],[170834.2765,684567.4058],[171818.1729,685975.899499999],[172026.2998,686058.4998],[172078.7123,686348.8739],[172127,686418],[172361.3383,687247.6951],[172377.0031,687295.524],[172738.4539,687646.5111],[173463.4681,687778.707599999],[173559.0012,687765.599300001],[173558.9779,687796.122500001],[173798.8264,689656.228399999],[174119.9962,690409.501800001],[173893.9998,690362.4999],[174970.3575,691569.726399999],[174917.5,691265],[174980.5517,691311.3861],[174973.0001,691125.0002],[177104.9969,694565.0023],[177247.8933,694557.422900001],[178087.3205,694112.077299999],[178140.4998,694063.300100001],[178200.0596,694116.731699999],[179055.0218,694370.004000001],[179073.6908,694360.686699999],[179375.499,693900.0002],[179174.4982,693234.002900001],[180000.0276,692646.718499999],[180586.4994,692229.500499999],[181381.9998,692335.999600001],[181231.5002,692918.4998],[181704,692858.500499999],[181188.5001,692954.5001],[181331.5,692356.9998],[180507.5001,692508.199899999],[180293.5009,693064.500800001],[180537.9998,693649],[180000.0117,693640.989600001],[179530.496,693633.9988],[180000.0028,694213.688100001],[180582.9988,694933.5],[180538.4964,695372.5019],[180017.0001,695510.4999],[179999.9859,695685.231000001],[179985.4997,695833.9998],[179441.1398,695629.151000001],[179296.9946,696256.9979],[179055.5,696487.5],[178539.5,695951.5],[178634.5,696394.5],[178628.437,696395.987400001],[178629.4883,696401.2415],[178368.2287,696516.2546],[178278.0389,696813.6491],[178685.5423,697803.2435],[180620.9988,701302.1722],[181274.8664,702071.4723],[181709.7447,702901.867900001],[181723,702919.5],[181721.9555,702925.1843],[181730.5,702941.5],[181676.3026,703209.9562],[182219.7672,704192.4345],[182670.425,704640.661],[182663.281,704646.7985],[182671.967,704655.546],[182663.1442,704677.115800001],[182821.9986,704792.504699999],[182433.2993,705385.6009],[182295.4828,705351.064999999],[182363.543,705375.747],[182259.844,705342.134199999],[181335.9002,705110.600099999],[180238.1025,703762.835899999],[178424.2652,702238.091800001],[177811.4001,701823.1],[177680.9998,700583.4998],[176965.3003,700238.999],[176860.8621,699999.9891],[176649.3309,699515.893300001],[176039.8851,698913.7623],[175987.9973,698884.4959],[175853.7122,698938.8912],[175506.6866,699136.301000001],[176141.3634,700000.0035],[177053.0656,701242.501499999],[176871.5093,701371.1314],[176867.5,701374],[176401.6912,700786.789799999],[176393.5956,700795.593900001],[176669.62,702054.7249],[176702.6473,702130.421599999],[176704,702135],[176690.4736,702149.8519],[176695,702170.5],[176677.0149,702164.6294],[176662.201,702180.8949],[176472.894,702431.7949],[176542.0426,702517.089],[177477.1815,703148.6424],[177375.7505,703341.1865],[177253.4982,703573.4275],[177280.4373,703644.52],[177326.3377,703765.3565],[177637.7617,704239.4244],[177694.9076,704291.3894],[178166.0144,704719.162],[178169,704722.5],[178233.6461,704930.0495],[178369.2828,705352.988700001],[179339.0589,706829.2389],[179450.4,706948.1997],[179330.0003,707560.001499999],[179258.4541,707591.387],[179256.71,707598.23],[178931.1016,707760.9553],[179278.0221,707966.9902],[179352.7293,708005.349099999],[179073.0027,707725.895300001],[179497.4998,707503.9999],[179658.6398,707804.594900001],[179699.26,707842.300000001],[179683.1999,707850.4103],[179695.9003,707874.1019],[179419.2779,707987.129899999],[179482.3343,708035.405300001],[179656.4874,708161.3156],[179742.3156,708204.8314],[179714.2653,707853.8564],[179714.36,707848],[179772.2132,707882.577299999],[179778.9002,707810.5001],[180000.0275,707994.574200001],[180546.184,708449.214],[180237.3786,708611.932600001],[180233.1588,708676.6598],[180154.8001,709878.600199999],[180000.011,709993.824100001],[179873.8569,710087.7324],[179114.0908,710678.9099],[179107.5808,710705.8901],[179183.3851,710743.756899999],[179999.9905,710829.3838],[180467.8152,710878.4386],[180546.1001,710869.4012],[180966.2468,711437.468],[181004.0925,711452.114800001],[181078.0993,711438.0845],[181408.4993,711347.3994],[181499.8963,711643.998],[181753.8547,711742.283600001],[181965.0992,711550.9004],[182539.4981,711570.004699999],[182558.3523,711739.969799999],[182705.6012,712110.623199999],[183774.4157,712524.2698],[184217.8,712370.9],[184461.3965,712616.195699999],[183687.3854,713240.1151],[183573.6859,713623.103800001],[183698.3997,713928.6008],[183458.0576,714012.589600001],[183450.0095,714015.066099999],[183057.7991,714151.595699999],[182276.8799,713057.9487],[181967.2398,713370.033299999],[181928.5,713421.5001],[181439.6999,713086.679199999],[179679.0541,713244.8467],[179498.3998,713289.100299999],[178197.5005,711952.995100001],[178112.7432,711967.570499999],[177253.591,712241.759199999],[177207.8875,712436.5835],[177575.045,713482.685799999],[177617.5017,713561.004799999],[177615.0968,713596.801100001],[178205.5774,715279.193700001],[178558.5013,715919.4999],[178399.7969,716117.169299999],[178542.73,716215.18],[178393.9799,716124.4145],[178234.7002,716322.8003],[177774.0918,715834.8476],[177769.7001,715837.547800001],[178375.5377,718738.3084],[178395.73,718763.689999999],[178468.152,719133.884099999],[178535.25,719262.560000001],[178664.8539,719999.9615],[178790.2098,720713.193499999],[178934.0056,721397.234999999],[180724.4524,723010.5513],[180786.4992,723030.0043],[180951.1917,722825.5568],[180993,722542.5],[181163.4999,722561.9998],[181441.983,723181.027000001],[181905.8701,722689.9824],[182514.9859,722022.800100001],[182469.3,722328.500299999],[183046.0002,722302.5013],[183911.1959,723254.100199999],[185743.4998,723364.0002],[187341.0007,724204.599099999],[187527.1997,724595.6998],[187011.9,724915.359999999],[186821.0008,724868.499],[186590.3087,724689.2992],[186494,724681.5],[185317.8449,723700.8594],[185127.5,723553.0011],[184144.1077,723898.1427],[184318.63,724254.220000001],[184494.2966,724350.415100001],[184385.19,724420.23],[184489.9,724463.68],[184342.9978,724482.798900001],[183982,724204.66],[184146.9,724253.43],[182712.6441,722745.189200001],[182539.2947,722586.3661],[182197.9959,723503.998600001],[182157.933,723515.5842],[182156,723521],[182145.9674,723522.2687],[181838.7094,723693.9154],[181608.8298,724062.2566],[182095.7849,725273.109200001],[182093.067,725277.7148],[182022.6681,725397.0074],[182231.1359,725884.9881],[182574.7998,726163.9999],[182463.8813,726429.798],[182807.3157,727233.7082],[183219.7,727746.904100001],[183225.1995,728143.600299999],[183283.0489,728203.6657],[185838.79,729919.960000001],[185813.9482,730034.0396],[185882.4004,730071.798599999],[185864.9846,730102.774800001],[185757.2562,730294.3828],[185292.4979,732428.665100001],[185310.6836,732521.944800001],[185313.212,732524.1842],[185348.585,732524.7841],[185891.4002,732466.6998],[186336.6071,733284.679199999],[186526.597,733598.885199999],[187861.8997,734149.000700001],[188056.9285,734579.034399999],[188070.8533,734587.4967],[188090.5778,734579.0744],[188203.1851,734267.578500001],[187766.3003,733852.6007],[188079.8994,733670.7992],[189193.8987,733942.8007],[189669.4971,734463.001700001],[189674.4999,733848.800799999],[189933.7599,733934.7008],[189936.45,733929.220000001],[189940.2164,733930.088500001],[191690.9581,734372.1927],[192661.9011,734219.1006],[193671.8737,734750.122400001],[194082.1074,734404.8343],[194249.5265,734247.325200001],[194362.8589,733920.097999999],[194496.4158,734015.050000001],[194846.802,733685.404200001],[194892.4166,733722.8081],[194909.357,733708.5495],[194916.2897,733692.377499999],[194922.5209,733697.469699999],[194932.75,733688.859999999],[195416.7629,734152.7718],[195770.7001,734443.0002],[195936.9971,733928.404899999],[196678.7474,734185.474199999],[196936.8669,734099.048599999],[197215.6006,733922.173900001],[197265.9295,733887.203],[197567.9999,733344.500800001],[198067.9393,733720.334100001],[198576.972,733549.8958],[198618.9998,733503.996200001],[198795.896,734312.447000001],[198829.543,734243.0875],[199814.0828,731991.5855],[199815.3002,731988.8013],[199999.9818,732027.664100001],[200082.5653,732045.042300001],[200098.02,732032.119999999],[200380.7138,732079.037],[200417.062,732010.484999999],[200513.24,731820.300000001],[200481.606,731888.7565],[200516.8974,731822.1976],[200854.301,731957.1994],[200931.4009,732305.741699999],[201042.3706,732336.8049],[201356.2424,732204.1719],[201240.0897,732286.567500001],[201135.0497,732362.748199999],[203199,732940.5],[203264.2706,732994.2634],[203457.0038,733026.502800001],[205244.0009,734518.9998],[205206.5611,734594.1285],[206942.9482,736024.390799999],[207000.5002,736044.9998],[206987.5147,736061.100299999],[206486.4851,736651.067199999],[206930.1636,737376.8199],[207010.9775,737502.1316],[207607.5555,737446.667300001],[208100.412,737197.039000001],[207869.7552,737422.2904],[207885.2972,737420.8454],[208061.02,737351.76],[207986.225,737411.462099999],[208109.5021,737400.0009],[207780.3032,737575.8309],[207542.252,737765.845699999],[207592.6942,737859.6975],[207780,737899.5],[208017.7066,738518.717800001],[208992.4157,739765.7421],[209150.4998,739916.5009],[209175.8509,740000.029999999],[209687.8039,741682.3247],[210418,742585.5001],[210771.7587,743468.727399999],[211541.6425,744724.9121],[212049.969,745088.216],[211671.5459,745030.8138],[211778.0019,745422.5045],[211632.9228,745373.0875],[211645.6325,745392.9345],[211712.297,745473.799900001],[211696.7717,745472.791999999],[211733.933,745530.822000001],[211595.3875,745466.209799999],[211469.0017,745458.0044],[211443.4236,745395.3397],[211340.5309,745347.354599999],[210952.0034,745195.499500001],[210933.1783,745157.3813],[210927,745154.5],[210914.1599,745128.261399999],[210903.7038,745124.6998],[210073.9743,743417.614],[209619.0691,742496.4946],[209617.721,742493.765000001],[209577.742,742411.3588],[208456.9936,740466.9669],[208047.3388,740000.017000001],[207866.9869,739794.4407],[207025.0125,739296.5197],[207000.9162,739346.8036],[207017.325,739391.277000001],[206995.7405,739344.418],[205857.9985,738820.0045],[205857.0508,738817.1613],[205798.252,738910.615],[205600.5158,738071.314300001],[205129.8489,737059.496099999],[204997.9998,737116.000299999],[204620.4973,736659.502900001],[204544.7121,735801.595699999],[204371.0195,735428.1994],[203881.3028,735000.097899999],[203885.4752,734417.4058],[203678.3135,734297.000600001],[203602.4937,734254.1862],[201900.3779,733401.305],[201882.6541,733400.217800001],[201197.9972,733369.504699999],[201207.0343,733366.7959],[201190.5,733366],[201214.3643,733359.2237],[201145.5004,733354.999399999],[201499.9523,733232.0165],[201004.1122,732957.48],[201072.9682,733385.516899999],[201075.5003,733401.9954],[200386.1538,733755.761499999],[199469.5639,734950.097899999],[199458.0007,734967.997099999],[198316.9002,735096.6997],[198216.5485,735043.013900001],[198176.8288,735045.2436],[197991.4776,734922.6065],[197501.9012,734660.6951],[197245.3494,734732.711200001],[194033.3103,736047.791999999],[193974.0999,736095.4002],[193012.3,735957.9003],[193011.2056,735880.8408],[192957.43,735868.880999999],[192646.4478,734734.0229],[191392.8003,734847.999700001],[191316.606,734783.9504],[190177.2145,734849.7158],[190636.8984,735874.897500001],[190609.0987,736134.875499999],[190603.8335,736165.613],[190609.4,736173.880000001],[190590.2909,736257.534700001],[190418.4999,737667.9001],[190146.8411,738198.842800001],[190138.23,738236.539999999],[190135.9019,738238.524700001],[190134.296,738245.5989],[190114.2557,738262.529300001],[189955.0978,738573.595000001],[189146.7,738997.200099999],[189554.8502,740000.0064],[189675.1998,740295.6997],[189489.3671,740000.000499999],[188053.8313,737715.7587],[187910.0439,737488.268100001],[187389.6385,737029.8761],[187068.9998,736764.4999],[187590.9003,738217.4968],[187408.3613,738091.614],[186269.9264,737557.0551],[186193.7404,737607.3695],[187195.0348,739002.018200001],[187648.5007,739225.499700001],[187321.2842,739177.8641],[187387.3595,739269.8969],[187965.9998,739802.5002],[187691.7039,739746.454299999],[187784.6309,739966.9889],[188914.7954,741637.602399999],[189043.2014,741414.400800001],[189571.8,741792.8002],[189732.6999,742412.300000001],[190205.2035,742274.3957],[190230.7001,741737.700200001],[190831.3397,742237.7392],[190858.5576,742232.717499999],[190809.5999,741252.699200001],[191392.4152,740934.7776],[191510.2748,740849.386],[191519.5972,740499.602700001],[191941.3931,740537.032],[191988.859,740502.642000001],[192159.0911,740556.990700001],[192347.4006,740574.601199999],[192438.9781,740646.348099999],[193306.5744,740923.3391],[193436.6986,740782.3028],[193768.0009,740935.0996],[193779.492,741074.323999999],[194910.6603,741435.4636],[195021.0266,741436.956700001],[195024.78,741436.949999999],[195029.3427,741447.2478],[195464.079,741985.230799999],[195601.824,741932.221000001],[195518.5468,742052.634299999],[195644.5033,742208.5045],[196297.8998,742359.100199999],[196406.5926,742568.409],[196503.5665,742661.9892],[196512.1965,742470.8048],[196537.4065,742536.362],[196534.74,742347.359999999],[196546.1737,742559.160800001],[196634.1893,742788.0408],[196724.2023,742874.9038],[197297.6959,743956.3298],[197588.9952,744219.345699999],[198448.1056,744009.331499999],[198712.4988,743923.503599999],[198827.8706,743952.4344],[198843.5,743948.98],[199441.9929,744106.432499999],[199999.9897,744246.3565],[200349.4997,744334.0001],[200370.9869,744412.545299999],[200382.5195,744434.4454],[200561.5,744672.5],[200515.0138,744686.0481],[200594.401,744836.802200001],[200491.8327,744854.289899999],[200825.5018,746073.998],[201537.199,746002.398499999],[200855.4973,746139.499299999],[200000.0116,745357.942399999],[199721.4964,745103.4958],[199464.6945,744992.157199999],[199439.5,744999.5],[198693.7003,744683.7673],[197395.9522,744691.595899999],[197144.0993,744813.100299999],[196610.3556,744696.334899999],[196561.44,744696.630000001],[196541.9978,744681.3805],[195832.201,744526.100500001],[195787.1239,744463.793400001],[195806.37,744564.789999999],[195648.3464,744271.9706],[195160.7456,743597.992799999],[193314.0265,742149.5154],[193028.5998,741945.700300001],[192592.2971,742579.1984],[192025.3997,742030.995300001],[192119.4,742303.899800001],[191895.4435,742411.925100001],[191790.2673,742765.4638],[191850.4957,743116.5997],[191686.2887,743114.9767],[191440.8169,743940.1043],[191492.2997,744240.699999999],[190022.0972,743787.702500001],[190792.5981,744866.4037],[190486.5992,745133.997099999],[190221.632,744985.5381],[190263.2934,745186.171499999],[190771.8002,745663.5989],[190660.9999,746171.0001],[191762.5001,747019.5],[192094.8003,746811.899700001],[191755.2999,745990.501],[192190.4,746519.600099999],[193077.4998,746634.699999999],[192323.5988,747196.096799999],[192340.1002,747803.4999],[191999.9966,747733.303099999],[192175.7185,748197.344799999],[192294.2562,748462.453500001],[192455.3012,748071.8013],[193813.0003,750835.0002],[196093.8535,752591.107100001],[196096.4745,752593.4914],[196305.7661,752849.854599999],[197728.63,754341.07],[197814.8061,754710.368000001],[197840.3,754741.799699999],[197980.6994,754540.304500001],[197921.6606,754751.4405],[197989.463,754575.698999999],[197879.0979,754985.883199999],[197887.8288,755023.2984],[197896.762,755035.211999999],[197890.9686,755036.753699999],[197894.86,755053.43],[197804.1965,755171.518999999],[197718.1935,755479.085000001],[197391.9545,755455.8969],[197029.619,755563.324999999],[196838.8365,755416.582800001],[196802.4998,755414.0001],[196838.5001,755869.0002],[196155.5,755539.4999],[196742.5,756212.5],[196965.5707,756414.3804],[198056.403,757163.155300001],[198830.0001,757312.500499999],[199250.5,757917.9999],[199561.2922,757852.536599999],[199624.5,757826.5],[199638.462,757836.282],[199749.0009,757812.9988],[199763.7835,757830.409299999],[200708.8779,757547.977600001],[200715.69,757345.689999999],[200769.3025,757463.202099999],[200783.304,757371.603599999],[200851.9113,757542.7171],[202261.4208,759238.9617],[202630.1533,759565.8365],[204203.6503,759495.9396],[204206.7,759495.859999999],[204660.2862,759656.820900001],[205124.9328,759670.4158],[205637.4344,759362.141899999],[206902.4994,758457.803200001],[207013.8032,758450.4923],[207311.38,758355.25],[207622.8015,758410.490599999],[207835.7995,758396.5],[207859.4596,758409.311000001],[207891.78,758329.5],[207863.1991,758411.3358],[207978.0023,758473.4969],[208822.6152,758623.316199999],[208956.1,758631.199999999],[208970.5662,758649.5601],[209093.2554,758671.322899999],[209716.2993,758743.0012],[209771.3003,759212.800000001],[209891.4697,759188.7777],[210174.49,759083.57],[210088.139,759149.4628],[210191.0004,759128.9004],[209962.2412,759245.5329],[209795.5452,759372.735300001],[209950.3015,759901.800100001],[210298.5563,760000.036599999],[213017.4991,760767.0011],[213442.0001,761136.9999],[215964.2198,761598.7864],[217835.1337,761894.190099999],[217849.6236,761943.98],[218357.2525,762036.920399999],[218333.5042,762058.6231],[218123.7967,762262.404200001],[218103.8075,762259.624600001],[218026.2741,762241.0645],[217930.142,762220.028999999],[217934.5,762234.970000001],[217549.5373,762136.7458],[216861.7211,761986.2392],[215868.7727,762079.9899],[215694.9995,762118.4954],[215460.4075,762021.3223],[212174.9973,761022.913899999],[210002.9976,760639.9978],[208638.2909,759999.987],[208324.2145,759852.693600001],[207182.801,759505.8277],[207097.8554,759530.4789],[206955.893,759573.0462],[206782.4041,759625.586999999],[206666.7002,759655.600299999],[206418.5966,759303.4004],[206195.9974,760000.043500001],[206149.9989,760143.999600001],[206108.811,760123.296800001],[206102.1096,760139.5626],[205018.6716,760116.329500001],[205078.1971,761000.4954],[204521.8024,761077.5613],[203025.6606,761379.351399999],[203020.43,761380.300000001],[202775.3439,761319.4625],[201910.1623,761439.2983],[201696.9032,761561.715299999],[201692.94,761562.9],[201488.2062,761497.7432],[201292.8978,761524.795299999],[202132.9913,762677.902899999],[201835.6954,762934.2481],[202375.1999,764084.9816],[202551.4988,764410.0001],[203919,765563.500299999],[205214.7226,767385.001499999],[206221.3,768759.199999999],[206221.9088,768800.884],[206337.301,768963.100099999],[206706.3008,769086.999700001],[206412.8003,769163.0998],[206588.7933,769525.1373],[209540.1932,773248.836300001],[210069.58,773887.289999999],[210068.0965,773914.8772],[210153.85,774023.07],[210167.8145,774200.6039],[210376,774463.8002],[210851.4997,774659.5999],[211094.5736,774424.540100001],[210882,774683.799799999],[211582.6632,775262.308700001],[211515.185,775374.0572],[211504.9617,775390.9877],[211289.8036,775747.304199999],[211824.2979,775617.201400001],[211385.0901,775840.596799999],[211002.6693,775526.196599999],[210803.8974,774865.896500001],[210874.4009,775696.6986],[210318.8981,776280.3016],[209552.9809,776608.3707],[209498.332,776661.9745],[209451.8291,776651.6976],[209378.4526,776683.1273],[209353.0371,776696.5349],[209159.2963,776776.999600001],[208127.9239,776423.519099999],[207725.4353,776604.432],[207154.713,777173.1116],[207103.1001,777485.6995],[206573.8095,777751.936000001],[206365.5,777959.5],[205960.926,778060.2203],[205507.8967,778288.096899999],[205069.5976,778282.119999999],[204955.48,778310.529999999],[204728.0337,778310.1921],[197878.6552,778966.419299999],[196745.401,779190.6588],[196759.3133,779048.9176],[196783.4999,778802.4999],[196531.5003,778747],[198280.4988,777671.0035],[199115.5368,777667.646400001],[201608.4568,777143.851500001],[201652,777105],[201768.8195,777110.157199999],[202071.472,777046.566],[202285.0006,776991.9989],[206168.4998,777245.4999],[207910.9033,776095.9044],[208056.7029,776064.649900001],[209521.1353,775732.7042],[209377.1089,774992.864800001],[208505.4323,773638.5436],[207686.9006,772786.001],[207614.1159,772559.6591],[207415.6,772341.130000001],[207494.7652,772188.5089],[207480.9976,772145.6951],[206770.0003,771831.9998],[205753.5939,770783.8452],[203261.9262,768332.6664],[203348.9987,768684.9946],[203029.0026,768861.495200001],[202067.0008,768602],[202307.9999,768498.000299999],[202252.4993,768127.495300001],[201993.4987,768207.499199999],[202549.4017,767616.119899999],[201554.879,765846.116800001],[201123.5031,765430.497300001],[200888.0002,764775.100199999],[201567.5758,763611.012700001],[201671.0456,763428.3839],[199999.9957,762763.242900001],[199716.9998,762650.5999],[199023.5013,761366.5],[198863.3999,762392.096999999],[198190.8842,762707.5222],[197776.9998,762570.9999],[197366.4327,761976.642000001],[196419.3508,760922.565300001],[195696.9998,760559.0009],[195593.7064,760314.397600001],[195108.0833,760000.0372],[194848.5,759832],[194791.6716,759622.0614],[194594.9977,759495.995999999],[194240.5001,759593.9988],[194522.3852,758811.293400001],[192606.4604,756678.920399999],[191719.4997,755732.0035],[191662.2459,755692.895],[190901.3822,755569.101500001],[190806.5003,755940.4998],[189528.0001,755380.5002],[187160.5003,752435.497099999],[186553.195,752617.4406],[186599.885,752676.913000001],[186330.177,752717.176999999],[186318.7615,752687.674900001],[186311.0002,752690.0001],[186218.5354,752428.6501],[186026.7815,751933.0809],[185895.0552,752041.0133],[185403.5,752544],[185372.9033,752548.704299999],[185364.83,752556.609999999],[185239.0833,752579.219900001],[185086.9997,752704.000299999],[184494.1251,752713.167199999],[184113.264,752781.648],[184121.0118,752724.986300001],[183599.4999,752726.9998],[183672.9997,752390],[185041.3148,751810.8215],[185579.2076,751248.1362],[184138.0011,749259.496200001],[183875.3253,748570.250499999],[183231.2751,747650.0548],[182199.5001,746752.999700001],[182423.0036,746692.501],[182210.0831,746191.012399999],[181886.1864,745728.2404],[181275.4998,745398.4999],[181259.9965,744868.0033],[181174.6944,744796.2984],[179664.0439,743869.2695],[179484.9998,743837.499299999],[179382.378,743696.421800001],[173558.8755,740122.759099999],[173318.8586,740011.543299999],[172765.201,741548.6405],[172748.9998,741655.5],[172540.1181,741718.777799999],[169796.1451,743216.126800001],[169721.4,743294.4001],[169392.2007,743230.5996],[169121.8735,742638.251700001],[168567.2493,743542.1831],[168186.4999,744209.499700001],[168194.888,744322.121400001],[168396.1362,744751.4353],[168618.9987,744695.002800001],[169109.5002,745206.5001],[169236.496,746122.0043],[169378.287,746298.727299999],[169755.9455,746613.6614],[169758,746616.5],[169693.938,746692.1427],[170269.8993,747409.999199999],[169810.8964,747725.995200001],[168685.0004,746495.497400001],[168362.8101,745601.7381],[167394.7606,744251.929400001],[167174.4562,744281.5012],[165127.671,744990.494999999],[163899.9999,745668.5],[163382.8323,745729.052100001],[162675.5983,745839.877900001],[162411.8966,745931.2225],[161995.2784,746263.3616],[162070,746291.5],[162061.6255,746292.433900001],[162066.5,746294.5],[161813.7714,746408.0638],[161423.9999,746718.799900001],[161417.1137,746718.8804],[161415.9,746723.08],[160121.614,746743.1307],[159999.9911,747127.901799999],[159956.4984,747265.497],[158651.9084,748387.8314],[158250.2955,748854.8573],[157838.2284,749885.9256],[157836.4945,749888.503599999],[156940.0001,750408.500299999],[156781.5002,751324.9999],[156543.369,751605.3661],[155988.0327,753374.0045],[155971.0004,753583.9991],[154645.21,754713.964400001],[154593.6723,757664.064200001],[154649,757687],[154613.934,757890.043299999],[154650.4965,758010.001399999],[157117.5006,757983.999500001],[157994.5036,758565.002499999],[158028.8335,758548.549900001],[158330.0083,758353.9145],[158751.5,758079.5],[158754.7816,758079.403000001],[158758.5,758077],[159027.8377,758069.777000001],[159295.5,757941.4998],[159758.5015,758034.5044],[159752.9515,758142.0699],[159822.9269,758181.4889],[159948.9999,758010.5002],[159951.3756,758253.8473],[160000.0112,758281.244999999],[160403.4633,758508.520099999],[160704.0038,758601.5021],[160943.9578,758301.318600001],[161039.2566,758076.924000001],[161042.9465,758069.4274],[161008.3489,758220.7651],[161293.4279,757864.129799999],[161471.1982,757000.949200001],[161481.9986,756500.002900001],[161998.02,756590.4965],[164886.7613,754592.602],[165093.9959,754266.0031],[165271.6115,754818.123],[165415.745,754751.755000001],[165295.941,754893.751399999],[165338.0013,755024.496300001],[164574.6501,755750.640799999],[164553.7538,755773.420700001],[164539.1991,755790.717800001],[164507.2156,755817.494999999],[164483.5681,755837.283399999],[164106.9965,756195.500499999],[164040.6805,756207.895099999],[164036.7854,756208.049799999],[164023.6949,756208.306399999],[163770.2811,756247.263499999],[162490.6835,757007.0908],[162427.7701,757075.974099999],[162488.1035,758114.6469],[163097.5881,758534.6162],[164342.7295,758643.9016],[164479.5003,758543.5],[164662.2863,758671.948899999],[164782.5,758682.5],[165617.5491,759284.330800001],[166085.4992,759318.500499999],[166112.0405,759640.7172],[166401.653,759849.444800001],[166702.054,760000.034499999],[167854.0001,760577.5001],[168375.0267,761271.6812],[169344.9157,761970.693],[170130.5002,762308.5],[170729.9992,762939.000499999],[172194.5024,762340.501800001],[173187.4998,760571],[173328.0566,760648.4158],[173843.366,760754.905099999],[174472.0026,760631.501],[175006.7659,760000.011499999],[175047.0002,759952.499700001],[175836.7054,759903.112400001],[175915.27,759856.02],[176919.2025,759835.414100001],[178924.5005,759710.004799999],[179249.8367,759999.989],[179513.503,760235.0045],[180000.0091,760245.035599999],[183562.9999,760318.5],[183655.5002,760827.5002],[182503.8459,760777.192199999],[181987.4034,760821.4519],[181541.479,761188.454600001],[181353.7013,761342.998500001],[181380.7008,761669.4988],[181269.9988,761225.3004],[180625.4979,760993.497400001],[180368.0622,760960.2314],[180082.2152,760984.728800001],[180000.0072,761177.8849],[179932.5262,761335.2941],[179097.8461,761125.3687],[178892.669,761116.8486],[178660.5019,761174.9954],[178405.5478,761036.0637],[177035.524,760647.251499999],[176600.4992,760678.998400001],[176247.997,760432.9978],[175667.0005,761221.5009],[174700.6407,761340.8771],[174492.9335,761572.240900001],[174494.2147,761575.5858],[174862.497,761651.9989],[174272.9523,762050.127499999],[173386.1487,762919.015900001],[173380.9995,763039.8004],[173204.8749,763096.627599999],[172608.1957,763681.252699999],[172542.9998,763806.5001],[171657.5016,764032.497500001],[170671.9193,763741.436699999],[170066.0739,763738.1669],[169969.5518,763819.216],[170050.4979,764142.9959],[169396.8784,763774.722200001],[169349.5637,763758.112199999],[168940.601,764723.800100001],[168771,763521.499700001],[168450.5026,763550.4955],[167388.503,762245.180400001],[166269.756,761232.550000001],[165930.9998,761150.4998],[165401.3649,760555.535],[164875.2351,760245.2861],[164564.9656,760230.1888],[163719.9662,760886.376399999],[163624,761015],[162348.919,760498.007999999],[162079.4597,760398.125800001],[161852.4999,760689.999700001],[161529.1637,760354.9296],[161373.3355,760376.8486],[161221.5121,760479.3475],[161128.2858,760411.317500001],[160995.1256,760430.048],[161000.0015,760589.503],[161168.8427,760514.9056],[160947.9998,760664.0009],[160965.496,761064.497099999],[160621.0004,760608.998600001],[160225.2862,760630.676899999],[160000.0094,760775.8594],[159938.5,760815.5],[159631.4425,760663.2094],[159600.2938,760664.9158],[159569.9562,761443.204700001],[159569.7694,761453.7082],[159566.9999,761528.9999],[158942.8998,762157.299900001],[158479.999,762172.699899999],[158321.828,761938.3476],[157946.2396,761609.092],[157776.719,761740.6011],[157605.5016,761902.497199999],[157395.4999,761320.9998],[156799.8013,761510.199899999],[156633.466,760510.8509],[156620.913,760474.4233],[156557.0196,760536.460000001],[155952.71,761745.07],[155907.8294,761741.017200001],[155895.5005,761901.498600001],[155677.1313,761720.184699999],[155149.8085,761672.566400001],[154886,761792.5],[153249.0002,761546.5001],[153013.9128,761833.9572],[152344,762724.5],[152259.0266,762757.007300001],[152027.9989,763039.500299999],[151332.115,763111.604800001],[151053.2908,763217.3434],[150879.5273,763158.5001],[150071.8876,763242.1843],[150068.28,763245.4],[150064.887,763242.909700001],[150053.4003,763244.0999],[149762.7399,763021.1483],[149241.3687,762638.4868],[148631.6992,763209.399700001],[148478.5954,763138.080600001],[148433.9297,763174.7163],[148646.2156,763373.3948],[148485.2012,763744.6993],[147994.9025,763684.9977],[147248.6514,762943.573799999],[146433.035,762292.1875],[145384.4997,762786.999299999],[143890.2839,762890.2009],[143851.7301,762900.959899999],[143429.9993,763577.9987],[142952.3156,763659.5855],[142061.6982,764551.9802],[141839.8069,765095.6711],[141678.7172,766110.018100001],[141710.5002,766100],[141615.9704,766505.1209],[141576.4111,766754.217],[141823.4993,766682.4999],[141891.6294,766966.2706],[141875.1285,766991.763],[141598.9648,767451.6472],[141652.5807,767495.574100001],[142107.8225,767368.8687],[142479.0773,767264.586999999],[142729.4996,767800.999199999],[142539.969,768222.601299999],[142842.219,768470.2313],[143134.0694,768616.0459],[143194.5771,768604.637],[143898,768108.9998],[144247.4968,768382.002499999],[144425.4997,768859.4958],[144217.1526,768944.410700001],[144170.4197,768975.000800001],[144442.6,769180.800100001],[144405.6813,769199.173900001],[144423.0777,769205.457],[144036.5221,769462.271600001],[144421.995,769698.191],[143977.0005,769828.499299999],[143901.9231,770209.185000001],[143979.2312,770308.8336],[144159.6327,770410.860200001],[145185.8056,770103.008300001],[145309.501,769966.999399999],[146054.5,770290.499700001],[146054.9579,770383.818700001],[148366.6615,771332.2568],[148448.001,771351.0013],[148592.3405,771335.800899999],[149608.3187,771093.9092],[149845.4923,770738.479800001],[149909,770634.5],[149998.5091,770745.472999999],[150459.5237,770891.2479],[151056.5088,770749.1131],[151639.5003,770381.5001],[152157.5056,770845.488399999],[152302.52,770705.01],[152311.0219,770723.8564],[152459.8003,770522.8002],[152412.8766,770771.6798],[152438.32,770754.810000001],[152548.8975,771167.7885],[152622.5001,771214.000800001],[153384.7971,770784.9046],[153432.3001,770820.695599999],[153440.68,770815.109999999],[153488.6511,770863.153100001],[153784.9501,771086.398700001],[154095.1767,771011.1458],[154288.52,770881.380000001],[154322.2584,770926.396299999],[154578.1101,770795.860200001],[154578.8757,770800.082699999],[154586.2692,770827.120200001],[154752.4961,771387.0023],[154937.7997,771218.0041],[154857.9768,771706.5803],[155249.5002,771350.002900001],[155700.3585,771454.1633],[156224.3919,771283.407199999],[156410.0004,771182.0001],[156662.8683,771266.5211],[156719.7141,771251.768200001],[156751.2902,771242.8694],[156755.3297,771245.636499999],[156959.034,771365.5143],[157138.5001,771425.500700001],[157077.2353,771709.475],[157114.2169,771762.762399999],[157446.9993,771574.4998],[157520.082,771815.522299999],[157619,771817],[157812.6696,772769.1732],[157900.407,772895.5954],[158048.4273,772796.464199999],[160809.5,769236.5],[160886.3513,769230.499199999],[160953.3391,769208.252],[161081.504,768844.9999],[161089.0815,768848.267999999],[161080.78,768827.35],[161112.1209,768858.204700001],[161896.5001,769196.501],[162586.4335,770268.8981],[163463.5,769193.5],[162771.9227,770089.5626],[163546.9998,769339.499700001],[163034.999,768252.4998],[163429.0001,767804.499199999],[164790.9982,767851.0044],[164896,767534.5],[164983.5002,767457.9998],[165234.699,767547.7005],[164911.25,767620.228],[165113.7939,768053.701300001],[164576.5013,768353.5],[164907.0003,768230.999700001],[165054.7993,768779.5999],[165182.4845,768623.429],[165404.2988,768785.9968],[164583,768957.499],[164818.2977,769797.398499999],[164618.5,770034.3939],[164044.5991,769648.2007],[163615.2122,769905.2684],[163653,769902],[163511.5,770094],[162563.7995,770534.733899999],[162400.4997,770632.4991],[162722.5001,770604.9998],[162862.9974,771019.9978],[162453.6809,771312.5437],[162652.7946,772649.817],[162675.6653,772707.1472],[163205.2528,772391.259199999],[163304.3902,772331.4473],[163807.7595,772031.876399999],[163960.0032,771800.503900001],[163966.6505,771937.101199999],[164139.5,771834],[164302.4024,771863.116599999],[164400.9997,771779.500600001],[164518.8003,770637.200099999],[164528.4012,770896.7026],[164756.8969,770806.498500001],[164544.0004,771085.999600001],[164726.1787,771938.8609],[164832.5129,771957.866699999],[165690.5007,771740.0002],[165989.3003,770808.3003],[166595.3417,772539.6295],[167142.9791,772466.2673],[167749,772284.999700001],[167951.2092,772637.228599999],[168309.2327,773028.3003],[169187.9999,772058.500499999],[169295.4977,772259.002699999],[170966.5002,771817.0001],[170691.6008,772333.9],[171232.2992,772112.5002],[170944.7992,772554.7994],[170434.7999,772362],[166042.8277,774537.8649],[165982.5,774631],[165977.0033,774633.7357],[165334.1374,774888.963300001],[164180.5009,775460.496300001],[164373.4145,776550.032299999],[164767.5179,777702.079500001],[165119.3946,777944.3599],[165776.4722,777929.2435],[166660.0002,777660.5001],[166561.7564,777915.503799999],[166705.5133,777895.649599999],[167138.8441,777529.5001],[167238.5003,777224.002],[167434.8269,777607.739399999],[168598.8977,778154.0173],[169164.4998,778083.9998],[169938.4979,778384.5],[169948.6941,778620.716499999],[170232.7927,778795.4728],[170512.5004,778801.0001],[170543.7434,778986.7465],[170978.3396,779254.0778],[171130.3585,779261.4604],[171544.4792,778988.4716],[171694.0015,778803.500600001],[171784.9717,778829.9388],[171885,778764],[171931.2957,778872.464199999],[172130.9989,778930.503],[172457.4999,778608.000299999],[173246.4104,778663.551200001],[173280.5,778653.5],[173286.5442,778666.3772],[173290.9667,778666.6886],[173296.5466,778667.0099],[173325.084,778668.5791],[173373.4998,778672.5001],[173920.0001,779144.000299999],[174148.034,779999.990700001],[174306.1158,780593.396299999],[175590.6136,781259.613299999],[175623.0007,781256.0001],[176319.2008,781568.298800001],[176382.4987,782004.0032],[176676.196,781944.800100001],[176053.001,782162.9987],[176024.4465,782323.645400001],[176013,782473],[175998.6804,782468.604499999],[175983.5025,782553.995200001],[175742.792,782431.282],[175727.8935,782417.834100001],[175372.5035,782577.9989],[174778.0002,782084.0002],[174022.9906,781237.157],[173957.5,781173.5],[173908.8856,781109.1732],[173552.9997,780710.0001],[173448.5411,780033.614700001],[173040.4573,779498.5274],[172889.0004,779480.4955],[172755.501,779600.5419],[172682,779737],[172583.4894,779755.2194],[172311.2831,779999.9948],[172249.0012,780056.000399999],[171073.4998,780019.4999],[170795.0022,780556.997400001],[170634.6064,780491.5448],[170103.3345,780549.9527],[169869.5,780745.5001],[169138.321,780683.0952],[170629.7081,782326.438200001],[171070.8495,782649.312200001],[172774.3327,783188.692399999],[173261.0001,783239.4999],[173370.0004,783509.5012],[172882.0003,783563.9999],[172909.8493,783572.8583],[173333.5,783684],[173253.8855,783682.292199999],[173362.9988,783716.9998],[172251.5005,783667.9969],[172919.9998,784088.999299999],[172465.5003,784536.499199999],[172167.335,784464.152899999],[170280.8388,784378.5419],[170023.9983,784407.495200001],[169696.127,784208.178300001],[169054.4858,784147.058599999],[168856.0016,784318.501],[168656.2263,784109.122300001],[168491.917,784093.471000001],[168625.9987,784435.997],[168359.8796,784080.8938],[168329.5,784078],[167948.7437,783751.615],[167364.0006,783626.499600001],[166939.0003,784024.000299999],[165619.999,783239.5002],[165319.0002,783502.5002],[165137.7106,783361.7204],[164783.5106,783555.2477],[164722.0035,783638.495300001],[164366.8477,783358.342],[163636.2936,782862.757200001],[163465.9999,783190.9998],[163223.4998,782601.9998],[162794.4979,783080.495100001],[162553.6766,782940.335100001],[162463.0019,782926.0288],[162335.7685,782984.510600001],[162070.9997,783788.9998],[161523.497,783384.498],[161326.2871,783939.212200001],[161399,784035.5],[161201.6129,784289.897299999],[161119.0696,784522.075999999],[161688.4661,784757.199899999],[162594.0037,784968.503599999],[162943.9968,785413.4978],[162819.9867,785583.185000001],[162901.5549,785801.4998],[163417.7668,786033.227499999],[163525.5963,785997.467599999],[163864.4999,785274.5001],[164677.3104,785339.2117],[164739.4998,785016.9998],[164936.0041,785288.503],[164905.0002,784682.4999],[165715.9999,785425.0002],[165585.4486,785553.767000001],[165585.8329,785758.6932],[165703,785861.5],[165701.635,785866.9394],[166086.6957,786094.2038],[165673.9001,786413.300100001],[165704.2999,786821.9998],[165412.2986,786451.700300001],[164346,786505],[164074.6007,787163.6962],[163785.4965,787187.499399999],[163797.996,787974.0043],[164125.9,787827.300100001],[164515.7003,788143.6998],[164503.6753,788557.886299999],[164510.5973,788569.1163],[164642.3987,788304.000499999],[165456.599,788345.9001],[164881.1002,788561.496099999],[164820.5767,789072.018100001],[164929.9108,789249.398600001],[165325.4977,789443.002699999],[165217.4738,789715.932499999],[165330.2703,789898.930299999],[165741.3981,789897.003900001],[165711.3023,790366.1997],[165391.0288,790545.065400001],[165392.6202,790610.0221],[165804.9008,790859.1994],[165780.7712,791093.0952],[165822.34,791200.68],[165760.9054,791285.660599999],[165726.5992,791618.2006],[166223.7998,791925.4001],[166392.9971,792765.502800001],[166866.0002,792878.9999],[168014.9985,791850.004799999],[168074.9986,792221.6997],[167756.2,792266.800000001],[167435.7005,793064.8971],[167620.3994,793578.999399999],[166897.4999,793157.5002],[166500.3562,793316.5503],[166443.7461,794066.6856],[166576,794419],[166494.3437,794608.188200001],[166605.1595,795228.790100001],[166664.3977,795326.012499999],[167391.1998,795682.5],[167319.3507,796400.9286],[167677.2168,796988.262499999],[167659.2993,796901.4989],[167968.9002,796891.2009],[168134.8981,797685.704399999],[173833.2721,798089.4441],[173998.486,797587.4915],[174812.5001,794988.4999],[175458.0001,794414.9998],[175685.7631,794504.602],[176178.2884,794209.533500001],[176926.0003,793383.5001],[177694,793158.300000001],[177785.4872,793246.6719],[179044.4435,792492.4399],[179161.9999,792398.898700001],[179164.2851,792457.009099999],[179927.732,793019.02],[179943.5,793019],[180000.0251,793061.154300001],[180042.3544,793092.721899999],[180431.0002,793164.999700001],[180699.0443,793582.456700001],[180910.2553,793739.970000001],[182016.4974,793396.0023],[182550.3138,793601.908199999],[185032.6281,794435.8894],[186965.9996,794653.5012],[186888.4998,795008.4998],[186018.9963,795358.000700001],[186392.4987,795572.999600001],[186365.5,796182],[185748.5001,795464.5],[185508.5034,795650.4969],[185058.5679,795483.5244],[184375.5,795361.5],[182760.7646,794726.724099999],[181975.5029,794707.4969],[180486.4392,793832.6538],[180273.6366,793748.998],[179999.9865,793994.5077],[179013.0022,794879.9969],[177637.496,795268.996099999],[176425,798242.9999],[176436.1877,798272.2137],[176723.6675,798764.243100001],[176951.5003,798585.500299999],[177364.0494,798878.2796],[177382.9999,799369.300000001],[176725.3047,800000.012599999],[176644.1944,800077.795299999],[176088.0036,800448.698999999],[174909,800530.5],[172924.6515,800000.0516],[172851.5018,799980.497500001],[173595.9998,799630.0001],[173131.6864,799227.851500001],[173115.8179,799217.3333],[173091.0494,799232.552200001],[172210.9441,800799.146299999],[172247.5009,800887.998400001],[172171.9771,800868.5079],[172105.7185,800986.4487],[172229.0004,801174.9956],[171914.5001,801338.9999],[171935.9999,801891.5],[170724.2942,801169.0145],[170852,801614.5],[170847.1214,801615.027000001],[170852.999,801651.999600001],[170505.7118,801659.9805],[170448.7508,801825.951400001],[170493.4968,802064.5009],[170356.5295,802094.6622],[169880.9282,803480.451400001],[169867.0002,803546.9999],[170409.9991,803525.002900001],[170509.66,804120.053300001],[172838.5966,806126.658600001],[173155,806233.0002],[174354.0527,807271.6724],[174387.1032,807300.302200001],[174412.1023,807304.0012],[174456.403,807310.599300001],[174168.0001,807480.4998],[174775.0002,809184.001599999],[174972.3525,809207.504899999],[176892.1396,809211.8738],[177205.0005,809126.4999],[179365.8578,809967.75],[179851.8205,809636.075300001],[179999.982,809509.9341],[180101.4995,809423.5045],[182649.2505,808878.5891],[182903.5132,808383.146500001],[184007.0036,806212.003699999],[184056.309,806239.3049],[184210,806172],[184280.9219,806363.6766],[184490.9999,806480.0001],[185011.9831,805673.0328],[185999.5,805163.5],[186011.8562,805170.5878],[186521.5001,804914.5],[186782.9013,804441.8005],[187498.0036,806209.5045],[188119.8346,806188.578500001],[188304.5,806154.5],[188391.6711,806179.430600001],[188543.9968,806174.304500001],[190217.3655,806667.7305],[193910.3785,807030.155300001],[194898.4998,806642.500700001],[195103.2986,806859.499299999],[194873.4998,807129.4998],[194594.5119,807170.7904],[194609,807202],[194422.5347,807214.0187],[193301.8198,807646.598999999],[192859.5016,807937.499600001],[192673.4987,807889.122199999],[192622,807909],[192358.1392,807807.100500001],[190852.4985,807415.499199999],[190843.1389,807364.9362],[189371.5784,806959.307],[189338.8477,806951.595799999],[189336.5681,806949.6566],[189320.5087,806932.495200001],[188929.5382,806541.345799999],[188913.696,806539.791099999],[188692.4992,807036.4988],[186448.5,806740.999700001],[184974.5038,807999.0022],[185149.9998,808431.499199999],[184977.7617,808843.561899999],[184852.4223,809211.823000001],[185075.7002,809484.5998],[184742.0011,809536.253],[184587.9098,809988.990499999],[184571.0991,810375.3005],[183596.7931,810340.6193],[183266.5,811061],[183251.9585,811068.069],[183236.4998,811101.0001],[181643.5002,811886.4999],[179999.9954,811773.9451],[178635.4701,811680.5677],[177452.9133,812848.689999999],[177419.4966,813029.0024],[176947.9998,813428.9999],[177008.829,813936.028100001],[177121.5,814568],[177084.0221,814562.782600001],[177119.4999,814858.4999],[176829.4965,814750.499600001],[177065.4,815100.327],[177499,815532.5],[177551.2374,815650.7733],[178685.896,816859.198000001],[179999.9992,817712.0244],[180039.1,817737.4],[180075.9295,817885.619999999],[180371.5005,818091.303300001],[180722.501,818016.8047],[180411.7002,818243.800100001],[180552.2003,818769.800100001],[181274.7964,819348.803400001],[181317.5491,820000.018100001],[181329.8968,820188.100199999],[181173.2775,820000.031099999],[181076.8998,819884.3003],[181040.546,820000.043099999],[180853.2996,820596.1964],[180000.0102,820890.479800001],[179435.9994,821084.996400001],[179452.736,821174.9506],[179714.835,822360.656199999],[179883.92,822562.466399999],[181877.6951,823781.095699999],[182409.8032,823863.701300001],[183058.3011,824430.499399999],[183373.0865,824280.146199999],[183475.73,824190.73],[183542.5311,824199.213099999],[183910.1991,824023.6011],[185018.7779,824618.1053],[186663.2413,825345.5755],[186952.5022,825235.998199999],[187246.9993,825603.503],[187348.9989,825286.503699999],[187495.899,825326.0329],[187897.6566,824827.3785],[188479.6019,823558.1976],[189976.0003,821527.9999],[191574.097,820264.245999999],[192308.04,819353.289000001],[192359.4753,819374.098300001],[192442,819195.5],[192475.634,819215.0426],[192788.4966,818714.504899999],[193235.8759,819044.679500001],[193391.21,818855.6],[193249.304,819054.5897],[193680.2012,819372.600099999],[193900.4647,819997.540200001],[194202.9565,820119.9201],[194328.92,820123.189999999],[194344.1873,820144.2234],[194387.4998,820148.799900001],[194409.0593,820203.3036],[194411.72,820204.380000001],[194412.803,820212.7678],[194435.3919,820269.8738],[194682,820609.619999999],[194660.1826,820647.2443],[194685.57,820689.060000001],[194629.4923,820760.570599999],[194654.8992,820824.8006],[194776.1004,820418.1986],[195339.3003,820848.9002],[194994.5003,820970.9999],[195225.1951,821051.1006],[194969.2,821022.799699999],[195070.0039,821324.3979],[193948.4002,820646.899900001],[193946.6527,820652.3453],[193961.91,820866.210000001],[193868.5617,820895.693700001],[193855.4992,820936.3993],[192362.9567,821393.7761],[191565.6731,821858.2037],[188087.4001,825845.899900001],[188111.1056,825974.337400001],[188732.7419,827028.020199999],[189332.7,827400.4998],[190042.8239,828322.4628],[190151.5858,829351.4473],[190182.319,829363.6325],[190438.7543,829457.418],[191544.2875,829700.866599999],[191718.7513,829690.244100001],[191678.2,829730.3554],[193519.7288,830135.8771],[193431.8001,830176.899700001],[193785.9007,830400.299699999],[193136.0999,830286.4012],[193255.4968,830552.6963],[192849.7992,830671.901000001],[192160.0992,830201.3969],[191435.5003,830349.600099999],[191182.5568,829987.079299999],[190861.24,830079.07],[190669.5316,829948.0221],[190435.2993,829939.800799999],[189881.5012,829389.4998],[189899.41,828618.77],[189262.62,827889.01],[188610.2228,827701.6909],[188139.6009,827567.9002],[188325.559,827464.881100001],[188194.0306,827166.433700001],[187987.0017,826923.6951],[187956.3945,826627.2206],[187842.2944,826368.319399999],[187732.1964,826638.5967],[187108.6966,826570.6961],[187040.6006,826817.4955],[185962.9527,826356.150900001],[185773.6076,826307.5284],[185640.6002,827050.693499999],[184818.2127,826062.1894],[184410.6012,825957.5175],[184349.6002,826158.100299999],[183500.3033,825735.1953],[183094.2011,826881.3972],[181975.9991,826210.1995],[181673.8002,827012.4002],[180258.4002,827730.1997],[180000.0091,827618.0348],[179799.0574,827530.8037],[175169.3096,827511.698000001],[175136.0249,827535.1515],[175757.175,827668.988700001],[175977.9779,827572.663799999],[176005.0825,827560.9846],[175407.2976,829052.4957],[176226.4003,829726.9998],[175625.6556,829911.816],[175703.2346,830129.1647],[176095.1312,830761.0319],[176300.9561,831075.6601],[177201.2993,831330.003799999],[177491.9511,832197.7886],[177530.4579,832282.0681],[178054.2004,831825.8017],[179114.1924,832273.404300001],[178493.2148,832415.946900001],[178433.7193,832857.187999999],[178450.3002,833000.0998],[178760.5984,833158.4003],[178594.1998,833527.499700001],[178345.5983,833320.903899999],[178301.0735,833890.079],[178320.129,833887.433599999],[178614.7001,833612.700099999],[179738.7,833651.200300001],[180000.0028,833841.378799999],[180042.9,833872.5998],[180000.0027,834001.6909],[179991.8092,834026.3477],[180110.534,834132.074100001],[180310.5012,834001.400699999],[180719.0772,834186.384400001],[180722.0642,834088.437100001],[180526.3003,833855.000499999],[180699.2001,833607.501499999],[180000.0028,833238.0197],[179716.2993,833088.100299999],[180000.0028,833050.0798],[180391.5998,832997.5999],[181197.201,833087.9005],[181200.6958,833226.1317],[181708.9769,833345.577199999],[182318.3002,833240.899700001],[182683.8469,833433.698100001],[183788.7702,833823.465500001],[184525,833782.200999999],[184259.6982,833935.298],[184309.2032,834300.977],[184889.1873,834903.6807],[184907.7001,834919.499700001],[187509.0002,834705.4999],[189298.2167,836193.6735],[191365.5,837817.5],[191452.2598,837985.289999999],[192327.2997,838713.1009],[192622.8057,840000.0517],[192672.0009,840214.3007],[193781.9993,841326.0997],[193462.8001,841182.4991],[193652.3976,841426.2038],[193446.601,841534.0012],[193685.3968,841530.5033],[193171.0999,841919.4014],[193415.5998,842164.801200001],[192931.599,841961.9002],[192977.2997,842472.398700001],[191874.9013,841754.1],[191160.501,840433.4549],[190644.7952,839900.523499999],[189521.8999,839256.1],[189260.9003,838640.4003],[189389.89,838603.7017],[188936.6598,838135.332599999],[188634.5029,838018.699200001],[188578.2802,837775.4439],[188495.906,837679.856699999],[187485.7977,836636.0086],[186454.5002,835690.695599999],[186452.5443,835568.2423],[186245.2778,835354.0526],[184603.303,835570.000700001],[183449.1009,835157.699100001],[182789.8721,835622.9165],[182801.3202,835649.6567],[183630.5012,836251.494999999],[181468.4976,836532.5046],[181462.5459,836565.807700001],[181653.9008,838020.159700001],[183154.3991,838335.0001],[184115.296,839107.9901],[183892.2001,839611.299900001],[183322.889,839907.0811],[183314.1,839945.4],[183258.2848,839940.6457],[183144.0023,840000.020300001],[182962.671,840094.229499999],[182928.572,840165.5166],[183527.5,841563.6008],[183466.1034,842498.0978],[182257.7558,840149.0591],[180752.2219,839155.454],[180186.5,839051.000299999],[179999.9898,838860.658299999],[179722.4827,838577.450099999],[178715.8281,838127.675799999],[178351.501,838022.499199999],[176773.4284,836529.575300001],[175036.1057,835382.9969],[172164.0039,834782.4955],[172113.5003,835242.4999],[171897.6705,835481.6822],[171196.1008,837603.5111],[171165.7995,838170.295700001],[170647.5002,837519.499700001],[170763.4978,836633.9955],[170749.4354,836625.451400001],[170338.1615,836678.0789],[170254.0006,836797.999],[170167.235,837498.1053],[170185.74,838028.27],[170079.5628,838205.526900001],[169974.6817,839051.806700001],[170060,839123.300000001],[169898.0238,839670.354699999],[169869.997,839896.501700001],[169917.8377,839885.067199999],[170288.2861,839483.531199999],[170309.5995,839267.900699999],[170580.4988,839569.499500001],[170580.6466,839999.966],[170580.9938,841011.099400001],[170598.0003,841004.9507],[171280.0437,839999.9618],[171388.4002,839840.298900001],[171325.6629,839999.9618],[171090.9363,840600.16],[171343.3341,840689.814099999],[171346.2421,840689.690400001],[171358.9974,840696.502699999],[171188.5967,841484.697000001],[170678.2002,842229.5001],[170378.4071,842176.7467],[170804.0726,843948.841800001],[171058.5968,844543.8014],[171677.2992,845144.899700001],[171039.9001,845719.600099999],[170014.9477,845544.6198],[168787.9225,845789.147299999],[168723.4447,845928.7082],[168427.5,847857.5],[168419.6201,847875.444599999],[168393.4962,848925.997],[168077.999,848756.4955],[167897.4981,849277.996200001],[168214.0007,849994.000800001],[168220.2058,850759.279300001],[169175.1149,854623.5437],[169359.4997,855035.500299999],[169383.6599,855467.4703],[170217.1481,858840.376499999],[170462.9978,858265.303300001],[170650.4998,858596.9989],[170468.17,859856.195499999],[170687.4226,860743.4528],[170751.996,860818.003],[171184.7738,860703.284299999],[171472.5,860521.5],[171563.2241,860602.966600001],[171697.0027,860567.5052],[171926.001,861018.4955],[171867.7105,860995.1801],[172247.1297,861449.933700001],[172527.5039,860788.5001],[172903.4207,860749.585899999],[172967.7199,860667.943],[172968.1795,860620.100400001],[172927.5,860320],[172971.266,860298.8323],[172972.499,860170.499199999],[173249.0379,860164.486199999],[173435.0979,860074.497099999],[173932.0425,859443.5096],[173930.5002,859296.999299999],[173947.431,859300.388499999],[173947.5,859297.5],[174023.2899,859327.649599999],[174687.1919,858484.670600001],[174692.5007,858412.000700001],[174731.5584,858428.3369],[174746,858410],[175268.0613,858158.596000001],[175247.5001,858128.003],[176151.4978,857721.499600001],[176155.4112,857709.659700001],[176148.6027,857462.908],[175762.9999,857362.999700001],[175906.6629,857075.944499999],[176125,856607.5],[176138.5757,856612.5561],[176186.497,856516.804099999],[177079.4999,856961.5001],[178259.0001,856013.999],[177758.2175,857257.9605],[177696.5399,857416.0529],[178224.5031,857864.498400001],[178230.1786,857857.3686],[178445.7078,856526.2169],[178432.5,856533.5],[178435.543,856515.682499999],[178395.4974,856535.4988],[178442.0876,856477.3618],[178664,855178],[178751.1724,855095.200999999],[178762.0003,854905.3003],[178923.1927,854931.810799999],[179375.3408,854502.346799999],[179408.5021,854456.6039],[179449.6584,854456.2742],[180555.2282,853440.6698],[180640.9998,853222.600299999],[180846.8644,853172.7654],[181357.1523,852704.002],[181483.0005,852403.600099999],[181785.9998,852834.099300001],[181435.1824,853625.975299999],[181429.5062,853784.380799999],[181596.7995,854301.999],[181387.5783,854954.467599999],[181345.7797,856120.9487],[181622.875,856072.324200001],[181821.5682,855776.427200001],[181842,855354.5002],[182082.6653,855387.597100001],[182688.0059,854486.114],[182544.5029,853884.997500001],[182578.0645,853871.274900001],[182628.699,853855.7903],[183269.4999,853633.499700001],[183457.5001,854089.0001],[183216.0705,854500.728399999],[183208.6516,854862.795399999],[183242.5076,854878.9242],[183580.5,854492],[183582.5355,854494.3883],[183625.9997,854441.999199999],[184033.1112,854962.130100001],[184429.3873,854982.831700001],[184699.3001,854510.499700001],[185061.905,854759.0735],[185594.6925,854982.058900001],[185799.5001,854958.5],[186033.8113,854598.5581],[186129,854439],[186127.1459,854448.217399999],[186131.4582,854440.735300001],[186172.5029,854385.5042],[185986.9973,855192.0034],[186009.6416,855195.167400001],[186529.7767,854877.3573],[186694.0002,854578.5001],[187048.5001,854786.5002],[186929.4998,855378.4998],[188575.9999,854294.9003],[189641.3001,854608.899900001],[189483.2999,854974.399900001],[189748.7997,855342.9987],[189952.2997,855095.3006],[189723.997,856122.097100001],[189289.2002,856166.5001],[189670.8007,856506.898700001],[188736.8712,856810.0945],[188670,856855],[188459.9359,856906.136499999],[188421.5,856948.5],[188171.8415,856993.5287],[187756.4001,857128.399800001],[187501.5361,857114.4257],[185515.2413,857472.676000001],[185382.1998,857536.700200001],[184511.2999,857542.600099999],[184471.7246,857517.6547],[182838.6231,857537.870300001],[182625.899,857621.599400001],[182607.1593,857508.5295],[181908.0114,857179.554199999],[181662.0005,857269.0001],[180907.0096,856765.3245],[180572.2003,856554.2358],[180514.9977,857392.5023],[180430.3943,857412.1383],[179440.1574,858084.9222],[179253.4993,858602.499],[178566.5347,858678.493799999],[178756.7563,859447.6908],[179023.3052,859398.6009],[179504.1196,858922.0342],[179515.4987,858898.001800001],[179931.9975,859030.004799999],[179752.5804,859999.9691],[179737,860084.1998],[179679.2316,860099.521400001],[179678.57,860102.51],[179661.9511,860106.0178],[177355.7331,861121.6434],[177270.5001,861178.4998],[177263.8888,861197.2136],[177043.1212,863441.6844],[177071.4973,863558.498500001],[175844.5001,865506.500299999],[174936.9993,866534.9965],[173279,867551.9954],[172733.6244,867297.729699999],[172166,867427.5],[172604.7474,868757.9629],[172871.0003,868947.5],[172804.7804,869364.545299999],[173196.7608,870553.191500001],[174318.8002,872265.300100001],[174299.5995,873827.499299999],[175309.8003,873751.700099999],[175792.0041,874346.466600001],[177408.9943,874882.9965],[177918.2145,873920.0888],[177780.9025,873759.499700001],[179197.7128,873782.925899999],[179214.8769,873749.3193],[179375.2003,873319.904300001],[179428.2545,873331.5349],[179436.96,873314.49],[179646.9347,873365.859300001],[179988.7693,873047.351],[180000.0112,873006.5919],[180068.3001,872759],[180522.9003,872547.299699999],[180826.1995,872715.5987],[180752.1135,872868.384500001],[180633.4634,873106.489399999],[180348.14,873685.1569],[181117.1547,873846.045299999],[181322.3643,873890.3026],[180984.5128,874439.5779],[180873.8398,874934.806700001],[181019.7013,875150.100400001],[180605.927,874996.4736],[180067.7715,875101.4333],[180533.4,875815.799900001],[180035.7776,877129.3617],[180025.4903,877161.721899999],[180000.0222,877164.4586],[176256.6997,877511.8002],[175580.3999,878584.299900001],[174853.6996,879070.2991],[173925.3886,879210.468900001],[173213,879744.5],[173310.4894,879999.986400001],[173745.5,881140],[173624.5208,881548.3049],[173581.0827,881694.913000001],[173748.9943,882584.6505],[174111,883426.500600001],[174202.9997,884545.000299999],[174102.8843,884999.244899999],[173908.2655,889607.0265],[174055.0001,889878.5],[173830.8035,891792.514],[174840.387,891861.6669],[174994.0001,891760.5002],[175888.5003,891752.4998],[177048.5251,892961.9888],[178317.4991,892325.504000001],[178846.998,892379.999600001],[178976.5764,892567.492900001],[179566.6496,892691.413899999],[179702.4976,892583.500499999],[180000.0113,892655.730799999],[180637.4999,892810.5001],[180674.0036,892474.501399999],[181066.0927,892341.033299999],[181582.5885,892085.3584],[181022.3994,890976.0001],[181217.7992,890628.1998],[180918.1999,890512.300000001],[180944.6986,889789],[180996.0516,889778.046],[181486.0344,889088.571799999],[181344.8003,888734.199999999],[181745.6998,888548.899900001],[181809.0008,888103.3082],[182077.0372,888256.9484],[182229.7364,888042.0792],[182187.904,887924.003900001],[182667.6008,887347.899700001],[182570.2189,886928.9091],[182307.9,886449.34],[182422.5209,886293.4309],[182087.5039,884852.0033],[184591.9998,881174.9999],[184831.9959,880944.5013],[185529.4978,881090.4586],[185782.1982,880764.103399999],[186237.0999,881632.4998],[185495.8037,881954.304500001],[185729.5002,882093.9999],[184792.5029,883559.5024],[185649.5737,884253.4946],[185835.4828,883227.405300001],[185816.4988,883190.499399999],[187021.2568,883434.3837],[187344.1,883493.1],[187343.781,883496.354599999],[187361.2003,883503.199899999],[187327.5002,884434.9999],[186594.0847,884468.3155],[186345.5917,884791.4212],[186323.9976,884826.000700001],[187198.002,886205.0277],[187462.6983,888581.795700001],[187016.7971,889171.196900001],[186681.2974,889182.703600001],[186649.4443,888966.083900001],[186596.3176,888993.400800001],[186178.497,890264.304],[184457.9991,891080.6007],[183977.5027,890992.9955],[184268.3967,891760.9956],[183777.997,892138.997400001],[183956.0003,892633.4959],[183320.4042,893530.077099999],[183641.0083,893927.3533],[184097.9967,894021.4976],[183884.5068,894229.084100001],[183903,894252],[183594.8442,894510.737],[183393.0002,894706.999700001],[184099.4966,895459.9968],[184094.6572,895937.771600001],[185682.3043,898329.3991],[185823.4977,898514.002599999],[185827.9867,898513.8566],[186974.9049,898181.7083],[187111.5006,898022.003],[187317.0602,898082.619899999],[187376.5235,898065.3993],[187382.4986,897669.5043],[187988.5016,897862.999399999],[187959.0008,897231.501],[188391.9146,897117.851],[188712.1424,897503.973099999],[188856.8727,897569.3169],[189155.7969,897605.602600001],[189178.9096,897514.0174],[189409.7901,896430.431700001],[189161.2,895931.700099999],[189573.6623,895661.3345],[189688.8887,895120.545499999],[189483.54,894553.039999999],[189488.255,894528.773399999],[189480.0003,894505.0012],[189703.7998,893386.299699999],[190176.9912,892829.746300001],[190203.6603,892704.5811],[190113.7996,892173.798599999],[190342.3972,892053.4509],[190357.6,891982.1],[191381.2984,891506.5101],[191988.1992,891187.000600001],[192092.5592,891176.0725],[194219.5836,890187.8994],[194306.503,890054.0042],[195096.6627,889840.02],[195260.9999,890065.5001],[195330.4992,891032.0045],[195114.4615,891342.8967],[195157.7198,891560.4345],[195500.9659,891874.8049],[195972.2999,891901.9998],[195978.137,892311.833799999],[196041.1,892369.5],[196290.8934,893106.231799999],[196649.0954,893350.097899999],[196436.9407,893536.978700001],[197348.4682,896225.406300001],[197873.5,895750],[198090.0848,895727.4605],[201535.6871,893413.4354],[201721.2622,893203.249700001],[202842.6,891113.300000001],[202862.0452,891101.281199999],[202888.3005,891038.201400001],[204756.0001,889909.5],[205577.6302,889749.0496],[206293.8519,889586.1449],[206729.5008,889085.500800001],[209000.0017,888095.604800001],[208855.5001,888264.300100001],[209234.7722,888240.8005],[208933.2996,888839.201099999],[209434.6938,888620.406300001],[207945.1113,889746.579600001],[207776.1908,890205.426999999],[207798,890593],[207721.4824,890695.6514],[207721.0023,890942.9989],[207116.5285,891171.6271],[203865.3594,892472.445599999],[203472.0015,893977.0013],[202271.8,895656.800100001],[202200.751,895672.532400001],[202198,895676.300000001],[199118.2549,896480.3868],[199043.5801,896531.423699999],[199039.4212,896942.5318],[199072.9995,897424.9999],[198722.2201,897834.4213],[198529.5,898634],[200179.8677,898437.2059],[200415.4987,898360.5001],[200450.868,898404.891100001],[200483.5,898401],[200525.7029,898498.814200001],[200637,898638.5001],[200615.6198,898707.2158],[200870.3449,899297.596000001],[200984.6655,899322.378799999],[201536.5586,898519.4794],[201457.2129,898107.3588],[201402.0001,897975.5011],[202814.4001,896524.801100001],[203678.7965,896064.304300001],[204754.4997,895987.5001],[205045.0176,896068.6131],[208205.5,896631.5],[208141.0732,896205.218900001],[208022.5002,896090.4976],[208245.9727,896113.846000001],[209040.2394,895812.066199999],[210173.1619,894699.9168],[211079.0001,893469.9998],[211133.8173,893440.7347],[211137,893436.5],[211764.9231,893137.341800001],[212322.2824,892590.202199999],[212315.4979,892500.503799999],[212477.7959,892437.540200001],[213139.7385,891787.7349],[213186.0002,891692.4999],[214602.5001,891530.5999],[215191.4513,890300.2574],[216851.62,886446.43],[217080.137,886354.717900001],[217552.4851,885367.964],[217710.6027,885274.802200001],[218061.0011,886099.9958],[217093.197,888399.797800001],[217275.2971,888809.499700001],[216531.7524,889896.6984],[216394.1076,890337.7597],[216283.1002,890868.800000001],[216203.3999,890948.853],[216201.7,890954.300000001],[215997.9859,891141.8049],[215167.0023,891937.495100001],[214319.747,892198.657600001],[214188.821,892663.117699999],[214130.3998,893012.898499999],[214069.202,893087.466],[214056,893134.300000001],[213866.3642,893334.6171],[213308.3002,894014.5997],[212456.2998,893692.700099999],[212446.6012,894645.800100001],[212137.9,894631.4998],[211794.4361,895007.835999999],[211648.6,895305.1],[211105.2955,895762.9329],[210241.501,896709.399599999],[209196.099,897385.0999],[209203.7396,897393.611099999],[209849.8017,897813.562799999],[210629.0033,897744.002800001],[210637.2489,897811.0777],[210703.83,897809.109999999],[210767.6,898354.1],[210733.2868,898387.843499999],[210971.5177,898542.697699999],[211256.0977,898513.8027],[211892,899060.999700001],[212108.7767,899999.9991],[212279.7963,900740.7952],[211774.9998,900746.500299999],[211970.0003,900370.999700001],[211802.8324,899999.9989],[211701.0008,899774.0009],[211253.5866,899527.409299999],[210927.1902,899591.964400001],[210950.0277,899624.207599999],[211210.5002,899864.5],[211212.0312,900000.004799999],[211222.4994,900926.501],[209252.0037,901083.497099999],[209119.0021,901428.499199999],[208924.114,901474.300899999],[208136.2015,902465.995300001],[208105.9989,902571.000299999],[204333.6937,903691.437999999],[204524.2897,904621.4386],[204571.9998,904697.0012],[204423.258,904840.3245],[203430.9461,906464.6973],[203295.7963,906813.2969],[202032.4905,906832.948899999],[201870.5534,906838.719599999],[202363.2964,907611.6984],[201857.7999,909067.6008],[201025.5001,909691.300100001],[200453.5751,909504.236500001],[199719.4633,909655.376499999],[198808.5001,910116.4998],[198250.5286,909957.802999999],[198193.5259,909969.538799999],[198177.442,910018.018200001],[198476.8955,911251.6863],[198556.2961,911316.398],[198499.8506,911346.255100001],[198688.1768,912122.1086],[198728.9971,912176.2018],[197959.501,912913.0009],[196928.4992,913297.000399999],[196730.6725,913778.953299999],[196566.5,914264.5],[196525.9124,914277.797499999],[196434.5,914500.4998],[196665.9988,915038.0002],[196378.7678,914462.048699999],[196224.7631,914813.441199999],[196204.4999,915015],[196582.711,915190.9694],[196828,915297.5],[196828.2248,915301.599300001],[196895.4998,915336.4998],[196833.0714,915389.971899999],[196896.7782,916551.5978],[197031.5,916783.5],[196968.9982,917207.001800001],[197555.4998,917079.0001],[197558.2263,917698.467399999],[198196.763,918123.4561],[198345.2731,918013.999600001],[198508.5,917814.5],[198646.4507,917792.022399999],[199228.6031,917362.9582],[199594.6516,917035.7827],[199922.283,916553.9549],[200000.0096,916401.5428],[200228.5008,915953.4998],[200809.0024,915926.4978],[200760.499,915221.0002],[200839.9983,915153.5768],[200841,915127],[201117,914763],[201275.3764,914784.3323],[201350.3636,914720.7356],[201648.8462,914041.998500001],[202031.0035,912537.999399999],[202268.9976,912712.498299999],[202055.4993,913712.0011],[202186.8063,914087.8825],[202376.5,914365.5],[202388.1914,914459.7261],[202730.9719,914708.6938],[202790.1743,914697.6325],[203027.5001,914575.000299999],[203148.1135,914880.210100001],[203213.5339,914988.77],[204041.5043,913598.501],[204786.0754,913714.067199999],[204865.9858,913639.3421],[204902.0002,913314.0001],[205396.002,913109.0052],[205461.9958,913244.6766],[206529.2475,914123.741900001],[206708.5007,914108.999399999],[206470.0169,914365.590600001],[206264.0184,915206.717800001],[206302.3802,915244.7926],[206988.4887,915292.980799999],[207006.8983,915279.203600001],[207002.3868,915293.957],[206973.5493,916085.179400001],[207140.996,916090.001499999],[206968.2624,916227.2107],[206958.606,916486.624600001],[207021.5002,916490.4998],[207545.6752,917210.399499999],[207529.3333,917257.0735],[207187.4994,918228.999399999],[206950.5021,917682.4957],[206867.185,917835.402100001],[206821.5,917962.5],[206799.4683,917959.677999999],[206774.5002,918005.500299999],[206510.9858,917922.727299999],[206611.7873,918099.2522],[206941.5,918613.5],[206926.5771,918620.840399999],[206949.0015,918657.996400001],[206866.2921,918650.4937],[205577.861,919284.255000001],[205617.1361,919296.4277],[207787.3772,919328.829399999],[207924.0002,919310.000299999],[207920.2893,919330.8138],[207966.4998,919331.503699999],[207925.1022,919368.0701],[207967.0027,919363.5045],[207910.1899,919387.4581],[207843.5,919761.4998],[207424.2146,919810.5022],[206448.532,920672.319],[206276.996,921126.4998],[206051.0111,921198.289899999],[207115.5842,921183.937100001],[207416.4998,921029.0013],[207519.701,921178.488700001],[208190.7779,921169.441199999],[208299.5001,921135.0002],[208248.987,921241.68],[208395.7649,921660.2381],[208715,921632.5],[208719.374,921697.426000001],[208739,921697],[208757.1456,922234.4871],[209137.896,922231.353800001],[209427.7989,922111.6008],[209602.6002,923078.6011],[209063.2199,922859.9749],[208729.7,922868],[207782.1427,922340.717700001],[207677.9968,922298.5044],[207660.3834,922302.173800001],[207105.521,922522.798800001],[206895.4993,923062.4957],[206373.4865,922813.871099999],[205973.3857,922972.9596],[205876.5011,923134.495200001],[205357.9059,923239.8125],[206735.4129,924149.931700001],[206920,924164],[206943.831,924187.120200001],[206963,924189],[207134.5145,924372.116],[207233.7202,924476.7871],[207236.5,924481],[207133.099,924504.352],[206750.9997,924618],[206694.4006,924570.4768],[206122.1977,924327.0814],[206030.9966,924420.9966],[205378.4997,924057.000499999],[205421.4967,924682.001599999],[204943.4976,924918.0045],[205593.497,924888.503],[205794.9985,925530.999700001],[205712.623,925562.828199999],[205716.5,925584],[205192.3606,926049.207900001],[205113.5014,926259.5001],[204170.0003,926155.500299999],[204247.9956,926560.001700001],[203953.3894,926654.7305],[203882.6152,926850.263],[204039.2999,927067.5997],[203784.4389,927121.5009],[203586.3311,927668.8258],[203842.4003,928273.600299999],[203283.0601,928506.6916],[202656.7518,930237.033199999],[202650.2003,930387.3002],[201537.0011,931827.4967],[200253.1629,932490.5977],[200285.0291,932617.1647],[200788.4986,933439.495100001],[200723.998,934223.000499999],[202054.4999,935579.000299999],[202477.004,934115.0019],[203625.9222,934094.760199999],[203956.3,933960],[204132.4189,934085.8368],[204258.3568,934083.618000001],[204244.3546,934034.660800001],[203852.1989,933107.100099999],[205227.004,932703.495999999],[205113.9986,932305.4999],[205482.8252,932066.0371],[205615.7992,931704.008300001],[205700.1963,930939.800899999],[206742.9765,931651.7004],[209748.2754,933557.695599999],[209975.4998,933488.9999],[210036.4966,933945.000600001],[210446.004,933932.5042],[210538.2102,933850.1895],[210577.434,933641.7962],[210210.5003,933342.9998],[210565.4999,933043.9998],[210558.4999,933450.501],[210819.2816,933724.6557],[210882,933776.5],[210879.9849,933781.469599999],[211118.5102,934036.5394],[211533.3541,933652.419600001],[211490.5003,933538.9998],[212075.9999,933113.5],[213369.8926,933544.1657],[213400.5556,933443.357999999],[213298.0036,933141.000700001],[213504.5057,933101.611500001],[213724.4798,932378.4242],[213748.5002,932140.0001],[214641.998,931486.5043],[214500.6523,931664.6995],[214658.48,931560.15],[213997.3496,932630.6339],[214150.9964,932753.501599999],[213992.1546,933038.898],[214365.9099,934310.521500001],[214374.5,934331.5],[214441.2367,934378.579399999],[214814.1294,934042.485300001],[215016.4992,933675.0001],[215111.8883,933774.1105],[215157.5,933733],[216310.024,934169.5451],[216402.4996,933990.998600001],[216608.1064,934162.336999999],[216636.1957,934078.451300001],[216419.9999,933493.4999],[216970.0001,932983.5002],[217025.0003,934144.0002],[216704.4136,934283.265799999],[216698,934316.5],[216660.5569,934302.317500001],[216544.3263,934352.8091],[216440.9916,934661.4068],[216584.555,934863.824999999],[216638,934890.5],[216785.2774,935086.7256],[217165.5,935015.5],[217367.041,935115.8784],[217434.9961,935107.4976],[217407.7345,935136.146],[217422.5,935143.5],[217361.2904,935184.9527],[217183.9169,935371.3489],[217678.1531,935472.2236],[217751.3569,935457.492000001],[217951.0008,934796.5001],[219586.0005,933316.000600001],[219999.9791,933093.264599999],[220854.5001,932633.500299999],[220906.5822,932757.780300001],[221549.2576,932866.987299999],[221637.9991,932787.001],[222647.9967,932989.5065],[222570.9878,933121.6986],[222801.6706,933727.9805],[222948.8151,933812.523499999],[223015.3743,933783.9125],[222910,933481.5],[222939.4746,933479.862500001],[222923.4999,933438.500299999],[223167.9607,933467.1688],[223637.439,933441.0867],[223838.5003,931901.300000001],[224013.3315,931830.674799999],[224089,931726.5],[224778.3065,931195.174000001],[225220.0013,930395.9998],[225806.0602,930305.3652],[226000.8602,930252.8145],[227036.1845,929454.773700001],[227333.65,928993.220000001],[227410.4733,929134.231799999],[227657.6011,928842.7007],[227610.0956,929501.4559],[227588.7002,929774.9999],[227152.0378,930018.999199999],[226993.1298,930477.0002],[227036.9963,930669.498199999],[226887.9683,930780.0942],[226871,930829],[226864.7002,930835.635500001],[226850.2963,930847.1044],[224369.3305,933016.6029],[224430.1378,933051.569700001],[226662.1316,933234.941099999],[226953.0039,933196.504799999],[228635.5003,933330.999700001],[228626.4042,933386.597899999],[228729,933397.5],[228719.8782,933403.997099999],[228726,933404.5],[228716.1601,933406.645300001],[228610.8532,933481.650800001],[228591.0001,933602.999199999],[227813.2538,933806.376599999],[227473.5,933918],[227409.1187,933912.0562],[227340.5,933929.999700001],[227092.3124,933882.8081],[226698.804,933846.478700001],[223697.0086,934500.9442],[223639.5001,934538.5001],[222761.5,934594.499700001],[222474.8885,934454.946599999],[222451.4,934473.279999999],[222375.3693,934407.8619],[222235.5,934394],[222281.4927,934360.7808],[221883.5033,934166.997],[222155.9999,933856.5],[222387.7167,934205.0418],[222757.604,934015.6697],[222286.8698,933660.705499999],[222097.1978,933806.7542],[221702.4999,934289.0012],[221027.9214,934024.0667],[220789.8606,933946.046800001],[220707.9967,934262],[220396.5394,934174.043400001],[218942.8104,935178.0525],[218174.5003,936147.9998],[217781.5062,935996.734200001],[217775.4633,936086.1524],[217796.5438,936276.8485],[217874.848,936274.193600001],[218079.5,936220],[218092.4017,936266.817399999],[218175.4997,936263.9999],[218137.9172,936431.9836],[218145.5,936459.5],[218138.4673,936460.229900001],[218109.4999,936559.0013],[217825.8306,936541.779999999],[217870.85,936949.029999999],[216971.1853,936652.2184],[217089.9335,936999.172800001],[217172,937011],[217175.9658,937249.261700001],[217190.497,937291.502699999],[217176.9744,937309.854900001],[217191,938152.5],[217187.6595,938152.229599999],[216064.5011,937899.999700001],[216412.4998,938674.000299999],[216301.3493,938708.8916],[215696.3571,939155.211300001],[216014.9998,939115.4998],[216024.4197,939436.316500001],[216295.9006,939633.9386],[216569.4999,939606.5002],[216852.6607,939999.977399999],[216886.4997,940046.999700001],[216821.6877,940018.379799999],[215742.431,940244.568499999],[215779.278,940332.640799999],[216553.6154,940961.3455],[216920.4959,941079.298699999],[216418.887,941432.366599999],[216365.7336,941479.352700001],[216452.5003,941897.500299999],[216048.0036,941959.4965],[215949.3097,941911.7009],[215856.5,941929.5],[215676.5017,941779.585000001],[215236.4998,941566.5002],[215352.1271,941509.4234],[215318,941481],[215342.1892,941467.466700001],[214972.6558,941135.4947],[215090.9993,941257.497400001],[214883.9033,941310.3882],[214507.8445,941464.987],[214700.4648,941676.0099],[214654.501,941954.2051],[215154.7829,942837.283199999],[215195.9973,942871.995200001],[215174.2816,942881.021299999],[215003.6,943164.9],[214801.7925,943093.1227],[214577.5754,943222.5724],[214589.64,943309.41],[214299.1267,943405.259299999],[214274.6453,943461.7248],[214473.9701,943546.323100001],[214659.5011,943520],[214693.5127,943639.5024],[214710,943646.5],[214699.8628,943661.8138],[214733.4999,943780.000299999],[214563.1413,943868.351299999],[214385.9,944136.1],[214277.473,944139.538699999],[214322.6,944614.6],[214316.5854,944615.112600001],[214321.0002,944639.699200001],[213845.4999,944695.4998],[213860.7145,944709.076400001],[214998.8122,944796.180199999],[215042.0979,944622.804099999],[215509.0995,944817.798800001],[214932.4966,945639.5022],[214864.4255,945666.468599999],[214864.5,945681.5],[214416.506,945843.9124],[214308.9965,945886.5024],[214376.8308,946007.437799999],[215958.1347,948089.0825],[216270.4966,948396.004000001],[216377.5001,948833.499399999],[216099.0982,949047.77],[216099.5,949421],[215838.3763,950102.4351],[215831.9999,950142.0001],[216207.0007,950372.499199999],[216181.7682,950387.761499999],[216186,950390.5],[215989.9523,950467.7948],[216084.5877,950642.0583],[216218.6025,950766.066400001],[216360.5,950887],[216359.0346,950890.8281],[216385.4996,950920.500800001],[216313.739,951064.022],[216387.0928,951199.096999999],[216621,951394],[217124.5,951304],[218076,949952],[217780.0011,949810.999500001],[217967.5034,949497.9991],[218394.5,949753.5],[219116.0921,949404.448799999],[219509.0002,949217.999700001],[219239.5009,948616.500299999],[219630.2498,948860.559699999],[220124.5,949198.5],[220172.5,948686.5],[220324.5,948565.5],[220326.9997,948446.5002],[220442.5,948486.5],[220600.5,948440],[220615.5,948556],[220972,948705],[220943.5,948267.5],[220719.8034,947823.001700001],[221283.47,948097.68],[221335.28,947741.890000001],[222008.7364,947994.8587],[222616.5,947519],[222508,947302],[222328.5,947191],[222223.5,947308.5],[222411.5,947397.5],[222036.5898,947539.818700001],[222005.0014,946797.501],[222584.0002,946733.5001],[222630.4541,947371.996400001],[223125.119,947232.2073],[223522.3998,947113.781300001],[223509.245,947123.6557],[223524.8,947119.26],[222941.6994,947570.5712],[222115.5003,948230.9999],[222866.0001,948937.499299999],[221127.3387,949537.207800001],[221097.951,949548.092700001],[221653.4991,950277.995300001],[220971.1514,950146.0513],[220664.6995,950101.490700001],[221757.8793,951036.5857],[221784.1411,951058.3727],[222937.5,950827.5],[222170.2427,951072.7423],[222055.988,951420.500399999],[220967.9998,951471],[220963.6401,951431.933800001],[220821.2411,950780.5768],[219999.9942,950723.0306],[219285.9998,950672.999700001],[218961.9989,951131.5],[218730.1161,951137.150699999],[218373.3419,951450.9517],[218353.5252,951625.8884],[220633,951551],[220195.6669,951860.673699999],[220289.5,952123.5],[219999.9895,952133.358899999],[219658.2205,952144.997400001],[219619.3655,952168.6743],[219550.4973,952538.9981],[219131.4631,952465.9855],[218836.4076,952645.782299999],[218902.9962,952854.9977],[218710.106,952722.746200001],[218463.2974,952873.142899999],[218490.9998,953004.5001],[218177.9997,953114.5034],[218636.9999,953414.0002],[218598.1183,953789.372099999],[218718.2419,953930.478800001],[219005.5,953937],[218999.1628,953997.2037],[219081.9968,954010.4965],[218981.0001,954219.499299999],[220000.008,954054.123],[220098.1347,954042.000800001],[220091.1357,954044.981799999],[220103,954043],[220000.007,954083.794299999],[219137.3276,954425.4913],[219737.6407,954863.700999999],[219951.1544,954998.7678],[219999.9769,954996.320900001],[221213.5002,954935.501599999],[221447.9992,955236.9958],[220539.9894,955260.9968],[220523.8331,955268.109300001],[220671.5003,955612.4999],[223203.0075,955094.118100001],[225255.9,952235.699999999],[225264.1496,952256.701400001],[225303.398,952201.9046],[225606.2968,952569.0995],[225468.3405,952776.517999999],[225480,952806.199999999],[224915.6701,953629.6894],[225507.3967,954107.2346],[225510.5,954110.199999999],[224928.0984,954354.7881],[224100.0973,954712.695900001],[224092.4158,954736.0693],[224081.7313,955295.203],[224556.8001,955166.1997],[224080.1034,955550.896400001],[223066.085,955707.2766],[222436.7548,955829.144400001],[222172.5726,956209.663699999],[222129.0283,956271.899900001],[222195.6217,955875.839],[220573.8554,956189.888800001],[221286.5032,956590.998199999],[221853.5985,956429.104599999],[221852.5017,956905.699100001],[221752.2439,956898.6096],[220265.5795,957462.706499999],[220094,957581.4998],[220141.8004,958478.3991],[219999.9935,958507.570699999],[219264.8947,958658.7905],[219168.382,958738.8358],[219261.1998,959122.199999999],[218943.3,959115],[218561.4863,958738.9504],[218482.022,958695.425899999],[218489.7848,958741.368899999],[218611.6003,959258.100299999],[218231.7938,959395.8309],[218182.4,959918.5],[218039.4611,959939.9255],[218025.9691,959999.972100001],[217950.499,960338.0437],[217974.1012,960430.1041],[218313.5725,960598.456499999],[218294.1455,960654.8015],[218170.4967,961036.4957],[218184.4069,961091.9223],[218530,961873],[218424.0338,962046.7415],[218784.8282,963484.365499999],[218847.582,963501.9652],[219171.9997,963529.0011],[219360.4981,964192.5023],[219999.9933,964494.5724],[220056.9996,964521.4998],[220158.4998,965118.5002],[221403.5003,964900.5001],[222542.498,965444.504000001],[222504.4966,965783.9968],[223232.9972,966595.0046],[223262.6114,967003.842599999],[223572.1346,967492.6927],[223829.9973,967718.0032],[223808.4296,967913.196599999],[224669.172,969308.533500001],[224859.5009,969468.5011],[224770.6448,969499.4738],[224957.2968,970864.710999999],[225043,970935.5],[225046.4556,971054.442199999],[225141.4992,971117.4999],[225125.5001,971855.500299999],[225094.2033,971866.0922],[225216.9084,972763.5996],[225322.9965,972792.000800001],[225242.6068,972951.566299999],[225447.5672,974450.717499999],[225616.016,974716.510600001],[227076.1946,973785.371200001],[227087.0139,973773.204500001],[227138.5007,973536.499],[227592.181,973456.3325],[228319.2548,972992.685699999],[228339.4999,972876.5002],[229103.0032,972783.002499999],[229573.6436,973621.3654],[231960.5,973019.5],[232012.6185,973033.159299999],[232386.0003,972943.0002],[233031.5005,973252.499299999],[233233.0034,972702.4968],[234553.4998,971459.501700001],[234607.6205,971483.498500001],[234612,971479.5],[235927.9518,971130.659399999],[235949.0004,971117.5001],[235706.0012,970856.005100001],[236016.9447,970452.765900001],[236104.4659,969436.8355],[236020.5002,969256],[236076.5537,969208.2838],[236141.7161,968823.2873],[235898.8094,968207.308],[235991.5123,968220.213],[236088.8453,967489.4947],[236037.9997,967289.0002],[236492.4992,966402.0001],[237544.9998,965452.4998],[237361.1241,964846.9781],[237044.9303,964552.269200001],[236098.4999,963814.000299999],[235987.6186,963566.8006],[235229.5897,962840.659600001],[235506.715,962713.540999999],[235863.3,963005.880000001],[235904.5803,963082.094900001],[236074.423,963239.425000001],[236389.5001,963264.0013],[236429,961935],[236236.8315,961509.754000001],[236236.5,961503],[236483.83,961808.210000001],[236800.67,963064.57],[236966.2576,963003.7653],[237181.4926,962896.002699999],[237153.9996,963311.5045],[237804.4205,964435.786499999],[238061.15,964582.550000001],[238172.8658,965072.660700001],[238406.9003,965477.199999999],[238399.5998,965965.699899999],[237740.9995,966151.5011],[236860.4999,967322.999700001],[237339.0142,968440.410399999],[237340.41,968400.699999999],[237342.701,968449.0502],[237478.5001,968769.5012],[237886.2327,968752.4286],[238093.5,968739],[238125.3189,968742.4176],[239064.2989,968703.100500001],[239260.6999,968968.699999999],[239256.9997,969594.9999],[238533.0355,970579.005899999],[238544.5,970626],[238502.8931,970619.975199999],[237889.6309,971453.516100001],[238005.6364,971449.9395],[238544.9997,971365.4999],[238999.7901,971705.4255],[239275.6591,971888.3783],[239276.1918,971809.335999999],[239154.5,971404.5],[239279.2679,971352.8573],[239286.5011,970279.4999],[239509.4981,969948.004799999],[239722.5874,970024.728800001],[239846.9915,969960.4924],[239999.9968,969494.0931],[240047.3002,969349.9002],[240664.0998,969492.5002],[240508.0998,968543.200099999],[241055.6999,967498.700300001],[241363.5092,967806.0737],[241985.9578,967898.146],[242035.584,967895.869100001],[241878.13,967179.85],[242135.7513,967705.636],[242504.7832,966951.7106],[242494.7703,966929.021600001],[242417.7,966798.4],[242687.103,966435.8989],[243127.736,966354.671],[243910.505,966129.499500001],[244381.4966,965454.001599999],[244787.4802,965656.9943],[245264.2736,965633.7269],[245378.4975,965477.004699999],[245412.5641,965626.4904],[245634.7616,965615.6472],[245561.845,965475.9518],[245454.1859,965376.7554],[245062.5011,965358],[245255.3713,965193.569],[245207,965149],[245607.8878,964893.032099999],[245622.001,964880.9999],[245619.0008,963569.5001],[245529.1663,963437.654100001],[244919.2941,962769.410700001],[244622.4999,962861.0024],[243671.5,961603],[243636.4139,961363.745300001],[243528.3677,961245.357999999],[243597.0002,961359.5],[243177.9998,961179.499700001],[243136.183,960815.6371],[242819.5259,960468.672599999],[242677.0013,960448.0001],[242336.7166,959999.965399999],[242062.1271,959638.7828],[242060.0674,959636.251],[241758,959237.9999],[241541.7773,958738.888499999],[240313.9983,956613.1241],[239999.9779,956233.389599999],[239933.4998,956152.9999],[239931.9629,955951.671700001],[239920.596,955430.005000001],[239578.02,955675.016000001],[239456.099,955404.801000001],[239527.683,954901.727],[239192.357,954636.676999999],[239055.429,954729.101],[238957.0009,954540.5],[239080.925,954442.945],[239323.857,954562.982000001],[239802.5028,954522.000499999],[239447.9991,954042.4988],[239857.5008,954499.000299999],[239999.9948,954414.365700001],[240402.9998,954175],[240787.3043,955007.918199999],[240901,955144.5],[240956.2665,955374.1165],[241272.4993,956059.500299999],[241678.5008,955951.500600001],[242594.0004,956513.499399999],[242644.7218,956653.3029],[242670,956673.5],[242795.1934,957064.0417],[244733.8531,958038.066],[244754.0357,958032.6779],[244808.5001,958022],[245020.0001,959496.5002],[244967.8475,959500.721000001],[244970,959515.5],[244966.4498,959516.927100001],[244968,959529],[244559.0669,959681.9563],[244580.1018,959795.397299999],[244607.3608,959834.8511],[245000,959770.999199999],[245041.7709,960000.010399999],[245170.3611,960705.0131],[245524.8513,961247.931299999],[246131.6398,962070.3255],[246952.4876,962337.263499999],[247552.3738,962468.5022],[247435.3172,961302.603800001],[247384.5,961268],[247396,960911],[247426.6197,960950.993899999],[247432,960910.5],[247464.0702,960999.9098],[247761.9481,961388.9824],[247777.0003,961392.5001],[247794.5,961431.5],[249044.8126,963610.1121],[249124.9988,963641.5001],[249055.4979,965016.996300001],[248572.7451,965840.273700001],[248567.8574,965861.763499999],[249048.5,966466],[249023.7777,966656.7755],[249169.5,966906.4998],[249055.3156,967201.0317],[249373.6494,968026.0877],[249808.032,968421.732000001],[250354.7667,968392.4811],[250590.2996,968147.0568],[250896.0031,968363.5244],[251480.3282,968332.2623],[251692.44,968269.199999999],[251744.7765,968318.114],[253297.2793,968235.053400001],[253315,968192],[253422.5894,968228.349199999],[254175.0298,968188.092800001],[254287,968092],[254585.1827,968135.684900001],[254774.4496,968064.4498],[255081.9059,967286.021],[255139.0008,967122.503599999],[257179.9997,966345.9959],[257190.3572,966318.952500001],[257182.1593,964769.4254],[257185.8448,964774.923699999],[257222.6779,964814.6997],[258043.9998,965327.9987],[258068.3758,965593.4606],[258185.6027,965648.657600001],[258579.5632,965350.497300001],[258534.6844,965228.300799999],[258453.546,965045.482000001],[258468.1939,965043.835200001],[259016.8492,964968.9989],[259009.7396,964932.8366],[258741.1021,964511.1006],[258809.5637,963914.668400001],[258585.649,962775.755999999],[258601.3506,962759.183599999],[258569.2012,962725.8025],[259098.0011,962129.4998],[259320.5723,962164.6427],[259636.2538,962130.8279],[259784.0002,961798.499700001],[257975.099,960000.0516],[257016.3019,959046.7951],[257034.6859,958867.0616],[256969,958797],[256723.3955,957130.1591],[256490.0036,956721.001],[256214.7307,955144.706700001],[255570.2094,954412.9015],[255432.0003,954304.9998],[255005.0008,953323.999700001],[255022.614,953318.573999999],[255327.973,953773.91],[255414.9809,953696.8344],[255615.986,953556.196],[255451.337,953005.148],[255557.55,952849.623],[255682.8907,952868.976199999],[255535.3366,953042.0594],[255653.6723,953397.002900001],[256695.5003,954557],[256853.9993,955186.0002],[257435.9997,955561.0021],[257984.5003,956800.9998],[258230.503,956924.502800001],[258781.001,956510.5013],[258703.2458,956607.398600001],[258783.859,956549.478],[258508.5814,957161.6447],[258830.999,957412.0032],[258761.9961,958148.002599999],[258472.0001,958564.999700001],[258262.2293,958549.112600001],[258217.0443,958555.217599999],[259043.8001,958695.4],[259999.9815,959855.618799999],[260118.9404,959999.962099999],[260430.4997,960378.0042],[261251.8974,960493.9011],[261881.3619,961683.771199999],[262599.5091,962894.493100001],[263236.7261,963447.2685],[264150.6469,963659.4102],[264261.2916,963610.700999999],[264319.0024,963492.002900001],[264459.1764,963731.026900001],[264703.9541,963787.8454],[265113.2986,963384.003799999],[265112.2795,963447.4462],[265115.89,963444.25],[265102.6424,963501.0985],[265071.4134,963844.2544],[265227.0131,963768.950200001],[265346.8977,963697.2041],[265883.8142,963982.3883],[266034.8415,963801.2973],[266076.8989,963737.8025],[266250.1997,963972.399700001],[266753.1011,963532.201300001],[267158.9446,963661.9057],[267251.3669,963625.3453],[267347.504,963400.499],[267783.7052,963374.589],[267900.2117,963309.782199999],[267922.6486,963275.328500001],[268376.2969,962442.4869],[267723.9003,961980.195900001],[268104.3008,961092.5002],[268439.9997,961497.500499999],[268338.9974,961953.0034],[269773.0031,961957.5021],[269661.0011,961510.0001],[270206.1993,961338.7996],[270257.5001,960638.299799999],[270679.4991,960559.5013],[269686.4959,962313.000299999],[269677.9413,962471.058700001],[269696,962488.5],[269690.5177,963197.542300001],[271218.1971,962342.4014],[271470.0001,962750.0002],[270852.0002,963472.4991],[271452.9,963561.901900001],[271438.3403,963638.163799999],[271478.258,963643.694],[271380.5503,964730.4232],[271529.2892,964763.7872],[271636.794,964665.763],[271707.4843,964709.3037],[272010.277,964528.416300001],[272025.48,964372.42],[272209.5015,964280.636600001],[272260.4975,964150.5043],[272508.9571,964131.2787],[273195.4777,963788.8664],[273433.4969,963495.002],[273456.3535,963658.750800001],[273515,963629.5],[273878.6258,963841.087400001],[274015.6986,963784.299799999],[274052.6154,963942.3288],[274526.2993,964217.957],[274586.0001,964233.499700001],[274861.5003,965939.0013],[274941.3287,965864.5438],[275068.082,965723.477],[275076.8439,965738.146199999],[275182.248,965908.0669],[275965.4364,965795.040899999],[276020.9989,965747.5002],[276038.2619,965784.531099999],[276073.976,965779.377],[276295.9536,966286.3006],[276486.4999,966208.000299999],[276438.5002,966556.4998],[276850.7135,966202.251700001],[276864.818,966195.07],[276920.9234,966290.008199999],[277144.2129,966158.9892],[277322.5,965507.9998],[277720.9997,965592.0002],[277675.5579,965847.213300001],[277910.6419,965709.273600001],[278232.2697,965196.7213],[278263.5001,965087.5002],[278652.9997,965201.5034],[278655.6467,965272.128900001],[278812.6511,965180.003799999],[279004.5034,964581.0009],[279430.4966,964360.312799999],[279478.6379,964765.449200001],[279531,964758.5],[279609.7061,965862.859999999],[279644.7908,965880.489700001],[280000.0259,965947.7202],[280186.3287,965982.9792],[280221.5,965922.9999],[280256.9999,966241.4989],[280437.5959,966347.2599],[280430.5031,966313.995100001],[280493.9984,966357.002800001],[280446.1352,966352.2607],[281022,966689.4998],[280998.7571,966854.1954],[281178.4439,967997.0055],[281235.0029,967914.2871],[281268.1,967849.6],[281268.7643,967864.910599999],[281296.8035,967823.902899999],[281315.0003,968821.2974],[281366.5836,968836.7357],[281614.3876,968819.030300001],[281709.0978,968517.6043],[281802.1909,968729.570900001],[281847.3633,968802.384299999],[282334.308,968767.5923],[282352.6,968763.7038],[282774.1537,969949.281099999],[282823.4916,969689.7557],[283121.9219,967887.312799999],[283070.254,967667.793],[283211.4948,967346.314999999],[283484.9025,965695.0023],[284610.1967,966391.402899999],[285539.7004,966189.400800001],[285686.6268,966312.0758],[286358.5469,966721.832900001],[286587.3267,966488.4902],[286646.874,966130.625],[286988.93,966055.060000001],[287000.2472,966067.334000001],[287084.6963,965981.2006],[287091.1406,966165.911599999],[287276.3909,966366.823100001],[287592.897,966364.2007],[287687.0133,966623.4846],[288243.2759,965865.220000001],[288345.399,965164.0042],[289152.104,964988.4045],[289207.0003,964964.500299999],[289165.8734,965411.664000001],[289898.0297,966031.5253],[289968.497,966071.5045],[290413.5003,965722.0044],[290691.6615,965679.202099999],[290869.73,965573.861],[291410.1893,965532.643200001],[291686.337,965423.037],[291976.693,965506.5359],[292750.0014,965585.503599999],[292857.5255,965759.840600001],[293322.9047,965893.671599999],[293447.5,965831],[293673.826,965860.6107],[294030.5002,965765.701199999],[294374.3983,965952.268200001],[295003.7763,966034.611199999],[295042.4998,966017.0998],[295369.0707,966471.9267],[295448.1066,966414.844799999],[295880.8984,966088.999500001],[295714.2995,965696.001],[296034.9997,965248.9998],[296655.5961,965387.000399999],[296824.6118,965866.066400001],[297757.6251,966787.241800001],[298341.3988,966990.2007],[299639.5002,968549.5998],[299999.9908,968810.730900001],[301241.0935,969709.756899999],[301335.1799,969763.6578],[302392.8827,970132.879000001],[302850.522,969933.593],[302884.5047,969984.793099999],[302916.7966,969957.6021],[302923.8153,970044.020500001],[303805.1065,971371.821],[304341.275,971171.2086],[304367.06,971098.710000001],[305073.6448,970897.185699999],[305344.6004,970795.8051],[305959.3282,970912.739499999],[308283.8075,971098.032400001],[308286.6023,971098.928200001],[308303.4964,971106.583799999],[308833.1524,971336.624500001],[310760.4647,971594.4276],[310901.5551,971584.168400001],[310255.2309,970352.764900001],[310196.9959,970410.9023],[310146.8238,970333.279100001],[310088.911,970365.999],[310081.0517,970286.1008],[310000.46,970313.109999999],[310078.7863,970263.069800001],[310074.7192,970221.7234],[309923.2011,969987.3039],[310405.1012,969292.2026],[311453.5012,968666.6008],[311942.1558,968841.104499999],[311998.4,968843.199999999],[311994.3338,968859.7378],[312171.2007,968922.8989],[311326.6997,967641.5998],[312797.851,969368.8025],[314322.8363,969986.3881],[315285.6992,970304.9027],[315825.7005,969858.4999],[316358.884,969970.693700001],[316715.5465,969839.3292],[316667.9075,969331.500700001],[316919.9001,969178.700200001],[318692.0528,969111.350400001],[319235.3263,968911.2541],[320000.007,968454.6132],[320134.3386,968374.395],[320361.465,968211.857999999],[320351.3265,968244.817299999],[320431.4,968197.0002],[321365.9001,969057.100199999],[321856.8991,970554.0009],[321590.5985,971022.8972],[320764.8383,971240.8368],[320403.1538,971523.4279],[320277.4989,971949.500399999],[319999.9924,972115.750399999],[318478.1895,973027.4397],[318095.536,973326.4143],[318433.9997,975362.9999],[318645.8955,975664.460899999],[319919.8676,976663.755899999],[320000.0177,976711.8082],[320250.2,976861.799900001],[320337.9984,976830.0087],[321386.1786,976081.104],[321506.0695,975923.022],[321521.4441,975876.767100001]]],[[[346847.6005,978480.464299999],[346816.9978,978224.4957],[346851.173,978226.8851],[346847.9961,978092.1644],[346686.6862,978000.298800001],[346271.344,978121.4494],[346031.8716,978213.5079],[346839.0039,978558.000299999],[346854.0363,978534.2973],[346847.6005,978480.464299999]]],[[[334594.2706,976157.235300001],[334046.8987,976025.895099999],[333969.4002,976367.0001],[334172.2613,976556.532],[334279.698,976589.9036],[334292.8575,976669.204299999],[334515.6964,976877.4013],[334469.2002,977533.899800001],[334900.1966,977695.2972],[334959.6741,978540.0208],[335303.2174,979201.936799999],[335436.4008,979280.0009],[335887.1001,978170.600199999],[336290.6025,977953.0034],[335978.6003,976489.401000001],[335772.459,976439.937999999],[334715.1032,976298.1971],[334594.2706,976157.235300001]]],[[[339134.2354,984039.138499999],[338117.9966,983671.4965],[338277.2358,983900.649800001],[338454.5023,984076.500600001],[338472.2064,984181.2225],[339212.1398,985246.024700001],[339134.2354,984039.138499999]]],[[[336622.5439,991048.825999999],[336007.7867,990282.3706],[336071.4993,990535.5011],[335794.0025,990595.004699999],[336622.5439,991048.825999999]]],[[[338491.8818,995641.1346],[338140.7481,995624.9476],[337662.0003,995627.0001],[336744.5497,994851.34],[336516.4483,994749.781400001],[336143.0004,995089],[335821.3019,994915.697899999],[335972.8002,994287.4999],[336480.0987,993989.603],[337903.6633,994285.100199999],[337855.0781,994148.1393],[337484.0025,993324.103399999],[337714.9641,992351.881899999],[337659.2246,992380.942299999],[336516.8965,993060.600099999],[336480.5568,992995.4527],[336451.8307,993010.429300001],[336447.1978,993012.8484],[336358.78,992777.1384],[336152.2009,992406.7961],[335540.6,992638.000299999],[335309.8879,992504.554199999],[334426.3653,992632.031300001],[334323.0005,992699.5012],[334267.445,992843.1754],[334116.8909,994526.369899999],[334133.0009,994558.000299999],[334888.9998,994840.500299999],[334990.3073,994995.3791],[337072.2451,995908.651900001],[337090.0024,995911.502900001],[337974.932,996183.5187],[338363.5008,996271.4999],[338399.2581,996226.151900001],[338514.9132,995673.948999999],[338491.8818,995641.1346]]],[[[333231.9508,994654.159700001],[333066.5908,994613.5955],[332017.3691,995779.071],[331962.9947,995929.2622],[332124.1757,996288.967499999],[332530.0307,996973.536],[332826.5725,996995.6555],[332953.972,996816.519099999],[332876.5041,996436.502599999],[333633.1868,995299.7305],[333231.9508,994654.159700001]]],[[[344206.3059,996816.921800001],[343652.2867,996311.659600001],[343045.7266,996563.453299999],[343124.2762,996667.032600001],[344382.4814,997269.2534],[344656.1633,997334.041099999],[344192.4149,996858.252900001],[344189.93,996854.49],[344198.6118,996839.8147],[344206.3059,996816.921800001]]],[[[331289.6557,997277.421700001],[331284.0035,997265.995200001],[330848.5003,997485.001399999],[330850.5137,998012.6346],[330876.2516,998292.438300001],[330919.6966,998133.947000001],[330951.9998,997954.9989],[331104.4786,997862.4805],[331289.6557,997277.421700001]]],[[[332973.3338,999059.591],[332742.0909,998908.0689],[332247.488,1000454.4361],[332461.1998,1000147.8],[332636.5276,999999.999500001],[333301.1543,999439.721000001],[332973.3338,999059.591]]],[[[361831.5014,1001770.5957],[360743.7007,1000745.4794],[360693.0661,1001175.5489],[360691.9023,1001185.9858],[360708.5983,1001529.8047],[361831.5014,1001770.5957]]],[[[360066.4,1001930.0999],[360000.026,1001765.2214],[359912.7014,1001548.2998],[359642.748,1001600.8869],[359718.19,1001812.1],[359704.2832,1001818.3308],[359641.6721,1001895.0393],[359646.9013,1001926.1969],[359724.3949,1001926.9179],[359754.9993,1001900.2986],[359840.4001,1001927.9972],[360000.026,1001929.4824],[360066.4,1001930.0999]]],[[[331492.6188,1003035.7072],[331485.6271,1003035.2636],[331457.3705,1003056.9295],[331523.1026,1003422.2022],[331558.9411,1003371.0154],[331492.6188,1003035.7072]]],[[[322282.4552,1005752.3908],[322702.8703,1005520.2554],[322736.5609,1005599.1986],[323777.9375,1005247.5958],[323729.9033,1004190.2031],[324191.4527,1004070.2022],[324330.4045,1003639.5406],[324171.1003,1003398.1001],[324405.5999,1002819.5998],[325087.2885,1002767.0698],[329639.397,999982.335000001],[330159.5345,999589.698100001],[329758.8114,999078.946],[329537,999049],[329508.9631,998920.481799999],[329100.5002,998773.501],[329478.9168,998677.325999999],[330038.4621,997948.8837],[329749.5,997803],[329774.9898,997776.209100001],[329670.9999,997712.4999],[329786.4739,997764.138800001],[330077.8348,997457.906400001],[330196.9999,997229.000299999],[330645.8747,997158.125499999],[330972.8949,996732.395300001],[330956.337,996525.8983],[330074.8797,995505.470000001],[329979.9988,995433.4999],[329992.2683,995409.834100001],[329984.354,995400.672],[330001.1016,995392.7962],[330199.4041,995010.304500001],[330627.0554,995098.431299999],[331271.9346,994795.1665],[330518.2063,993920.711300001],[330494.2823,993897.344799999],[330492.12,993894.77],[330502.5222,993893.888800001],[330513.1092,993891.486500001],[332485.9068,993277.617699999],[332509.7998,993189.300000001],[332298.9878,993008.9044],[332283.66,993006.970000001],[332246.9766,992964.397399999],[331699.6041,992496.000600001],[331151.4323,992277.129799999],[331044.1231,992266.195800001],[331022.7726,992225.759400001],[330679.5013,992088.700099999],[330562.404,991422.197899999],[330151.6009,991691.1007],[329291.6999,991181.596799999],[328078.4978,991030.999600001],[327303.3003,989488.3002],[328627.2,989081.5001],[328861.4036,989251.0757],[328963.0109,989298.213300001],[329319.5013,989389.299799999],[329911.6828,990427.478],[330254.1319,990924.839400001],[330971.2002,990726.0999],[331857.1008,991143.798900001],[332778.8,990966.6993],[333509.7997,991571.300100001],[333823.1909,991373.664999999],[334279.6755,991003.711200001],[333397.3034,989373.804300001],[334662.6976,989688.6042],[334669.7515,989517.2644],[334563.1127,989286.1335],[334478.7935,989259.0646],[331396.2003,988326.5],[331348.6142,988330.442399999],[330110.3304,988763.578400001],[329600.898,989150.7981],[329029.3306,989260.288899999],[328878.3499,989194.1675],[328858.9249,989184.525900001],[328707.4002,988869.0001],[329469.2575,988306.881200001],[329537.1708,988252.8389],[329123.2427,987915.173],[328955.0232,987790.5133],[328696.464,987925.9662],[327859.9947,988858.316500001],[327830.1982,988903.1997],[327498.6525,988819.4242],[326274.82,988687.6996],[326214,988741.1954],[326067.1302,988650.8883],[325134.4929,988542.9859],[325107.001,988557.9989],[325069.5002,989141.4988],[323688.4966,990630.004699999],[323693.996,991613.5032],[323487.1402,991860.1282],[323333.3996,992918.7487],[323375.4957,992982.498400001],[321020.5004,995225.499500001],[320556.9975,998651.498400001],[319999.9965,998932.643100001],[319871.5032,998997.4998],[319604.6455,998935.788000001],[318685.6209,999004.258400001],[317347.2226,999386.4464],[317354.0861,999580.039000001],[317521.7815,1000000.0522],[317689.3985,1000419.8688],[317768.9962,1000520.5036],[317725.1693,1000585.4323],[317846.1376,1000909.243],[317859.5,1000909.5],[317869.164,1000970.8806],[317884.8473,1001012.862],[317962.5002,1001041.5044],[318040.9137,1001430.6242],[319183.9456,1004490.3183],[319332.4996,1004731.4992],[319999.9822,1004734.8394],[320731.5011,1004738.5],[322201.8003,1005779.5997],[322282.4552,1005752.3908]]],[[[325546.4829,1006187.0439],[326263.0003,1005716.8997],[326836.6002,1006087.0999],[326910.9197,1005963.0716],[327181.5818,1004989.4073],[327154.3,1004746.7999],[326971.1862,1004660.4969],[324924.717,1004885.9826],[324765.022,1005466.6991],[324672.654,1006579.3881],[324756.0824,1006644.7473],[324781.5161,1006648.2581],[325546.4829,1006187.0439]]],[[[337998.3667,1013658.5323],[337864.7926,1013404.5614],[337623.9131,1013405.6748],[337623.4569,1013408.8457],[337947.4368,1013666.812],[337990.7016,1013672.4834],[337998.3667,1013658.5323]]],[[[339132.228,1013768.92],[338993.7294,1013651.6273],[338946.3056,1013660.92],[338908.8348,1014128.0096],[338984.5712,1014189.8696],[339244.3,1014004.5999],[339132.228,1013768.92]]],[[[348591.7563,1015795.6943],[348354.3294,1015019.3109],[348330.7693,1015069.1243],[348353.6139,1015764.4054],[348591.7563,1015795.6943]]],[[[367691.843,1015845.5467],[367226.0018,1015472.448],[367121.4392,1016966.0676],[367127.2959,1016976.703],[367420.0999,1016645.8002],[367643.7834,1016566.8454],[367967.1887,1016283.9754],[367977.5856,1016169.909],[367691.843,1015845.5467]]],[[[256229.3741,1017918.0627],[256178.8343,1017741.1293],[256182.5852,1018022.5253],[256229.3741,1017918.0627]]],[[[354118.6835,1021815.7722],[354132.7003,1020460.4958],[353691.242,1020000.0004],[353372.2007,1019667.201],[352810.6001,1018065.3002],[352982.7274,1017836.7094],[353843.5874,1015998.3587],[352716.6008,1014988.6012],[352510.3015,1014926.3593],[352210.8217,1015091.1165],[352106.1002,1015679.6999],[351513.4,1015585.0007],[350922.5002,1016241.7002],[349681.3991,1016528.1007],[349332.5924,1016383.0633],[348854.7229,1016222.7059],[348370.4002,1016866.4997],[348161.6821,1016590.3238],[347743.8682,1016166.6916],[346489.3968,1016301.2964],[346501.0198,1016344.4167],[347315.8614,1018662.254],[347636.697,1018875.0996],[347632.6421,1018925.9488],[347622.1871,1018994.1803],[347573.3761,1019394.7612],[347802.7287,1020047.1604],[347995.7023,1020199.606],[348103.2026,1020257.8038],[348108.8297,1020288.9746],[348165.7001,1020333.9011],[348366.9389,1021472.1185],[348661.8962,1020230.9015],[348873.2289,1019999.9687],[348876.4631,1019996.4345],[348916.5037,1019883.9009],[349054.7102,1019801.6557],[349122.411,1019727.6759],[349125.2575,1019723.5457],[349129.8034,1019719.5979],[349260.9938,1019678.8985],[349629.5036,1019459.6023],[349880.1947,1019486.803],[349894.4009,1019482.3958],[349900.3666,1019486.0174],[349948.1194,1019491.6643],[350073.0187,1019456.4678],[349947.5005,1019412.5987],[350633.6007,1018705.3009],[350235.3887,1019254.628],[350381.8319,1019244.2068],[350744.9025,1019119.1002],[351510.6,1019344.1998],[351979.8353,1020000.0467],[352065.2998,1020119.4999],[351946.5966,1021397.7975],[352148.1332,1021493.9018],[352242.0996,1021420.601],[352414.6336,1021620.9846],[352541.5106,1021681.4869],[352973.0345,1021671.7584],[353161.9012,1021628.3006],[353250.047,1021797.6066],[353949.813,1022503.6873],[354058.8885,1022534.3985],[354118.6835,1021815.7722]]],[[[345641.2302,1022740.633],[345522.3978,1022650.4442],[345425.288,1022710.7878],[345332.5982,1022982.6039],[345610.0255,1023046.7555],[345641.2302,1022740.633]]],[[[345153.2,1021962.9002],[345840.1998,1021660.5002],[345545.5022,1021157.7962],[344982.7998,1021901],[344982.3816,1021876.8325],[344264.6611,1020984.8483],[344049.2998,1021756.3999],[343979.7204,1021773.6123],[343975.1973,1021788.6956],[343634.2095,1021860.8715],[343197.4338,1022539.237],[343194.8002,1022588.6998],[344295.8184,1022896.3414],[344576.1938,1022903.0096],[344661.5092,1022998.5211],[344843.5999,1023049.4001],[345153.2,1021962.9002]]],[[[262229.4203,1024502.1159],[261935.6746,1024299.9544],[261920.9678,1024307.7794],[261956.5377,1024372.22],[262287.416,1024680.9175],[262229.4203,1024502.1159]]],[[[345626.7901,1026119.1225],[344723.0986,1025282.2956],[343954.5022,1025630.6959],[342177.3002,1025595.8997],[342257.8924,1025638.0354],[342542.0985,1025660.9972],[343615.5637,1026347.8608],[345040.0635,1027092.6258],[345626.7901,1026119.1225]]],[[[352729.0535,1027595.5326],[352711.2736,1026654.267],[352368.8002,1027209.5001],[352729.0535,1027595.5326]]],[[[361978.0828,1028094.3501],[362040.6795,1027020.4503],[361898.5384,1027046.8295],[361136.9091,1027763.3937],[361125.5002,1027796.5999],[361787.9009,1027616.0987],[361978.0828,1028094.3501]]],[[[324031.5993,1028441.6007],[323739.0279,1028330.0478],[323415.2317,1028556.5231],[323413.3944,1028588.4245],[323975.9877,1028477.7851],[324031.5993,1028441.6007]]],[[[336398.9266,1028829.2754],[336133.0002,1028608.0001],[336050.1778,1028649.4784],[335701.3087,1029616.7505],[336535.0026,1029375.0041],[336568.8627,1029189.3903],[336398.9266,1028829.2754]]],[[[161853.0026,1029698.5015],[161808.9987,1029607.4975],[161785.5003,1029674.9981],[161853.0026,1029698.5015]]],[[[366906.9127,1029685.9539],[366981.5931,1029249.785],[366491.8022,1029109.8646],[366476.5047,1029107.5542],[366336.0847,1029202.9284],[366089.5973,1029615.2953],[365797.6004,1029167.1007],[365619.1011,1029585.5038],[366214.7989,1029676.6993],[366522.4078,1030176.5292],[366546.8998,1030165.5904],[366906.9127,1029685.9539]]],[[[331583.7343,1030307.0551],[332687.4132,1028987.0047],[333682.4106,1028785.8817],[333723.1706,1028756.3379],[334381.2031,1027988.1008],[335080.4895,1027772.5191],[336400.71,1026815.59],[336817.4564,1026629.548],[337387.9999,1026227.5],[337885.6013,1026410.9025],[337863.4963,1026197.3037],[338019.6884,1026812.0266],[338489.5897,1026810.9923],[338662.1001,1026793.1],[338848.8999,1025687.9003],[338973.8357,1025648.7319],[340158.6183,1024802.7786],[340203.9345,1024710.5537],[339657.1279,1024245.4738],[339261.8999,1024161.3964],[339222.7018,1023699.899],[339653.9684,1023648.1307],[340189.9028,1023166.3404],[340260.0002,1022920.6001],[341185.7,1022033.0997],[341471.188,1022014.5001],[342430.4761,1021152.1265],[342578.0737,1020605.6795],[342474.0149,1019784.636],[342335.1999,1019535.2999],[342421.037,1019366.6304],[342351.8525,1018820.7516],[342084.64,1018621.51],[342082.9126,1018617.0666],[342010.9612,1018383.2141],[341847.4026,1018203.8018],[341887.3657,1017979.4713],[341880.2171,1017955.9045],[341907.3555,1017867.2598],[342007.0023,1017307.8982],[341885.6214,1017288.4806],[341153.1485,1017616.0823],[340780.7544,1018057.4369],[340628.6,1018266.9],[340601.8434,1018269.4788],[340510.7003,1018377.5],[340000.0225,1018412.9886],[339510.5999,1018447.0002],[339332.816,1018320.891],[339267.6744,1018223.6254],[339292.9792,1018325.1029],[339301.169,1018334.3053],[339302.7988,1018376.5998],[339245.5498,1018384.2076],[338994.525,1018553.963],[339026.5647,1018419.4958],[338981.664,1018427.789],[338992.131,1018417.8844],[338965.7008,1018421.3967],[339081.4432,1018189.1762],[339111.165,1018064.437],[339157.6495,1018036.2793],[339386.9525,1017576.2159],[339312.701,1016694.5544],[338931.9997,1016322.4001],[339169.5999,1015642.4001],[338029.2003,1015686.8002],[337047.2013,1014822.5],[336806.9993,1014147.4016],[335985.0982,1014487.9954],[335776.4241,1014365.129],[335537.8005,1014251.8002],[336227.0401,1013735.5455],[336244.2002,1013583.8036],[336538.3407,1013502.5755],[336654.72,1013415.48],[336734.5174,1013436.0953],[336986.92,1013279.62],[336990.9028,1013279.2479],[337462.5774,1013237.8378],[337650.8998,1012846.4001],[338780.2991,1012521.3052],[339012.6562,1012770.8347],[339044.8631,1012773.7087],[339545.2996,1012297.9013],[340000.0225,1013197.9704],[340425.1973,1014039.5525],[342410.0212,1013991.3747],[342650.4345,1013725.4785],[342738.1001,1013391.7999],[343182.2501,1013137.2925],[344410.7479,1011778.5785],[344418.0098,1011692.506],[344427.7,1011394.8],[344443.4622,1011390.8277],[344448.4001,1011332.301],[344867.6289,1011273.2699],[344897.43,1011240.31],[344911.3152,1011267.1185],[344963.4936,1011259.7713],[344983.4203,1011255.8476],[344982.3951,1011404.3545],[345003.21,1011444.5424],[345015.9873,1011406.0294],[345047.8856,1011430.7132],[345058.4,1011421.5],[345210.682,1011556.6899],[345726.7001,1011956],[345822.6859,1013026.7268],[346594.7233,1014517.3203],[346706.364,1014470.1835],[346733.3792,1014098.5186],[346585.6012,1013813.8995],[346816.7005,1013571.3991],[346964.8087,1013661.4529],[348387.1639,1013903.7275],[348445.3997,1013887.4],[348445.0738,1013883.7941],[348188.4029,1013751.2628],[348143.2983,1013781.9975],[347712.6006,1013557.9007],[347957.1999,1012744.5],[347493.4002,1012113.8],[347878.9999,1011754.1993],[348445.1005,1011765.3048],[348498.6473,1011833.7279],[348572.8352,1011838.7808],[348584.32,1011840.29],[348685.4835,1012020.7838],[348994.2805,1012017.3937],[349003.4911,1011967.1545],[347413.8553,1011004.3767],[347241.6002,1010962.2001],[347181.6026,1010448.7017],[347270.8393,1010337.7606],[347283.6532,1009114.9121],[347251.1903,1009006.325],[347647.9006,1008637.1996],[348465.2477,1008719.608],[348979.0256,1008553.795],[348980.4,1008545.7],[349010.278,1008543.7088],[349148.5,1008499.1],[349168.6812,1008533.152],[349191.057,1008531.6608],[349208.8408,1008522.8818],[349218.7554,1008509.9501],[349218.8898,1008517.9211],[349271.6012,1008491.9003],[349279.5696,1008525.7619],[349276.885,1008666.6205],[349278.4498,1008718.3661],[349787.0832,1009576.5898],[350042.0003,1009448.6001],[350235.6003,1009882.6002],[350021.8064,1009815.7712],[350197.3036,1009920.1084],[350320.9007,1009969.9992],[350917.2614,1011256.0856],[351082.646,1011207.1897],[351658.4988,1010704.1993],[352656.6001,1010690.8998],[352874.9869,1010867.2197],[353496.1,1011208.7],[353498.4718,1011213.4851],[353501.2,1011215],[353503.0053,1011222.6314],[353628.3114,1011475.4346],[354022.5117,1011793.7018],[354514.1534,1009300.5805],[354555.9028,1008963.0969],[354020.5007,1009365.1008],[352942.501,1009140.896],[352580.9756,1008788.555],[352243.291,1008537.8984],[352042.3003,1008636.7001],[351620.1994,1007917.4962],[351633.2009,1008398.4991],[351450.7974,1008528.7958],[351297.8997,1008185.5],[351543.6002,1007425.6999],[352435.8005,1006884.8009],[352246.3002,1005934.5997],[352432.1151,1005729.1877],[352403.9223,1004912.01],[352260.1987,1004474.9004],[351552.6001,1004645.1999],[352597.3002,1004002.3001],[352524.5004,1004545.3008],[352759.0084,1004718.6987],[353486.1069,1004872.1336],[353949.37,1004869.2871],[353922.25,1004766.4506],[353699.9002,1004212.5998],[354022.601,1004107.6003],[354089.9007,1003652.9003],[354824.0991,1003409.0978],[355297.6999,1004487.2003],[355101.0996,1004873.8987],[354503.3998,1004682.3013],[354860.5999,1006156.3],[353898.3009,1006822.9999],[353640.9979,1006688.7979],[353700.6893,1006845.8009],[354774.0089,1007392.6642],[355324.8999,1007355.3001],[355489.7344,1007757.331],[357691.3035,1008879.0449],[358143.6,1008917.7003],[358511.8698,1009297.1288],[359381.9356,1009740.433],[359392.4969,1009740.0045],[359192.0994,1009042.6039],[359252.7067,1009012.1429],[359365.7729,1008914.1626],[359304.6787,1007799.5652],[359200.3002,1007478.7],[359277.5565,1007304.7507],[359257.4494,1006937.9197],[358902.1999,1006844.2998],[358705.304,1005780.7978],[359037.5,1005298.5987],[359042.4958,1005092.4471],[358976.3,1004817.8],[359053.47,1004639.5973],[359070.7001,1003928.5991],[358714.9278,1003859.2128],[357888.425,1004028.7853],[357067.2994,1004310.4995],[356201.5001,1003120.5],[355234.8012,1003484.0952],[354821.1003,1003294.5],[354083.5021,1002288.6974],[353997.4282,1001810.6719],[353378.5841,1000765.6872],[352731.6003,1000249.0001],[352816.2326,999999.983200001],[352855.9409,999883.148],[352151.7037,998693.968],[352006.4706,998673.0647],[351918.585,998822.0404],[352114.4001,999571.395199999],[351670.281,1000000.0289],[350818.2001,1000822.3998],[349165.0003,1001777.3003],[348406.1003,1001264.7004],[348411.1165,1001236.7001],[348411.6362,1001233.8444],[348418.5746,1001203.9258],[348528.6998,1000667.3997],[348557.1328,1000664.4232],[348558.44,1000659.3],[348827.895,1000636.0784],[349168.7036,1000600.4007],[348264.3385,1000000.0048],[348208.3024,999962.803200001],[347317.501,998730.6996],[347328.3493,998696.106699999],[347315.3666,998676.4922],[347422.589,998395.598999999],[347443.0041,998330.500299999],[347487.8159,998362.4428],[347664.9486,998348.3905],[347711.8257,998343.7305],[347749.4884,998434.636399999],[347765.4739,998472.8179],[348709.4941,998774.888],[349038.939,998807.370999999],[348966.6086,998455.246400001],[348696.6993,997591.201099999],[348737.771,997341.2006],[348731.36,997309.99],[348757.3086,997222.276699999],[348834.7002,996751.1997],[349274.1991,996428.404899999],[350520.8053,996500.6864],[350598.991,996502.903999999],[350514.5861,996435.1436],[348450.9515,995437.505899999],[348102.4028,995379.1953],[347786.7,995061.9969],[348073.0026,994871.0528],[348063.237,994731.844000001],[348516.8139,994468.634099999],[348777.9178,993966.6807],[348760.6003,993209.5002],[349402.8999,992746.200200001],[349380.8528,992732.8343],[348880.1153,992698.6174],[348772.5,992906.100099999],[348335.6002,992736.300100001],[347478.8041,991745.795299999],[347525.1656,991604.865499999],[346903.7584,990762.5583],[346770.701,990758.399],[346316.2002,990012.400800001],[346435.7275,989913.7052],[346840.8366,989232.101399999],[346851.3981,988875.452099999],[345838.1815,987094.4078],[345744.6039,987009.301100001],[347466.3879,985510.4779],[347420.4882,985367.4958],[346995.7295,984098.5186],[346986.9878,984092.936799999],[346635.0002,983882.8002],[346655.274,983881.127699999],[346642.1152,983870.3748],[346809.8783,983868.373],[346915.7698,983859.6371],[346781.2853,983457.861199999],[346739.33,983446.33],[346746.5929,983354.216700001],[346717.702,983267.9044],[346610.896,983212.8978],[345652,983333.299799999],[344432.8888,982906.070499999],[344308.875,983423.012],[344220.4961,984141.602],[344142.7494,984115.7575],[344116.9543,984099.6786],[344104.4392,984092.6557],[343576.4997,983870.000399999],[343587.9999,984602.199899999],[342677.5978,985558.5964],[342704.7189,985662.5528],[343406.3729,986350.224300001],[343410.1763,986351.120300001],[343408.83,986486.234300001],[343439.52,988245.48],[343425.7279,988266.0548],[343433.465,989028.503699999],[343503.6991,989119.1],[343434.5486,989135.290100001],[343434.61,989141.34],[343430.8533,989141.649599999],[343432.8,989146.27],[343218.6838,989162.418500001],[342635.2008,989251.1],[342043.4998,990412.9],[341691.0256,990494.3116],[341158.4094,991244.6875],[341070.3642,991490.300100001],[341201.2062,991660.498299999],[341768.4751,992163.065199999],[342251.2496,991230.7699],[342109.8009,991025.0009],[342352.9991,990675.400900001],[343347.2998,991362.299900001],[343829.4998,992710.799900001],[343294.7002,992047.199100001],[342955.7732,992361.1688],[342355.431,993187.281300001],[342150.4006,993691.5997],[341958.1965,993540.0141],[340239.7474,992904.1906],[341577.8096,994373.0714],[342129.062,994163.8506],[342895.9001,993807.3991],[342928.5225,993860.430400001],[342934.5369,993858.8773],[344455.3567,994684.4484],[344531.4999,993665.799799999],[344786.0992,993565.904300001],[344851.8109,993653.2382],[344911.8797,993735.884400001],[345370.5995,994355.7994],[347548.9999,994854.1],[347955.0047,995367.9079],[347999.55,995416.289999999],[347996.0673,995419.873400001],[348010.2972,995438.3983],[347746.3,995698.300100001],[346231.4003,995369.098999999],[344513.4011,996199.500299999],[344552.3011,996512.6007],[344627.9396,996562.089199999],[344701.78,996553.48],[345946.01,997414.1406],[347121.8,996703.800100001],[347409.5997,996889.199999999],[347420.8998,998332.5998],[347406.3333,998354.860300001],[347407.81,998372.689999999],[347377.0189,998399.658299999],[346859.9917,999189.7741],[346847.8427,999258.938899999],[347853.7988,999523.9001],[348104.4591,1000000.0032],[348470.0999,1000694.4999],[348383.9001,1001249.4],[347660.2,1001360.2002],[347214.4075,1001185.9088],[347100.0013,1001140.696],[347132.478,1001032.4897],[347072.16,1001002.01],[347076.605,1000992.4157],[346403.0936,1001126.4233],[346358.2997,1002067.9997],[344519.2549,1005505.5161],[344321.347,1005875.4427],[344114.8112,1006387.6815],[344297.9004,1008035.2025],[344299.487,1008206.6624],[344300.2539,1008289.5352],[344313.07,1008412.51],[344301.4225,1008415.8235],[344302.7993,1008564.6008],[343535.2999,1008797.7997],[343431.417,1008664.4835],[343406.316,1008670.5194],[341005.4265,1006449.2594],[340132.2244,1006223.0693],[338342.7099,1006278.5762],[338000.0008,1006604.6009],[337620.9009,1006399.4006],[337324.699,1006713.6004],[337990.6013,1005954.2992],[337967.3529,1005428.2957],[337905.756,1005176.0288],[337110.0546,1005321.1744],[336858.07,1005460.08],[336588.7837,1005416.2606],[336180.6999,1005490.7001],[335151.1011,1004895.4003],[335439.3662,1004489.1365],[335051.7621,1003899.3796],[334975.4759,1003863.1451],[333476.1014,1004283.7963],[333235.4289,1004033.2373],[333009.2638,1003875.3718],[332773.1493,1003907.3413],[332494.8001,1003994.5997],[332094.3997,1003352],[331729.1,1004093.7997],[331056.9897,1003560.96],[329322.7574,1006018.6377],[329017.8979,1006874.7047],[329170.0292,1007835.6654],[329347.1969,1009525.9961],[328251.4998,1010338.8997],[328183.533,1010439.1519],[328187.9872,1010554.6406],[328391.299,1010483.5008],[328417.3003,1011106.2999],[328247.8769,1011177.29],[328213.0505,1011204.4866],[328215.88,1011277.85],[328196.3181,1011217.5533],[328143.5,1011258.8],[328137.8532,1011247.0455],[328127.5613,1011227.7036],[327302.9004,1009821.6],[327413.739,1009116.9594],[327418.3904,1009056.4842],[326780.1002,1009254.4],[326534.4686,1008920.6986],[326382.6902,1008904.0701],[325904.9005,1008994.899],[325894.2999,1009776.3997],[325296.9999,1008774.9],[325556.0029,1007840.3983],[325164.4357,1007731.585],[323553.0207,1008609.0829],[323389.7006,1008893.4987],[323002.2263,1009055.982],[322706.47,1009265.72],[322586.602,1009230.2699],[322128.2012,1009422.4954],[322396.1998,1010260.1955],[321855.2979,1011049.9995],[321856.5049,1011226.9455],[321951.22,1011931.82],[321862.9599,1012173.2619],[321865.5904,1012558.902],[321754.3324,1012753.076],[321700.8646,1013677.2494],[321907.3296,1014188.7313],[322051.8651,1014317.2629],[322136.58,1014381.97],[322133.6832,1014385.5398],[322143.4998,1014398.3012],[321648.0729,1015029.9332],[321763.2863,1015081.423],[322093.9008,1015210.1993],[321877.4921,1015342.4462],[321885.7,1015372.9],[321861.2997,1015359.3981],[321866.7233,1015349.027],[321784.445,1015399.3071],[321950.8445,1015766.9513],[322030.2982,1015771.599],[322086.2,1015714.8],[322085.1667,1015721.255],[322091,1015715.7],[322081.1463,1015774.5733],[322146.497,1015778.396],[322091.4458,1016077.597],[322346.7729,1016641.7186],[322418.2999,1016633.4002],[322748.304,1017514.5991],[322710.3484,1017479.0137],[322295.861,1018596.8339],[322312.78,1018602.72],[322302.58,1018614.02],[322292.028,1018607.1708],[322276.961,1018647.8046],[322401.6147,1018824.1273],[322675.9069,1018975.6022],[323258.0998,1018841.6],[323563.2999,1019385.7999],[322919.103,1020000.0141],[322716.8001,1020192.9012],[322933.6998,1021696.4],[322880.3592,1021824.5939],[322886.61,1021874.18],[322811.2136,1021990.7722],[322547.8995,1022623.5966],[322733.9036,1023391.0164],[322755.6718,1023448.2602],[322751.3446,1023462.9751],[322945.3,1024263.2003],[322826.7798,1024379.847],[322327.6663,1024871.0708],[322326.667,1024874.3921],[322351.333,1024909.9583],[323462.8462,1026305.2548],[324532.6015,1026968.5027],[324699.4984,1027925.3993],[324290.6521,1028415.9033],[324659.0747,1028343.4494],[324829.1999,1028301.101],[325055.2968,1028373.8007],[325041.064,1028424.7877],[326034.3053,1028847.2036],[326108.9532,1028852.4434],[326097.2994,1028616.2013],[326985.4,1028892.701],[327035.3704,1028932.2697],[328206.0151,1029622.098],[328815.4994,1029736.4007],[329111.9197,1030155.1192],[329812.4217,1029978.3355],[329816.29,1029977.51],[330068.7511,1030220.4409],[331565.13,1030320.54],[331583.7343,1030307.0551]]],[[[161885.0017,1030608.501],[161892.9994,1030589.4964],[161870.0039,1030604.0022],[161885.0017,1030608.501]]],[[[364166.9998,1030548.3002],[364820.1476,1029818.4797],[364247.4958,1029960.8402],[364153.6993,1030085.5006],[363847.8079,1030060.2022],[363782.41,1030076.46],[363790.8592,1030055.4923],[363730.5039,1030050.5007],[363846.2771,1029917.9669],[364337.8,1028698.2],[364344.1449,1028697.7486],[364348.1998,1028655.5002],[364480.8614,1028688.023],[365247.6399,1028633.477],[365715.8003,1028389.0998],[365774.5598,1028551.6037],[366114.524,1028389.7657],[366197.8001,1028302.1002],[366253.6926,1028343.3959],[366698.81,1028530.2455],[367294.6424,1028487.8599],[367260.8442,1028414.7582],[365839.6165,1028032.8368],[365534.16,1028034.76],[365558.7961,1027967.4904],[365454.8018,1027958.0996],[365478.8445,1027898.5013],[365596.1657,1027388.8162],[365501.2771,1027111.6867],[365373.13,1026789.65],[365384.1332,1026769.5593],[365344.6,1026654.0997],[365957.0991,1025602.404],[366561.0993,1025394.4035],[366680.497,1025561.1871],[367147.3185,1025806.4267],[368452.2003,1026016.6001],[368541.6129,1026092.1291],[369269.6745,1026217.7834],[369197.1407,1026047.707],[368433.4001,1025067.7],[368493.0682,1024739.9753],[368567.83,1023841.2],[368674.0853,1023745.7454],[368701.2038,1023596.798],[369006.3377,1023447.266],[369451.61,1023047.255],[369896.8145,1023010.1089],[368991.1998,1021629.6],[369040.061,1021601.8652],[369016.7,1021563.5],[369309.2248,1021278.7394],[369261.57,1021157.0527],[369217.227,1021150.7726],[369212.3441,1021153.2547],[368687.6001,1021879.6999],[367577.7001,1022053.6999],[367059.3978,1021119.0973],[366327.2003,1021309.2001],[365785.2515,1020730.5317],[365497.1646,1020700.0053],[365366.3,1020748.7002],[365343.4052,1020810.4574],[365373.5233,1021688.1332],[365690.0002,1022495.2999],[365453.1001,1023516.6997],[363865.6982,1024721.0962],[362422.6997,1023900.3],[363185.5838,1022455.2946],[363061.7851,1022069.4322],[362809.8,1021790.5],[362858.7199,1021437.428],[362777.9025,1021185.8982],[362166.8556,1021282.8547],[362036.21,1021323.55],[361999.2576,1021309.4479],[361727.3002,1021352.6001],[361611.1145,1021286.4083],[360687.8742,1021453.6865],[360670.6236,1021658.9402],[360664.8561,1021804.7021],[360932.022,1022604.9853],[361054.0002,1022686.5995],[361099.5611,1023013.6968],[361540.3474,1023565.9818],[361638.7978,1023616.8023],[361732.1979,1024838.9025],[361846.505,1024880.8615],[363936.6969,1025003.7984],[364043.6012,1024979.8007],[364588.5999,1025895.7001],[364461.7001,1026630.0003],[363275.4999,1027524.7001],[362634.7001,1028785.1999],[362218.3292,1029150.6701],[362002.82,1029377.63],[361948.2433,1029387.7383],[361487.9933,1029798.1748],[362077.0209,1029710.8567],[362106.02,1029671.43],[362245.3121,1029685.909],[362705.4037,1029617.7046],[363757.7672,1030518.5758],[364010.9854,1030686.4349],[364166.9998,1030548.3002]]],[[[161970.9976,1030718.9992],[161948.0022,1030672.5027],[161940.4992,1030698.4952],[161970.9976,1030718.9992]]],[[[162331.0018,1030724.4978],[162341.4977,1030700.5046],[162292.0026,1030705.0033],[162331.0018,1030724.4978]]],[[[161949.9975,1030718.4995],[161904.5012,1030704.0035],[161937.0033,1030744.502],[161949.9975,1030718.4995]]],[[[161873.4998,1030822.4997],[161850.4961,1030778.0024],[161832.0024,1030810.0032],[161873.4998,1030822.4997]]],[[[161895.0029,1030896.4985],[161904.9959,1030865.9972],[161884.004,1030868.4966],[161895.0029,1030896.4985]]],[[[162198.0007,1030494.5036],[161819.9976,1030293.5011],[162345.4966,1030963.4994],[162198.0007,1030494.5036]]],[[[161848.5008,1031050.0045],[161843.0013,1031012.9952],[161836.0013,1031044.4962],[161848.5008,1031050.0045]]],[[[161253.9989,1031229.0033],[161237.5005,1031225.5044],[161242.497,1031252.9964],[161253.9989,1031229.0033]]],[[[362928.1777,1030898.6333],[362824.3964,1030768.2952],[362613.2003,1031073.0989],[363050.839,1031667.8305],[362928.1777,1030898.6333]]],[[[345782.4003,1031740.3],[345747.1293,1031079.2972],[345728.3486,1031710.6173],[345782.4003,1031740.3]]],[[[348169.5555,1031077.3037],[347418.1997,1026824.4999],[347184.4406,1027203.1958],[346487.173,1028999.0804],[346490.4998,1029019.9003],[346045.5981,1030147.203],[346272.3999,1031378.5002],[346572.4429,1031605.6466],[347006.4222,1031788.7536],[348046.3226,1031196.3725],[348169.5555,1031077.3037]]],[[[180019.5024,1032102.5033],[180183.9996,1031945.998],[179994.5033,1032034.5028],[180019.5024,1032102.5033]]],[[[181266.509,1033619.599],[181863.502,1032034.5028],[180687.5007,1032088.4973],[180266.7812,1031787.9218],[180270.6614,1031799.9543],[180590.0029,1032739.501],[181355.4991,1032848.9995],[181266.509,1033619.599]]],[[[339077.2012,1034765.8],[339638.6002,1034684.4043],[339999.9993,1034939.4026],[340070.996,1034989.4969],[340111.1996,1033450.9986],[340856.7998,1032890.1988],[341079.1643,1032880.8517],[341222.4023,1032787.8971],[342782.7084,1032809.2429],[343295.1999,1032787.7002],[343398.2349,1032908.2077],[344671.6898,1033804.1676],[344719.1329,1033809.0021],[345023.501,1033082.3998],[345530.082,1032988.9494],[345599.3441,1032897.4523],[345119.0047,1032251.1238],[344891.701,1032467.3995],[344134.6,1031124.7999],[344189.7935,1030954.1371],[344902.1699,1028217.392],[344844.5989,1027986.2009],[344838.9893,1027983.5345],[341008.3081,1027097.2933],[340562.8963,1027091.7976],[339999.9936,1027500.0142],[337562.2001,1029267.9003],[337201.1994,1030580.7988],[336685.7458,1030921.6032],[336452.3047,1031453.9429],[336518.0985,1031601.2995],[336169.9999,1032306.9999],[336492.4205,1032591.2924],[336537.5008,1032605.9992],[336554.5021,1032646.0325],[336939.4974,1032985.4999],[337185.2047,1033646.7143],[338557.0008,1035071.5455],[338733.5484,1035214.0874],[338783.9706,1035162.9708],[339077.2012,1034765.8]]],[[[353553.9001,1036627.8001],[353204.4961,1035375.0966],[353184.3465,1035423.9892],[352816.3288,1038029.443],[352901.5999,1038097.6002],[353553.9001,1036627.8001]]],[[[352917.2352,1038675.5273],[352787.5673,1038448.6525],[352746.9615,1038520.5421],[352590.4885,1039628.3238],[352604.0916,1039657.3879],[352917.2352,1038675.5273]]],[[[358914.0869,1038335.4884],[358720.0297,1038296.9405],[357603.4678,1038735.207],[357505.4992,1038800.8959],[357505.5046,1038855.6566],[357923.7785,1040286.0823],[357950.484,1040255.8678],[358156.9062,1040000.0124],[359140.7996,1038780.5004],[359053.0031,1038558.6587],[358914.0869,1038335.4884]]],[[[358133.4857,1037364.7846],[357504.1914,1036072.6021],[356899.1993,1036103.0993],[357312.5176,1035679.0223],[356696.2287,1034413.545],[356307.9041,1034169.3017],[356539.6854,1033990.469],[356814.2462,1030643.5396],[356812.6013,1030440.2001],[356905.6883,1030383.3617],[357778.0694,1029429.1892],[357810.3237,1029263.891],[356969.3733,1028873.5357],[356819.03,1028920.89],[356715.3039,1028824.5377],[355918.0993,1028896.7999],[354992.3003,1028184.0999],[354884.1737,1028571.149],[354879.94,1029118.83],[354742.8541,1029369.8622],[354637.2462,1030424.0677],[354671.4986,1030627.9954],[354425.1633,1030932.4936],[354364.83,1031055.49],[354296.5615,1031091.4599],[353519.9026,1032051.4977],[353012.5016,1031917.7962],[352821.3436,1033615.1215],[352809.9409,1033772.7392],[353055.2028,1034508.8045],[353284.3998,1033766.4998],[354211.9,1033247.6001],[355540.1991,1033903.4989],[355769.9963,1035416.3048],[355674.8994,1035990.4002],[355250.1037,1036359.9738],[355133.64,1037268.1881],[355412.7998,1038162.7002],[355030.0998,1039090.4001],[356228.2399,1040000.0291],[356761.0957,1040404.5737],[356680.9349,1039522.9329],[356569.69,1039313.37],[356593.9842,1038714.4207],[356569.4,1038609.2],[356818.8812,1038477.5264],[358049.8797,1037726.4757],[358133.4857,1037364.7846]]],[[[378666.6885,1043399.8537],[378560.9582,1043388.4139],[377966.6994,1043638.3007],[378475.1549,1043853.0212],[378633.7437,1043883.3912],[378747.0028,1043706.5017],[378666.6885,1043399.8537]]],[[[364933.797,1046522.24],[364760.563,1046386.737],[364605.959,1046621.522],[364872.674,1046888.232],[364933.797,1046522.24]]],[[[376361.8003,1044634.9],[377017.6004,1043889.8995],[377850.204,1043645.0993],[377297.8999,1043365.9],[376843.3996,1043724.7965],[375993,1043249.5998],[375812.297,1044000.0977],[375231.3004,1044206.9994],[373509.8998,1043925.6001],[372798.1999,1043493.4998],[370809.2878,1040000.0147],[370471.9001,1039407.3999],[370620.3909,1038752.0409],[370619.9,1038720.45],[370624.0415,1038719.0504],[370682.8,1038476.6],[370901.933,1038483.1091],[371152.8328,1037538.6639],[371145.3002,1037485.5002],[370205.4995,1038715.1998],[370685.77,1040000.0098],[370964.9998,1040746.9999],[370249.4999,1041363.5999],[369765.6031,1041257.6019],[369400.0998,1040569.6998],[370052.7001,1040250.5002],[369958.1875,1039999.9824],[369718.1003,1039363.6],[370155.6003,1039140.0001],[369664.2914,1038930.9437],[369197.4273,1038952.0386],[368734.7002,1039246.1999],[367840.6008,1039023.2007],[367649.0698,1037870.9235],[367502.5225,1037307.0396],[367261.8255,1037518.8247],[366994.5474,1038121.8627],[367200.5002,1039131.0002],[367564.5975,1038876.2044],[368104.7987,1039240.9001],[367573.0984,1039961.3008],[367052.5,1039679.0002],[367219.5001,1039449.0001],[366534.6003,1039577.2998],[366087.3773,1038825.7319],[366081.151,1038825.922],[365734.6668,1038247.3664],[365437.2002,1039126.1003],[364110.501,1039170.8002],[363654.3022,1038779.8026],[363535.485,1038106.4819],[363305.6809,1037275.6273],[362643,1036497.6999],[362761.5031,1036146.2958],[362372.1003,1036267.5001],[361933.5002,1035961.3992],[361704.4123,1034647.6339],[361579.087,1034114.3914],[361183.2004,1035440.6992],[360796.3003,1035470.8005],[360652.486,1034607.66],[360734.45,1034231.2565],[360450.6153,1033361.2719],[360415.1694,1033350.7277],[360308.7021,1036979.8203],[360383.9985,1037372.3049],[361358.1999,1037226.5999],[361271.7748,1037628.7488],[361732.93,1037729.19],[361765.2345,1037807.5557],[361911.4997,1037785.1003],[362059.8854,1038155.5642],[362139.34,1038182.37],[362256.8502,1038647.3121],[362653.5003,1039637.5997],[362676.9623,1039657.3377],[363339.5153,1039999.9929],[363477.9588,1040071.5923],[363517.9001,1040053.6998],[363929.5559,1040505.3476],[365092.3919,1041268.1551],[365200.4993,1041221.803],[365758.7998,1041591.2001],[365837.2998,1041955.7],[365534.584,1042035.0337],[365407.1573,1042212.1098],[365399.0999,1042540.9999],[365806.601,1042285.6992],[366308.7001,1042652.5001],[366061.8998,1043392.5997],[365096.2001,1044189.9998],[365069.1432,1045017.7252],[365102.7544,1045446.9744],[365333.4732,1045215.9274],[365429.61,1044969.29],[365475.1067,1045000.2315],[365491.11,1044952.19],[365550.9464,1044998.1447],[365615.0001,1044933.9999],[366320.3011,1045422.6009],[366711.1478,1045439.6477],[366894,1045345.3],[367067.797,1045455.203],[367324.5008,1045466.3991],[367575.616,1045776.3295],[367819.1,1045930.3],[367878.8564,1046150.5935],[368320.5997,1046695.8001],[369187.9016,1046320.3035],[369949.9019,1046386.8045],[369432.3003,1045318.4004],[368745.9995,1045209.6007],[368401.8004,1044683.7012],[368591.0002,1043393.2003],[368273.9999,1043314.6012],[368471.3975,1043551.1962],[368211.3988,1043821.1996],[367611.5999,1043601.8001],[367332.2022,1043313.5042],[367392.1025,1042484.0017],[366836.8999,1042136.2],[367376.7003,1041717.4005],[368313.9002,1041656.6993],[368460.1754,1042324.5538],[368328.0992,1042140.6999],[368454.999,1042452.6003],[368526.8998,1042629.1998],[368681.8998,1042304.3998],[368484.0628,1042433.6173],[368525.5012,1041899.2998],[369053.202,1041637.9038],[369333.4002,1042045.2001],[368999.9966,1042204.3017],[369904.2002,1042351.5998],[370243.896,1042944.2999],[370884.0008,1043179.8012],[371871.8912,1044148.7204],[371917.01,1044186.38],[371920.298,1044195.0659],[371925.5129,1044199.2861],[372435.7999,1044701.7999],[373543.4207,1044817.1332],[373595.3647,1044827.4931],[374421.1002,1044917.0001],[374472.6971,1045282.4381],[374586.3002,1045536.332],[374612.1,1045579.61],[374610.2328,1045589.8195],[374612.6,1045595.11],[374557.2203,1045881.0787],[374636.8976,1046445.3977],[375971.5456,1047351.8382],[376146.1104,1046548.9983],[376033.6014,1046196.6995],[376361.8003,1044634.9]]],[[[350972.8656,1051879.0988],[350821.496,1051526.0502],[350538.567,1052320.1634],[350977.1975,1051917.4896],[350972.8656,1051879.0988]]],[[[345935.5998,1052390.5999],[346408.7024,1051790.2978],[345707.3033,1051580.2979],[345369.9978,1050819.4956],[345370.2999,1051151.9997],[344965.9002,1050923.799],[345431.8028,1050514.8029],[345805.3832,1050526.9638],[345836.3341,1049996.8579],[345724.7012,1049430.0031],[344576.9961,1048873.5027],[344165.7994,1049260.0011],[343790.5998,1048229.8997],[344112.2999,1048023.3002],[344531.4025,1048299.636],[344906.7791,1048294.284],[345313.7995,1048016.899],[345314.6001,1047450.9999],[345626.1999,1047213.3997],[346492.2004,1047562.8991],[346588.9001,1046693.4999],[346822.3121,1046720.2083],[346857.26,1046629.95],[347019.5461,1046742.777],[347487.3,1046796.3002],[347977.3005,1046071.2048],[348620.003,1046723.998],[348737.5456,1046496.2296],[348845.18,1046038.2],[348965.9315,1046053.6743],[349053.7007,1045883.5993],[348988.5995,1045211.7005],[349401.1001,1045248.8998],[349811.101,1044716.3027],[349884.4,1042524.6003],[350111.4,1042432.8],[350207.8985,1042577.7402],[351160.885,1042731.4871],[351349.8354,1042655.9342],[351513.5925,1042299.1673],[352188.1455,1040471.8337],[351412.1914,1040712.6494],[351073.1999,1040855.5998],[350806.0371,1040250.4882],[350655.7817,1040000.0289],[350301.29,1039409.13],[350284.6388,1039277.2678],[349790.1298,1038392.4289],[349715.1696,1038369.6756],[349883.1476,1039558.1835],[350095.9,1039813.8],[350109.9607,1040000.0234],[350211.3993,1041343.4991],[349619.0991,1041656.6998],[349289.0003,1041232.0998],[349182.5967,1042096.9014],[348113.8964,1043756.7973],[347444.8013,1044173.1991],[347221,1044709.7],[346415.2002,1044674.9998],[345343.6002,1045236.3001],[345000,1044916.7997],[346052.9032,1043303.597],[344402.2997,1042819.3956],[344026.4999,1041844.0002],[343440.4743,1042550.9292],[343350.22,1042703.08],[343256.2634,1042773.1447],[342625.7003,1043533.7998],[341728.7436,1043912.2375],[341694.5136,1043937.7633],[342084.1945,1044774.9491],[342118.66,1044839.47],[341795.0974,1045753.2031],[341987.4038,1046464.0024],[341842.572,1046807.2903],[341849.07,1046950.69],[341839.0853,1046965.4332],[341839.37,1046973.23],[341664.98,1047228.2283],[341427.0003,1047792.3],[341283.8523,1047785.5246],[341266.43,1047811],[341067.1259,1047775.2665],[339322.3247,1049586.1621],[339297.6225,1049709.3099],[341042.8348,1049141.3148],[341268.3025,1049014.8022],[341303.3882,1049056.2174],[341321.41,1049050.65],[341470.7701,1049278.2885],[341798.897,1049705.3046],[342376.2571,1049588.0201],[342810.1,1049458.53],[342862.3431,1049489.2769],[343055.1998,1049450.1001],[343227.4787,1049704.172],[344172.3919,1050260.2865],[344366.4999,1050328.8002],[344292.7119,1050922.7554],[344491.8404,1052083.7493],[344608.0042,1052370.6651],[344628.0488,1052373.776],[345048.102,1052343.3018],[345421.6294,1052782.8436],[345813.9972,1052969.4965],[345955.9317,1052787.1851],[345935.5998,1052390.5999]]],[[[350222.2,1050110.0994],[349772.9703,1049128.675],[349761.1076,1049103.6578],[349087.498,1049700.8958],[349046.6317,1049643.4975],[349043.29,1049646.33],[348897.5798,1049396.0568],[348583.296,1048891.5975],[348280.8002,1051788.5993],[349084.5999,1053170.3002],[349496.5999,1055510.6001],[349934.6413,1055720.4458],[350172.7087,1055801.4769],[350281.0925,1055560.2745],[350718.4381,1054233.711],[350704.9999,1054110.8998],[349962.1003,1053518.7997],[349557.5,1052285.8],[350056.0226,1050654.0325],[349996.27,1050513.39],[350181.995,1050241.6989],[350222.2,1050110.0994]]],[[[378311.7286,1056268.7625],[378762.9212,1055562.776],[378946.1,1055166.4003],[378487.8028,1055456.0984],[377511.3002,1055231.0998],[377322.5137,1055033.0947],[377127.3059,1054970.9002],[377108.3121,1054904.2338],[377069.2733,1054767.4884],[377058.291,1054755.9698],[376856.536,1054549.6784],[376823.2,1054509.3992],[376683.1992,1053526.8005],[376870.9176,1053186.7953],[376999.998,1052797.5994],[377164.6631,1052654.7482],[377424.3998,1052184.2998],[377060.2592,1052120.2983],[376937.8962,1052140.9974],[376933.9616,1052138.6902],[376883.2658,1052089.1898],[376711.5002,1052059.0002],[376351.2447,1051552.287],[376170.1496,1051369.5302],[375634.0965,1052422.2968],[375147,1052513.8001],[375053.9288,1052396.4594],[374592.9886,1052430.8776],[374858.7694,1053334.1429],[375450.8468,1054461.9597],[375677.799,1054755.9995],[375534.6033,1055643.3048],[376276.5,1055598.5998],[376752.8002,1056020.8999],[376787.6002,1055600.6],[377152.201,1055446.4001],[377443.0587,1055652.6828],[377456.4,1055638],[377477.1379,1055662.928],[377507.498,1055666.5982],[377691.9883,1055829.2291],[378311.7286,1056268.7625]]],[[[422294.343,1074184.1867],[422023.4985,1072864.2221],[421988.5001,1072799.5003],[422009.5776,1072796.3781],[422432.8893,1072749.6346],[422436.2463,1072664.4848],[422434.0032,1072457.5018],[422877,1072701],[422809.6819,1072404.6157],[422694.4986,1071897.5026],[422422.0194,1072414.1158],[422220.9945,1072263.816],[421822.5,1071971.1002],[421836.0468,1071959.0719],[421834.1,1071956.6],[422060.9212,1071340.3236],[421942.06,1071205.34],[421955.8329,1071189.6717],[421937.7999,1071167.6006],[422231.9838,1070875.5186],[421275.803,1071269.4019],[421120.4991,1070701.0046],[421178.6807,1070647.3593],[421133.3566,1070357.0706],[420954.9959,1070232.7987],[421090.5332,1070082.7982],[421058.2773,1069876.2077],[420963.306,1069809.2377],[420928.776,1069804.9263],[420878,1069834.1],[420879.4052,1069798.7619],[420444.4008,1069744.4471],[420296.3456,1069912.0567],[420277.8923,1069933.3276],[420239.7593,1069916.7345],[420205.6011,1069949.9003],[420146.3635,1069875.1249],[419999.9952,1069809.9151],[419836.0339,1069736.8672],[419746.5498,1069975.198],[419831.4002,1070198.7984],[419719.4395,1070176.9461],[419807.9374,1070645.6409],[419900.4032,1070609.001],[419903.287,1070637.2341],[420000.0016,1070770.1177],[420246.7051,1071109.0826],[420254.8006,1071111.2972],[420119.5176,1071354.1994],[419999.9987,1071582.7003],[419988.8835,1071603.9509],[420054.6653,1071952.3386],[420352.9993,1072281.5022],[420173.4986,1072581.693],[420201.3328,1072729.1062],[420297.9965,1072678.4986],[420320.0026,1073255.5034],[420616.0003,1073019.501],[420578.6224,1073268.1389],[420640.9982,1073245.4993],[420577.8708,1073319.0657],[420571.1919,1073317.5657],[420456.4997,1074080.498],[421691.9972,1073884.5034],[422205.9342,1074221.7393],[422265.1752,1074226.5221],[422294.343,1074184.1867]]],[[[437491.2523,1109380.9814],[437473.6955,1109379.8061],[437498.4643,1109626.0488],[437617.3483,1109913.6964],[437624.1856,1109902.6193],[437620.6866,1109586.641],[437491.2523,1109380.9814]]],[[[436003.1346,1118998.0516],[436208.1601,1118392.2494],[435787.0615,1118595.502],[435990.4997,1118740.5035],[435925.8525,1118952.6797],[435963.059,1119024.13],[436003.1346,1118998.0516]]],[[[445862.8741,1124567.9853],[445775.4996,1124488.499],[445975.1561,1124520.6343],[446962.442,1123500.1704],[446990.0001,1123457.0003],[446510.001,1123746.9998],[446364.5016,1123564.0028],[446597.817,1123409.924],[445785.4515,1123330.06],[445762.9555,1123342.5753],[445731.4318,1123640.0074],[445658.9996,1124402.4995],[445521.4965,1124424.3603],[445389.8526,1125018.2985],[445513.2295,1124998.084],[445829.848,1124670.8255],[445862.8741,1124567.9853]]],[[[435838.1703,1127160.7859],[435892.4989,1127097.5013],[435918.2308,1127116.6938],[436013.0005,1127064.5008],[436373.5481,1127235.2125],[436496.4624,1127196.7384],[436447.2186,1126987.0205],[436261.4998,1126821.5],[436264.9756,1126415.1012],[436261.418,1126272.0912],[436205.4979,1126663.4956],[436085.0814,1126526.9544],[436045.5194,1126597.5103],[436054.6076,1126624.1989],[436093.0023,1126717.5001],[436089.2694,1126716.505],[436091.9964,1126733.9954],[436048.8382,1126705.7268],[435993.1626,1126690.8847],[435681.777,1127246.2181],[435838.1703,1127160.7859]]],[[[438776.689,1132812.9407],[438227.9881,1131495.4645],[438124.4569,1131347.8948],[438051,1131594.5],[438048.0413,1131592.7673],[438043.5003,1131614.4998],[437906.4806,1131509.864],[437815.24,1131456.43],[437817.8488,1131442.1798],[437785.3998,1131417.3999],[437698.0029,1130926.9966],[437924.6569,1130725.2863],[437432.986,1129528.0584],[437292,1129277],[437305.2627,1129217.0498],[437045.4607,1128585.4205],[437678.9973,1130764.6941],[437729.4987,1130848.4976],[437709.1359,1130868.249],[437374.32,1131113.98],[437602.4998,1131518.6],[437559.5006,1132383.7991],[437509.4267,1132417.1045],[437298.36,1132572.77],[437408.06,1133222.1],[437764.6963,1133398.2986],[437839.0534,1133565.2063],[438791.5636,1134734.3478],[438966.4921,1134853.2587],[439138.3377,1133843.9798],[439146.9977,1133730.5026],[438776.689,1132812.9407]]],[[[438458.0981,1135822.9037],[437141.9967,1133082.998],[437229.5016,1132310.2992],[436934.0002,1131843.3003],[437116.7061,1131489.9649],[437139.1611,1131443.6274],[437129.8778,1131419.5011],[436867.12,1131252.78],[436735.5,1130488],[436443.2132,1130429.2017],[436307.0019,1130378.0028],[436300.2342,1130225.6355],[435248.9807,1128728.9143],[435180.1583,1128676.8368],[434782.8666,1129589.0301],[434781.431,1129602.3524],[434988.5002,1129383.0011],[435465,1129544.0003],[435645.0622,1129910.7562],[435717.4975,1129932.9997],[435681.115,1129984.1895],[435783.2393,1130192.1993],[436170.5,1130813],[436344.5003,1130485.5008],[436659.7118,1130737.4415],[436097.7376,1131020.36],[436160.3404,1132239.9362],[436321.499,1132479.0005],[436105.7815,1132404.0914],[435935.7931,1132915.5478],[436336.9984,1133205.5029],[436481.0738,1133154.8862],[436667,1133070.5],[436669.673,1133088.6272],[436698.5,1133078.4997],[436737.4999,1133378.4998],[436441.4963,1133386.0013],[436515.9881,1133561.9807],[436951.1946,1134021.5863],[437357.499,1134158.4995],[437386.1895,1134218.377],[437403.0648,1134259.9121],[437587.9972,1134671.5036],[437490.6968,1135321.7971],[437079.8001,1135436.2998],[436758.26,1135048.63],[436360.06,1135735.63],[436367.46,1136034.43],[436708.76,1135600.53],[436944.06,1135680.03],[436820.9117,1135810.5157],[436667.7,1136264.7],[436871.7,1136318.2],[437353.3011,1135832.9008],[437843.7009,1135804.299],[437845.9742,1135823.7067],[438112.558,1137274.6324],[438124.324,1137281.8106],[438458.4315,1135836.7666],[438458.0981,1135822.9037]]],[[[435450.199,1137033.9199],[434879.2391,1136613.3208],[434655.5001,1137309.499],[435203.5731,1137779.4839],[435227.5993,1137787.1715],[435433.0852,1137589.5135],[435731.02,1137276.4924],[435450.199,1137033.9199]]],[[[436293.8773,1137938.6979],[437008.4216,1137435.68],[437004.6411,1137404.4264],[436730.1407,1137401.0975],[436178.3856,1137507.3898],[436223.0022,1137660.9976],[436051.9443,1137599.2354],[436031.7417,1137679.0772],[436293.8773,1137938.6979]]],[[[436030.0009,1137824.5003],[435857.0039,1137673.0041],[435702.4997,1138184.4977],[436030.0009,1137824.5003]]],[[[435031.034,1138613.6477],[434973.6734,1138401.6742],[434592.312,1138431.7405],[434552.0003,1138439.5001],[434829.4999,1138646.9999],[435031.034,1138613.6477]]],[[[440322.3616,1138762.3621],[440204.6893,1138140.4551],[440150.1813,1138096.094],[440000.0065,1138044.725],[439924.2019,1138018.7951],[439917.1345,1137906.4297],[439879.0025,1137875.3962],[439788.0998,1136004.0009],[439734.6279,1135942.8633],[438461.2775,1135161.996],[438731.9998,1135436.5043],[438581.0501,1135836.2106],[438587.9514,1135869.651],[439140.4999,1136209.5],[439124.0064,1136486.4759],[439097.9984,1138206.4148],[439235.6633,1138272.2171],[439382.7982,1138209.3006],[440000.0022,1138572.6095],[440322.3616,1138762.3621]]],[[[436103.0924,1139699.652],[436280.6468,1139560.2911],[436005.7994,1139617.4538],[436006.8654,1139669.3984],[436103.0924,1139699.652]]],[[[437513.9986,1139223.0001],[437269.2707,1138997.1271],[437281.1241,1139068.705],[437411.7584,1139770.8271],[437494.5704,1139347.3049],[437496.8439,1139333.2164],[437513.9986,1139223.0001]]],[[[436174.5002,1140484.5003],[435880.4386,1140000.0089],[435694.9555,1139694.4096],[435622.8563,1139650.3068],[435652.4549,1140000.0111],[435349.4842,1139690.5144],[435449.9997,1139924.9998],[435241.3214,1140000.0152],[435160.8571,1140028.9404],[435384.6332,1140685.6028],[435542.0017,1141054.4963],[436174.5002,1140484.5003]]],[[[396358.9745,1141231.3698],[396718.4998,1140985.5],[396911.4332,1141138.6935],[397176.2366,1141319.8062],[397069.4995,1140945.9985],[397582.9678,1139999.9719],[397885.0017,1139443.4973],[397238.9999,1138835.0018],[397490.8691,1138465.5703],[396533.8391,1136137.6687],[396427.267,1136482.2004],[396449.0006,1136487.0036],[396420.3529,1136503.9788],[396301.9994,1136885.9994],[395823.7657,1137043.3767],[394952.4145,1138219.0233],[394929.9965,1138286.4985],[393618.5001,1138830.5001],[393900.5017,1139206.995],[393715.6253,1139445.9289],[393871.5038,1140161.5018],[395999.1799,1141461.4694],[396358.9745,1141231.3698]]],[[[455306.1602,1141114.3368],[455153.9113,1139740.2883],[455076.497,1139715.4995],[455070.5,1138987.5],[453748.5434,1140693.2024],[453707.9991,1140789.0009],[453473.054,1140618.843],[453225.2549,1140491.8998],[453274.5811,1140739.0402],[453581.0918,1141500.1333],[453588.8426,1141506.815],[453853.4988,1141152.4991],[455303.5,1141135.0031],[455306.1602,1141114.3368]]],[[[436995.4265,1142640.9587],[436992.7762,1142170.5088],[436933.9919,1142228.6831],[436727.4282,1142588.6447],[436865.1126,1142667.7766],[436995.4265,1142640.9587]]],[[[437394.2425,1145005.6762],[437281.3384,1144494.711],[437228.5003,1144914.0002],[437394.2425,1145005.6762]]],[[[451144.1819,1145191.2277],[451452.8381,1144407.2367],[451336.9982,1143819.0045],[451736.9998,1143616.5013],[451715.2694,1143445.3455],[451493.4294,1142754.4997],[451298.9999,1142624.4999],[451384.4968,1142415.266],[451368.9981,1142367.0005],[451503.8459,1142123.1869],[451593.8989,1141902.8032],[451615.129,1141921.9798],[451638.9001,1141879.0002],[451928.3339,1142204.8897],[452038.5621,1142304.456],[452423.5002,1142268.4987],[452433.8514,1142296.3151],[452461.5016,1142288.0031],[452599.7209,1142742.0512],[452762.382,1143179.165],[453076.5003,1142815.5012],[453063.3574,1142708.252],[452818.0016,1142176.495],[452788.279,1141241.1134],[452519.1085,1139931.2975],[452189.4889,1139736.9812],[452159.0166,1139672.5784],[452103.5011,1139635.0007],[452024.3957,1139388.0796],[451831.5365,1138980.5036],[451818.5849,1138745.6573],[451807.0004,1138709.4974],[451814.1643,1138665.5015],[451719.0944,1136941.6484],[451530.997,1136313.5033],[451651.0039,1135706.9969],[451104.0018,1136429.5001],[450523.286,1136470.1282],[448878.0002,1137583.4997],[448624.9771,1139590.2002],[449135.6007,1139892.2988],[449141.9619,1139923.6193],[449165.2002,1139938.4995],[449167.3802,1140000.0226],[449169.4726,1140059.0739],[449332.3031,1140860.8016],[449208.7437,1141167.3731],[449231.5001,1141809.5999],[449086.1932,1141471.4412],[449079.1962,1141488.8019],[448986.9285,1141316.556],[448895.7241,1141436.9088],[448812.9961,1141955.0984],[448295.9861,1142228.3199],[447808.2202,1142871.9731],[447679.3993,1143375.8005],[447377.1002,1143463.8002],[447379.6728,1143501.6087],[447974.83,1144250.6337],[448076.4978,1144245.5028],[448373.9961,1144752.9975],[448981.0001,1144158.4998],[448997.3897,1144180.0607],[449016.5007,1144162.4965],[449146.6741,1144363.5284],[449726.5126,1144071.2603],[449755.0013,1144045.3004],[449768.1822,1144050.2567],[450402.7011,1143730.4268],[450613.1981,1143371.303],[451214.9968,1143294.505],[451365.5011,1143662.9998],[450968.326,1143927.9615],[450729.9065,1144520.3605],[450856.9963,1144976.0037],[450746.4039,1144960.9127],[450585.2645,1144947.2321],[451079.0028,1145245.4965],[451144.1819,1145191.2277]]],[[[437755.5035,1146407.004],[437811.68,1146164.08],[437699.7186,1146261.3833],[437677.4987,1146304.4991],[437195.9999,1145976.0002],[437755.5035,1146407.004]]],[[[424085.3294,1146225.8566],[424049.6338,1145814.0538],[424018.6501,1145827.9337],[424018.3013,1145822.3448],[424015.0007,1145414.5127],[423109.9998,1145717.0002],[422955.0004,1145221.0035],[422837.5,1145662.4971],[422321.2046,1145955.1828],[422064.7507,1146252.2552],[423046.9496,1147276.1857],[423154.2611,1147309.2266],[423829.4847,1146753.6374],[424085.3294,1146225.8566]]],[[[423841.5184,1148294.222],[424088.4998,1147643.5003],[423538.9068,1147947.3636],[423841.5184,1148294.222]]],[[[447472.5453,1150820.3188],[446853.6166,1150373.7687],[447103.9814,1150926.3697],[447260.0795,1150900.0922],[447472.5453,1150820.3188]]],[[[419252.3025,1158495.1961],[419224.8652,1158412.2066],[419144.9184,1158569.101],[419204.6666,1158654.6381],[419239.8879,1158650.7688],[419252.3025,1158495.1961]]],[[[425080.1174,1158971.5989],[425049.0686,1158475.5687],[424827.5002,1158579],[425080.1174,1158971.5989]]],[[[414081.6221,1161129.3972],[413898.0125,1161118.3838],[413821.2171,1161131.4162],[413815.9749,1161155.565],[413892.3098,1161320.612],[414026.244,1161232.671],[414081.6221,1161129.3972]]],[[[428886.4999,1161462.5],[429151.5003,1160864.0009],[429158.277,1160880.7566],[429843.5016,1161375.9992],[430154.0024,1160797.5048],[430574.434,1160620.0283],[430575.3338,1160626.5705],[430600.059,1160848.8162],[430644.8176,1160817.6276],[430653.9994,1160712.799],[430656.0064,1160715.2885],[430660.0018,1160698.0033],[430713.3332,1160769.8847],[431134.7624,1160476.2251],[430625.2952,1160303.8189],[430351.9993,1160218.5005],[430355.5889,1160216.0978],[430285.9989,1160188.9994],[430461.4897,1160107.0308],[429476.7794,1159590.7041],[429441.4985,1159597.9989],[429448.9127,1159526.9952],[429222.5522,1158671.5776],[428976.9661,1159193.6841],[429080.9984,1159383.3996],[428706.4858,1159777.1878],[428727.0967,1159803.6289],[429162.2051,1160118.7696],[429267.7567,1160000.0247],[429350.1213,1159907.7623],[429370.4998,1159884.5],[429410.9424,1160000.0204],[429473.8066,1160179.5857],[429585.7033,1160425.5013],[429559.985,1160425.7454],[429579.5024,1160481.495],[428216.5037,1160438.4976],[429114.7069,1162029.5422],[429124.2647,1162035.3696],[429135.5181,1161589.5559],[428886.4999,1161462.5]]],[[[433567.3165,1159880.015],[433533.4963,1159848.9963],[433517.9912,1159862.8739],[433004.1823,1161119.5996],[433009.7321,1161157.0805],[433514.8565,1161196.4886],[433694.4989,1161201.4992],[433556.7862,1161802.056],[433848.7792,1162134.8516],[434009.4767,1162196.3396],[434441.5107,1161597.7016],[434662.4998,1161272.4997],[434356.5018,1161242.4974],[434253.7858,1160735.6964],[433567.3165,1159880.015]]],[[[415669.8688,1162449.1225],[416120.4957,1161849.503],[416138.6905,1161860.0493],[416651.3129,1162290.3202],[416674.4983,1161578.5012],[416843.6515,1161504.669],[416867.4987,1161389.4953],[416904.0991,1161478.2849],[416981.5031,1161444.4996],[417160.9981,1162101.5015],[417364.1999,1160860.4998],[417405.9616,1160893.8117],[417410.304,1160872.4034],[417447.4081,1160905.8455],[417454.1018,1160877.9018],[417772.9319,1161186.5314],[417981.0001,1161352.5002],[417904.5002,1161681.9998],[417546.0009,1161484.4997],[417643.433,1162055.6272],[417796.879,1161848.0667],[417810.5016,1161822.0008],[417939.0147,1162115.8568],[418006.9663,1162081.716],[418059.0014,1161926.5006],[418181.7779,1161993.8856],[418295.9967,1161936.4988],[418331.2123,1162075.9015],[418377.4486,1162101.278],[418634.3888,1161184.8343],[418619,1161118],[417975.6009,1160566.4007],[418298.3998,1160256.8999],[418344.291,1160279.8297],[418662.7371,1160448.8786],[418771.275,1160144.4065],[418708.1893,1159999.9644],[418637.566,1159838.2642],[418546.3003,1159742.2969],[417753.3975,1159887.2953],[417399.3288,1159358.6118],[416457.2515,1159075.6889],[416658.5028,1159185.4962],[416652.2524,1159188.1163],[416655.887,1159190.033],[416630.2419,1159197.3427],[416422.154,1159284.569],[416435.5377,1159699.0793],[416534.4461,1159792.0796],[416731.9993,1159802.9995],[416739.2531,1159827.6168],[416758.4989,1159825.503],[416752.3446,1159872.0455],[416790.0449,1159999.989],[416803.2597,1160044.8362],[416837.999,1160077.5004],[416720.838,1160198.5742],[416706.6069,1160217.9427],[416690.9966,1160335.9969],[416499.9616,1160499.1858],[416462.996,1160549.4958],[416451.0773,1160540.9446],[416421.7574,1160507.6433],[416328.9988,1160603.4998],[416380.3618,1160449.1916],[416367.9091,1160431.608],[416019.7888,1160000.0121],[415750.1401,1159665.7044],[415641.9347,1159573.9377],[415485.2923,1159804.4316],[415449.3267,1159866.0226],[415476.4991,1159895.0031],[415437.8734,1159885.6363],[415429.2392,1159900.4224],[415432.5035,1159900.0017],[415445.4977,1159931.0028],[415414.8028,1159925.1447],[415278.5421,1160158.4907],[415546.4997,1160297.4979],[415541.5588,1160300.7757],[414942.4528,1160734.0428],[414753.052,1161058.3911],[414822.5005,1161105.9978],[414575.4427,1161402.0421],[414565.5458,1161501.013],[414769.1231,1161695.5131],[415108.4973,1161812.0044],[415059.9292,1161973.3526],[415336.4353,1162237.5297],[415394.9967,1162211.9999],[415440.4936,1162251.2485],[415523.496,1162223.9965],[415577.1053,1162369.0986],[415669.8688,1162449.1225]]],[[[461629.0289,1162437.0026],[461422.5789,1162084.5191],[461317.0558,1162117.6596],[461268.0491,1162211.32],[461687.1996,1162670.2302],[461629.0289,1162437.0026]]],[[[435511.047,1163550.8409],[435246.2201,1163479.2886],[435226.3273,1163487.8455],[435185.4547,1163599.8153],[435515.6115,1164212.6241],[435576.7852,1164191.7774],[435616.6852,1164096.9412],[435662.8586,1163854.5727],[435572.5271,1163601.9788],[435511.047,1163550.8409]]],[[[453195.2904,1163505.4847],[453072.2425,1163414.6088],[452843.3508,1164259.9487],[452766.9989,1164733.4991],[452802.1542,1164784.0921],[453702.3772,1165535.6773],[453717.0846,1165537.8188],[453365.0037,1164272.5001],[453380.8077,1164210.15],[453195.2904,1163505.4847]]],[[[410382.6271,1165726.3978],[410258.9379,1165697.7097],[410247.1772,1165882.2277],[410382.6271,1165726.3978]]],[[[460000.0073,1166406.3049],[459235.0007,1165875.0014],[459210.2685,1165825.0238],[457710.4431,1163296.7674],[457614.2,1163253.2],[457463.5962,1162936.9824],[456784.5462,1162332.6942],[456698,1162302.1],[456687.2249,1162246.0877],[456620.599,1162186.7971],[456496.4443,1161254.3484],[456215.9015,1161140.6195],[456193.8017,1161158.3015],[456184.7981,1161145.2952],[456212.6864,1161139.3161],[455054.4997,1160669.8002],[454378.297,1161207.5974],[454134.6269,1161112.4492],[454107.5591,1161125.6827],[454031.8081,1161531.4088],[454025.9204,1161531.6953],[453825.7701,1161537.7946],[453230.5021,1161556.5988],[453230.4467,1161560.773],[453724.532,1162585.2218],[453854.2,1162279.8002],[453859.2665,1162317.99],[453934.6417,1162874.5773],[454018.4651,1162878.7528],[454407.9,1162879],[454399.9526,1162897.7561],[454447,1162900.0997],[454162.0906,1163492.4667],[455053.9118,1165341.591],[455107.7663,1165432.1781],[455418.3,1165303],[455478.7741,1165479.6399],[455561.7183,1165489.2441],[455567,1165353.3],[456577.0593,1165604.756],[456591.6012,1165606.3983],[457295.3006,1166975.5963],[457623.8995,1166573.8002],[458764.8999,1166332.8001],[458844.7948,1166391.8637],[458862.2,1166389.1],[458910.5707,1166440.4896],[459476.6446,1166858.9688],[459729.4,1166874.6],[459833.0788,1167122.4686],[460000.0168,1167245.8802],[460005.5085,1167249.9401],[460040.0916,1167237.4687],[460036.5,1167150.5],[460733.3126,1166915.5916],[460000.0073,1166406.3049]]],[[[431642.4997,1167521.5001],[432397.5991,1166536.4007],[432634.8002,1166820.5002],[433645.1014,1165975.3027],[434161.0031,1165955.7983],[434253.9428,1165539.9639],[434259.4271,1164723.8643],[433821.6666,1163583.2178],[433390.6849,1163208.2528],[433192.8021,1163211.3039],[432967.7187,1162953.2595],[432257.0878,1162712.9681],[431789.9999,1162836.5001],[431470.9999,1162477.5008],[431337.4984,1162777.498],[431190.1942,1162720.4446],[431074.4975,1162832.5023],[431059.2012,1162816.3232],[431035.4983,1162837.5009],[430993.1789,1162782.7019],[429713.8476,1163678.3065],[429709.9273,1163682.1107],[429691.0486,1163970.563],[429636.5003,1164867.9997],[429017.5031,1165707.9999],[429446.9966,1165677.4979],[429447.5229,1165690.4387],[429538.3019,1165686.7314],[429557.4999,1165560.9998],[429594.015,1165569.8378],[429597.9967,1165551.504],[429797.9315,1165619.1933],[429980.9963,1165663.5019],[429951.1948,1165690.8341],[429983.5165,1165901.6113],[430188,1165897.5],[430137.7368,1166091.4736],[430428.4969,1166218.5031],[430403.4819,1166245.2061],[430408.5,1166246.5],[430135.6427,1166645.2215],[430137.961,1166648.4045],[430275.3948,1166607.6004],[430332.549,1166579.611],[430576.9838,1166984.4083],[431347.7004,1167460.9418],[431393.4,1167286.9972],[431402.3188,1167305.0083],[431418.9999,1167251.4988],[431498.0211,1167346.9612],[431537.297,1167297.452],[431554.1272,1167414.7408],[431642.4997,1167521.5001]]],[[[431718.7344,1169450.3378],[431696.1528,1169402.0253],[431452.6832,1169586.6951],[431378.2429,1169691.6034],[431538.9995,1169807.4957],[431718.7344,1169450.3378]]],[[[431909.281,1169858.006],[431836.14,1169701.5232],[431559.4967,1169819.0024],[431574.1855,1169824.7439],[431919.2343,1169941.4949],[431909.281,1169858.006]]],[[[469180.2117,1171263.1239],[469006.2967,1171240.2146],[469246.2034,1171483.1244],[469706.875,1171839.141],[469711.6616,1171792.0174],[469621.5021,1171680.9994],[469737.7163,1171535.5095],[469749.4999,1171419.5001],[469180.2117,1171263.1239]]],[[[468321.2695,1172476.1629],[468251.9485,1172016.7464],[468174.6,1171705.3015],[468244.4469,1171715.5803],[468511.3283,1171601.6645],[468679.1988,1171230.2984],[468532.8864,1171215.8107],[467497.3428,1171336.6745],[467491.0016,1171362.3001],[466260.5546,1170169.9168],[467454.2504,1171505.8398],[467518.2003,1171507.599],[468090.9961,1172061.5003],[468036.7315,1172047.098],[468066.5001,1172075.4965],[467962.369,1172027.3615],[467907.1549,1172012.7071],[468321.2695,1172476.1629]]],[[[468996.6462,1172494.9112],[468979.386,1171716.2495],[468836.5898,1171707.5106],[468762.6965,1171864.4969],[468627.9573,1171747.6913],[468603.3355,1171762.9522],[468577.1425,1171862.0698],[468823.2581,1172317.1137],[468996.6462,1172494.9112]]],[[[430191.1007,1172884.421],[429835.0735,1172722.9547],[429934.8058,1172964.9889],[430161.1658,1173319.6108],[430203.3504,1173238.2798],[430285.0334,1172948.8699],[430191.1007,1172884.421]]],[[[446967.0003,1173105.5008],[446459.5524,1172953.8961],[446657.9739,1173700.8368],[446743.5023,1174004.5043],[446967.0003,1173105.5008]]],[[[420402.9014,1176743.0398],[420504.5023,1176337.4965],[420247.0008,1176540.9983],[420402.9014,1176743.0398]]],[[[420661.8598,1176977.016],[420854.4969,1176444.4959],[420631.1823,1176920.0463],[420648.1813,1176983.4955],[420661.8598,1176977.016]]],[[[447444.4988,1175869.5001],[447314.0028,1175664.4992],[446146.5019,1176127.9963],[446534.0038,1177102.4984],[447444.4988,1175869.5001]]],[[[449480.5001,1177442.0003],[449210.0002,1177346.4998],[449401,1177831.9994],[449480.5001,1177442.0003]]],[[[440494.9992,1179772.5033],[440532.0001,1179281.5002],[439999.9971,1179701.6447],[439937.5013,1179751.0002],[440000.0017,1179842.1517],[440085.6853,1179967.1139],[440494.9992,1179772.5033]]],[[[445101.3994,1178508.2951],[444892.4036,1178306.7029],[443930.0978,1179768.1045],[444110.7895,1180000.0123],[444192.2001,1180104.4982],[444270.1281,1180000.0043],[444848.6966,1179224.2002],[445101.3994,1178508.2951]]],[[[444477.5039,1180878.9965],[444349.4993,1180527.4972],[444060.5005,1181457.0005],[444477.5039,1180878.9965]]],[[[442591.5042,1181923.9982],[442955,1181027],[442085.4963,1181507.4966],[442591.5042,1181923.9982]]],[[[439469.5033,1181720.8955],[438768.401,1180986.4958],[438621.6966,1181497.9994],[439183.2018,1182053.7003],[439469.5033,1181720.8955]]],[[[431901.9564,1192745.9139],[431086.8746,1192701.92],[430990.9821,1192972.4639],[431040.0387,1193098.0132],[431176.1866,1193183.4197],[431993.8233,1192755.7503],[431992.5503,1192749.9798],[431908.4794,1192746.8585],[431901.9564,1192745.9139]]],[[[455561.6028,1193160.4051],[455741.0003,1192919.5002],[455942.946,1192943.5676],[456410.5586,1192588.5704],[456441.8143,1192236.2726],[456420.1931,1192203.5859],[456016.4997,1192163.4976],[455949.6539,1191493.5361],[455442.8717,1191640.8576],[454751.5014,1191843.9978],[454755.0857,1191812.0967],[454747.9973,1191813.9964],[454705.4333,1190896.1109],[454554.7657,1190926.1466],[454072.9121,1191414.3264],[454065.4997,1191432.5001],[454863.0002,1192408.5011],[454861.1294,1192605.5119],[455317.8241,1193266.5879],[455466.8947,1193271.6086],[455561.6028,1193160.4051]]],[[[463173.1356,1194420.1582],[463282.9959,1194370.5046],[463426.5738,1194384.0694],[463718.5,1194342.5],[463721.945,1194411.9751],[463868.4719,1194425.8185],[464085.0421,1194176.7412],[464442.2644,1192204.2162],[464437.0003,1192074.501],[464546.537,1191908.2425],[464609.351,1191820.2841],[464613.6,1191757.8],[464753.8105,1191611.0003],[464819.4958,1191514.9012],[464834.3457,1191526.7475],[464897.7887,1191589.7516],[465291.1769,1191965.8429],[465186.6365,1191603.4092],[465109.7003,1191388.0002],[465305.6991,1191228.8039],[465345.9752,1191243.1111],[465390.9,1191212.8],[465635.6642,1191346.0165],[465894.8992,1191438.1039],[465910.4122,1191495.5523],[466216.1571,1192655.3686],[466224.9808,1192688.8331],[466363.6415,1192687.2381],[466491.9991,1192596.0018],[466574.3276,1192684.8147],[466732.96,1192682.99],[466970.3798,1192945.6923],[467123.5839,1192982.7706],[467125.8847,1192956.5259],[467000.5,1192889.5],[467001.3936,1192884.7589],[466979.4959,1192867.5049],[467090.8418,1192410.1569],[467151.08,1192090.54],[467171.1927,1192080.1194],[467207.4966,1191931.0029],[467311.8982,1191903.379],[467428.4284,1190542.8617],[467418.1162,1190498.8949],[466648.7041,1189924.7972],[466858.3313,1189537.4343],[466836.7582,1189500.9414],[466494,1189645.1],[466385.0968,1189494.6076],[466331.7998,1189495.0997],[466345.479,1189439.86],[466296.3,1189371.9],[466478.2734,1188894.5325],[466424.6524,1188803.8278],[466286.2671,1188810.2546],[466252.5,1188815.5],[466252.17,1188811.8382],[466207.0294,1188435.6992],[465892.4624,1187903.5812],[465807.845,1187860.1185],[465478.499,1188729.9992],[465273.5024,1188857.0019],[465156.4206,1188649.2424],[464168.1929,1189913.4964],[464142.6999,1189989.3997],[463526.1009,1189910.8002],[463302.4497,1189386.1957],[463206.5371,1189534.4119],[462582.3963,1190536.1015],[462562.773,1190529.2363],[462174.5669,1190498.1112],[462113.4,1190552.8],[462084.2907,1190490.838],[460949.2833,1190399.3948],[460853.0033,1190452.7961],[460548.001,1189781.9988],[460650.7811,1189728.5354],[460637,1189692.5],[462580.8405,1187819.9568],[462587.6036,1187809.4892],[462488.3672,1187763.2372],[462208.538,1187667.324],[462192.4959,1187754.9983],[461812.5004,1187617.4991],[461811.0623,1187531.0867],[461751,1187510.5],[461760.3144,1187480.681],[461445.7561,1187360.4976],[461286.0014,1187393.0008],[461231.2614,1187278.5455],[460848.4211,1187132.2735],[460617,1187647],[460545.766,1187692.9064],[460500.5026,1187832.9962],[460223.4604,1187947.4127],[459741.7833,1188773.5439],[459597.5,1189421],[458802.4771,1191013.4966],[458794.3916,1191031.7083],[458786.5,1191045.5],[458242.5,1191446.5],[458238.2341,1191485.0784],[458182.2961,1192254.9002],[457700.9774,1192333.5069],[458077.9424,1193816.3241],[458231.5002,1193958.0003],[458300.9998,1194629.9997],[459253.5003,1194188.5002],[459767.5002,1194540.5002],[459674.5037,1193952.0044],[459999.9955,1193762.862],[460364.7704,1193550.8923],[460383.6134,1193534.5904],[460436.0004,1193509.5008],[461072.4999,1193763.5],[461119.9016,1193848.415],[461811.164,1194696.2995],[461921.8709,1194791.1109],[462117.0003,1194897.5],[462549.5763,1194701.9885],[462942.5,1194453],[463173.1356,1194420.1582]]],[[[437943.0001,1195120],[437842.4988,1194212.9995],[437520.0004,1194210.9994],[437636.9985,1193648.0009],[438213.0002,1193651.9999],[438379.9998,1193206.4989],[438105.5003,1193040.9986],[438240,1191486.5002],[437947.803,1191179.4981],[438204.0003,1190388.0002],[437417.7006,1189064.3012],[437113.9965,1189469.0977],[436497.3001,1189023.6002],[436792.9998,1188247.5002],[437172.0003,1188534.5001],[437155.5025,1188004.997],[437568.4972,1188049.504],[437720.5032,1187701.5036],[437658.7991,1184397.999],[437330.9991,1183874.5003],[436626.3011,1184270.8956],[436224.9986,1183867.0006],[435586.0036,1184411.4908],[435322.4998,1183085.5],[434852.3106,1182700.9048],[436280.0002,1183107.4994],[437224.0012,1182620.4987],[436931.5001,1182343.4987],[435880.7003,1182348.7958],[435763.2001,1181875.9001],[435625.6972,1182098.4973],[435116.599,1181658.0999],[436470.5025,1181945.0014],[437218,1180984.9999],[437119.0002,1180552.5003],[436130.4027,1180110.2973],[436663.4676,1180000.7911],[436516.6006,1178542.5953],[435435.4997,1177438.8005],[436818.3998,1177359.9002],[436627.0009,1178144.3998],[437061.4999,1179232.4992],[437685.4998,1179556.4999],[437992,1179288.5],[437587.5011,1178706.4991],[437945.5027,1177807.4957],[436869.4987,1177374.3998],[437232.5028,1176569.5001],[436775.5038,1175528.4981],[437511.0002,1174418.0002],[437325.4999,1174038.5],[436717.3019,1173996.4966],[436448.0002,1174799.0002],[435875.9999,1174875.495],[436502.0003,1174422.9999],[436161.7002,1173301.3956],[435529.7999,1172936.5001],[435461.5001,1172067.2997],[435135.1993,1171882.6008],[435576.004,1170108.9994],[435186.4997,1169890.0012],[434755.604,1170218.2981],[434574.6997,1169526.3001],[434825.1007,1169228.6009],[434073.4983,1169074.3956],[434063.4998,1168334.5001],[434521.6009,1167925.6044],[434903.0008,1168425.5002],[435760.3966,1168639.1002],[436152.4987,1169462.0046],[437141.6998,1169868.7994],[436314.4991,1169754.0009],[436083,1170138.5006],[436213.9998,1171609.4997],[436957.9999,1172779.505],[437747.4986,1172835.4999],[438869.6998,1173550.0044],[439413.5028,1173315.4016],[439400.4022,1172716.6025],[439633.2003,1172743.5003],[439855.504,1174039.0045],[440000.0127,1173846.8382],[440400.4036,1173314.4019],[440838.4967,1173528.8005],[440823.8,1174094.3],[439999.9825,1175031.6246],[439959.4008,1175077.7977],[439260.3,1175017.8999],[438427.8965,1175763.5008],[438430.0001,1176473.9986],[439218.9999,1176976.3002],[439293.4959,1178082.9969],[439656.5013,1178445.0033],[439999.9801,1178260.584],[440076.5003,1178219.499],[440200.5021,1177259.0028],[440687.4978,1177154.5034],[441511.4998,1178165.0034],[441678.4999,1178945.4998],[442535.9992,1179262.9999],[443711.9995,1178058.5039],[443903,1177438.9003],[444020.002,1176549.4958],[443558.6005,1176089.2993],[443659.5032,1175000.1029],[444706.3998,1175880.3999],[445183.9323,1175334.9561],[445392.9264,1174762.0941],[445384.5,1174709.8001],[444620.345,1174168.6885],[444227.57,1173909.12],[444255.0205,1173909.9957],[443974.0028,1173711.0021],[444538.9839,1173795.1292],[445794.4735,1173464.5824],[445879.3157,1173339.7859],[444456.6305,1172251.9329],[444661.9233,1172296.8813],[444678.137,1172102.2298],[444605.5488,1172151.2146],[444559.6205,1172185.9658],[444462.125,1172247.7627],[444667.0001,1172069.4992],[445619.35,1172478.2893],[445621.3681,1172469.6417],[445460.2258,1171911.0035],[445459.0264,1171908.3386],[445471.6772,1171884.2332],[445939.2533,1170987.4396],[445381.6831,1171126.8875],[444711.004,1171307.9962],[444403.0009,1172234.5003],[441390.0002,1169500.5001],[441196.5878,1169204.5071],[441009.5,1169029.5],[441013.2391,1169027.9679],[441009,1169024],[441065.4289,1169003.7853],[440792.3051,1168585.8043],[440965.7001,1168432.3001],[441403.1021,1168963.3185],[443736.6146,1170490.1435],[444482.1457,1170938.8511],[444530.7856,1170829.6037],[444665.734,1170272.5074],[443021,1169179.5],[443033.8134,1169079.4585],[442839.8034,1168941.8039],[443250.6965,1168805.6025],[445820.0208,1170335.6035],[445840.1284,1170346.0473],[446138.3575,1166962.6275],[446130.51,1166946.87],[446173.4858,1166564.0958],[446203.4607,1166269.4351],[446205.0919,1166282.5877],[446209.65,1166241.99],[446507.8521,1167696.3508],[446975.501,1168123.4988],[446614.9999,1167898.0008],[446621.4155,1167930.4913],[446713.5,1168115],[446714.1311,1168118.7592],[446757.7253,1168620.8137],[446858.9543,1169133.474],[447293.9029,1169171.1286],[447455.2621,1168852.1201],[447482.1469,1168792.868],[447492.5002,1168778.5001],[447859.4961,1168882.0006],[447858.7417,1168912.6157],[447869.879,1168916.26],[447818.7706,1169090.7324],[447803.4997,1169169.0009],[447900.4987,1168870.0041],[448152.648,1169039.3076],[448488.7002,1169265.8003],[448229.1998,1169742.6002],[448123.3908,1169591.3228],[447672.1619,1170023.5681],[447644.4978,1170086.4959],[448482.5002,1170983.4999],[448606.4434,1171959.4621],[448936.7908,1170936.5215],[448878,1170715],[448933.877,1170656.1523],[448903.9998,1170550.4999],[449009.2419,1170576.7807],[449075.5,1170507],[449373.5317,1170667.7504],[449791.001,1170771.9999],[449713.3985,1171375.0968],[449520.0085,1171336.287],[449492.7545,1171348.5894],[449523.3712,1171410.3423],[449671.03,1171404.29],[449864.7107,1171882.5889],[450174.9978,1172265.5021],[450207.9181,1172730.1471],[450273.277,1172891.5522],[450323.8482,1172907.4152],[450607.5146,1172982.5815],[450662.5,1172966],[450683.109,1173002.6126],[450769.4997,1173025.5046],[451003.0484,1173495.0038],[451267.3073,1173668.0312],[451298.9999,1173543.5],[451409.5277,1173761.1521],[452067.845,1174192.195],[452387.2668,1174241.5593],[452181.7,1173635.94],[452192.7867,1173599.3586],[452154.0023,1173487.0017],[452241.3091,1173439.2546],[452273.0849,1173334.4076],[452126.9645,1172450.4536],[452095.9993,1172381.4994],[450046.6626,1169747.7299],[448590.0888,1168983.4311],[448498.9999,1168948.5007],[447439.5009,1166867.4973],[447540.5,1166558.0002],[447673.0841,1166827.4862],[447758.458,1166821.0551],[447764,1166746.5],[447826.8532,1166815.903],[448093.3332,1166795.8293],[448217.2987,1166772.8044],[448210.3704,1166745.5385],[447964.5,1166179],[448009.2625,1165954.0867],[447886.1029,1165469.3975],[448139.2998,1165360.8998],[449266.4992,1168107.0025],[449397.483,1168077.5727],[449874.6918,1167915.9458],[450493.0016,1167261.0046],[450763.9873,1167378.6321],[451068.4357,1167477.1519],[450737.3018,1166032.8959],[451096.0041,1165981.001],[451111.5001,1163992.9999],[451032.2569,1163954.2641],[449925.9322,1163814.824],[448772.9994,1162687.5038],[448111.4981,1163235.5969],[447973.2237,1163199.9167],[447336.6598,1163130.2713],[446137.6964,1163518.7958],[444949.8,1163284.4997],[444606.704,1163494.8026],[445139.3168,1163137.0585],[445616.7023,1161694.9596],[445611.301,1161010.1002],[446052.5002,1160085.7985],[446263.3702,1161188.4168],[446699.0285,1161831.4269],[447117.663,1160793.145],[447125.66,1160773.07],[447171.8653,1161035.1451],[447187.1468,1161103.2653],[447833.56,1160074.07],[447853.6956,1160093.1717],[447884.0968,1159999.9816],[447942.8036,1159820.0249],[447947.3169,1159999.9822],[447951.9928,1160186.4213],[448247.4541,1160466.7106],[448500.7003,1160267.5999],[448569.1973,1160395.0895],[448673.8,1160340.5],[448689.9181,1160619.7803],[448750.8036,1160733.1032],[448854.0228,1160734.5625],[449337.2313,1160187.5635],[449340.5,1160116],[449403.1808,1160112.9077],[449415.9048,1160098.5039],[449425.0015,1160075.0008],[449975.5013,1160048.4999],[450451.9622,1160406.213],[450636.5325,1160461.8207],[450717.4789,1160402.8531],[450585.161,1159962.2267],[450353.0001,1159767.0001],[450264.4979,1159252.4971],[450307.7313,1159038.3691],[450246,1158832.8],[450375.5097,1158702.6742],[450457.9017,1158294.6005],[450732.62,1158343.8651],[450803.5781,1158272.5694],[450650.8906,1157766.8906],[450321.8751,1157802.835],[449903.7015,1158060.0999],[449645.7657,1157876.6989],[449406.0801,1157902.8842],[449300.4029,1158061.3981],[448931.5024,1157960.097],[446564.3,1155464.0998],[447037.7644,1155189.8979],[447108.5518,1155144.7688],[447164.4998,1155116.5005],[447401.7491,1155359.0721],[447444.5063,1155390.3241],[446924.1003,1154655.5001],[446969.7518,1154618.5873],[447064.5818,1154510.502],[446884.501,1154586.301],[447287.6186,1154196.0961],[447275.6073,1154087.0642],[447090.0999,1153778.9039],[447246.948,1153826.9121],[447237.8463,1153744.2926],[447259.6497,1153830.7999],[447369.0963,1153864.2994],[447343.222,1154436.3136],[447374.6117,1154642.4558],[448502.5002,1154643.9997],[448589.4986,1154385.9998],[448993.0002,1154614.9998],[448863.1088,1154905.4451],[449271.1348,1154964.5048],[448945.0002,1154446.0019],[449078.5036,1153979.9963],[449260.1865,1153912.1344],[449274.5,1153886.5],[449298.4347,1153897.848],[449418.4969,1153853.0026],[449672.7611,1154075.3246],[450039.7374,1154249.3163],[450056.683,1154060.7252],[449852.3792,1153275.0164],[449683.9289,1153076.8483],[449493.6544,1153079.049],[448642.8008,1153576.601],[448198.699,1153130.3997],[447467.5011,1153107.496],[447463.171,1153029.3092],[446939.4262,1151705.0794],[446917.4,1151677.7997],[447090.6242,1151747.8132],[447706.7932,1151969.9036],[447685.319,1151946.2714],[446483.9616,1151246.9097],[446203.0997,1151211.2999],[446150.7468,1151052.9311],[445814.5939,1150857.2421],[445643.3582,1150953.5527],[445587.7839,1151719.6464],[445598.0984,1152306.7952],[446192.8855,1153026.5286],[446310.4,1153148.8],[446295.0073,1153150.103],[446313.5966,1153172.5974],[446191.8787,1153158.8331],[444923.1561,1153266.2332],[444757.3279,1153582.5888],[444628.3,1154052.2],[444598.1214,1154044.9558],[444577,1154109.7],[444496.7549,1154079.6923],[444399.2003,1154265.8003],[443792.0002,1153797.4993],[444178.4232,1153485.8579],[444083.1023,1152440.4977],[444600.0597,1152357.6248],[444602.8999,1152356.7894],[444730.4526,1151588.2961],[444743.0031,1151488.9993],[444559.1354,1151305.7761],[443740.2781,1150628.3596],[443595.7552,1150598.3443],[443093.0009,1150535.0013],[442674.9014,1149739.9002],[443852.7014,1149586.0041],[444245.1573,1149967.9187],[445187.4156,1150076.7344],[445200.8939,1150069.0208],[445228.6938,1150048.3532],[445225.2855,1150041.4314],[444565.0001,1149493.0007],[444707.3066,1148989.4825],[444054.4864,1147663.688],[443235.0006,1146307.1005],[444119.6001,1146812.3003],[444411.4883,1147227.5266],[444549,1147330.6],[444835.8466,1147762.6858],[446198.6895,1149030.6089],[446226.5554,1149019.8972],[445493.1121,1147799.4938],[446073.165,1147430.5264],[445638.0571,1147180.4679],[445147.5,1146921.3],[445148.5406,1146887.6488],[443491.4122,1143481.0341],[443527.5976,1143513.4408],[443415.0041,1143342.0014],[443609.7007,1143197.0054],[444691.0009,1144386.0013],[444609.7657,1144482.6041],[445288.0702,1145090.0771],[445382.2963,1145156.8608],[446998.1757,1146913.8522],[446943.0175,1146464.0706],[446889.3123,1146130.1628],[446849.5008,1146085.4961],[446886.1393,1146110.4351],[446749.9999,1145264.0002],[446798.9493,1145289.2817],[446794.5,1145253],[447365.4072,1145408.0191],[447458.7438,1145315.0305],[447137,1145006],[447123.9235,1144775.005],[447002.5012,1144628.5001],[447013.0916,1143888.7845],[446818.3842,1143386.975],[446492.9902,1143093.2424],[446475.63,1143080.08],[446579.6574,1143096.1205],[446713.5397,1143116.7646],[446609.4516,1142848.5035],[446540.4017,1142673.1029],[446979.5013,1141892.8972],[447247.7761,1141921.5749],[447833.706,1141299.0555],[447835.7616,1141294.2291],[448010.3473,1141111.3835],[448296.0495,1140807.8401],[448046.9617,1140346.8987],[448004.0071,1140275.462],[447788.8144,1140519.8466],[447787.797,1140527.2971],[447785.349,1140523.7821],[447346.9995,1141021.5956],[446708.6008,1140756.1004],[446799.6511,1140452.397],[447014.4294,1138566.6301],[446972.2434,1138594.4655],[446692.0744,1139001.7192],[446513.3999,1139856.3001],[446451.928,1139865.4813],[446451.16,1139868.46],[446399.1389,1139873.3657],[446062.7991,1139923.5999],[446062.4989,1139916.8705],[446058.86,1139922.16],[446041.6053,1139502.6437],[446013.6364,1139200.6986],[445956.4599,1137540.0568],[445952.9998,1137462.4997],[445219.0311,1138393.7415],[445211.0946,1138404.1627],[445207.0022,1138409.0034],[445141.714,1138432.0083],[444483.2,1138696.3],[444472.0019,1138667.9875],[444327.5016,1138718.9035],[444188.6997,1137967.3],[444307.4672,1137864.8945],[444403.0476,1137765.779],[444626.1507,1136065.7219],[444618.664,1136034.5586],[444503.0067,1136071.3301],[444497.9324,1136072.5429],[444473.2358,1136080.3945],[444307.4987,1136157.2982],[444297.4949,1136138.4247],[444099.0524,1135764.0376],[443259.354,1135326.8725],[443225.7089,1135317.2987],[443230.1107,1135312.2319],[443146.9,1135280.8001],[444218.0489,1134175.0193],[444216.8406,1134170.778],[443864.5,1133380.5],[443911.5911,1133155.9151],[443686.5035,1132420.9109],[443683.64,1132410.48],[443691.8962,1132396.9067],[443670.8001,1132326.3045],[443736.4651,1132323.6342],[444048.7338,1131810.2569],[443917.2012,1131399.4996],[444645.7455,1130480.9051],[444527.6537,1129847.6635],[444462.727,1129500.6233],[444467.713,1129496.2555],[444463.8003,1129471.101],[445499.2999,1128724.7998],[445647.8736,1128724.6412],[446199.0616,1128696.8978],[446046,1128424.5],[446130.9263,1128220.3318],[446106.8753,1128120.6924],[445964.0248,1128268.9936],[445875.5029,1128377.0944],[444647.0999,1128452.5999],[444286.5271,1128130.7439],[444282.6012,1128131.1158],[444126.4857,1128346.5022],[444088.1391,1128425.8173],[444139.1122,1128793.3663],[444251.2999,1128842.8009],[444191.2383,1129177.2349],[444157.8017,1129353.7955],[443748.0998,1128609.0997],[443767.0869,1128556.253],[443793.2883,1127911.9167],[443654.8613,1127808.9728],[443447.0254,1127788.3015],[442820,1127857.5003],[442846.6098,1127728.5842],[442810.201,1127724.963],[443018.471,1126438.308],[443139.3471,1126260.4262],[443265.7125,1125698.1628],[443409.8007,1125000.1008],[443424.0304,1124996.6214],[443977.7662,1124287.5433],[444123.8,1123866.87],[444171.1465,1123821.0415],[444177.791,1123802.227],[444617.6892,1123388.8151],[444844.4862,1123169.2894],[444354.66,1123097.95],[444328.4164,1122994.8949],[444262.8508,1122972.1202],[444259.6086,1122970.2605],[444280.2526,1122805.7625],[444201.25,1122495.53],[444386.0074,1121963.0753],[444490.1245,1121133.437],[444484.6745,1121129.2214],[444063.2947,1122272.2508],[444074.4002,1122392.1012],[444001.7672,1122439.1495],[443593.1824,1123547.4714],[443584,1123599.1997],[443138.9998,1123580.0992],[442871.6616,1122198.0615],[442839.7298,1122051.0963],[442371.815,1122815.219],[442369.7001,1123272.2998],[442054.1255,1123334.7897],[441804.6492,1123742.8001],[441797.8003,1123785.4],[441400.6278,1122908.2416],[441021.3412,1123062.1141],[440620.5002,1123244.8003],[440464.4517,1123079.009],[440443.3666,1123082.2587],[440444.9165,1123078.8984],[440450.3081,1123063.9824],[440412.2023,1123023.4975],[440428.4042,1123001.0555],[440422.54,1122993.96],[440500.1241,1122901.7127],[440517.8247,1122877.1948],[441002.3051,1121536.8575],[441003.9001,1121524.9003],[441486.0164,1121509.9243],[441731.7959,1121500.1455],[441428.1909,1120725.1636],[441418.5038,1120738.5016],[441421.9056,1120709.1263],[441361.222,1120556.9123],[441236.8579,1120242.6133],[441239.2279,1120238.2879],[441720.3121,1119247.4977],[441720.949,1119050.1631],[441239.9241,1118749.5694],[441148.8008,1118695.5991],[441530.4631,1117096.4542],[441553.6338,1116997.8922],[441083.7394,1116757.0237],[440886.0002,1116673.5989],[440828.8001,1115265.9992],[439999.9904,1115399.0461],[439683.2002,1115449.8997],[439999.9769,1114821.4607],[440123.0003,1114577.4003],[440442.6049,1114326.1398],[440970.7799,1113899.4114],[440683.0031,1113129.9995],[440901.8071,1112861.79],[440548.3654,1112378.6314],[440529.5855,1112353.1879],[440527.7279,1112350.4197],[440608.8943,1112242.2549],[440598.4995,1112236.0953],[440609.8035,1112231.2967],[440613.5997,1112235.9844],[440876.8113,1111885.2209],[440857.5669,1111521.2681],[440848.5969,1111524.499],[440856.5939,1111502.8667],[440853.7058,1111448.2457],[440849.3967,1111450.5002],[440853.4866,1111444.1004],[440851.2769,1111402.3103],[440848.902,1111395.496],[440815.9038,1111385.9963],[440079.9215,1111271.7003],[439999.9848,1111313.4345],[439629.9998,1111506.6001],[439254.1003,1111164.401],[439999.9829,1111081.5954],[440220.6036,1111057.1028],[440222.9287,1110904.6562],[440196.8,1110882.1],[440223.9032,1110840.7627],[440231.2735,1110357.5289],[440075.6,1110230.9],[440236.2811,1109945.5732],[440237.8002,1109929.6002],[440600.6687,1110092.8731],[440990.6072,1110250.5017],[440722.2,1110034.8],[440803.999,1109596.2628],[440855.4287,1109272.3429],[440632.85,1108112.168],[440547.5676,1108241.8785],[440525.8028,1108413.9994],[440000.0024,1109150.0782],[439841.4108,1109372.0938],[439738.8699,1109618.566],[439893.2994,1109923.9972],[439863.6184,1109950.9492],[439726.5266,1110056.7808],[439462.9989,1110266.6001],[439219.3998,1110207.3999],[439168.6154,1110044.9012],[439165.3,1110042.6],[439161.3811,1110011.5998],[438559.3319,1107980.1366],[438767.4998,1108891.5],[438371.3012,1109568.2996],[438525.0053,1109940.998],[438613.81,1110002.62],[438729.2331,1110436.2051],[438931.6001,1110926.9001],[438876.5074,1110989.4385],[438886.3613,1111027.3264],[438556.7562,1111819.8386],[438562.7001,1111876.3],[438532.4283,1111878.1941],[438237.1,1112586.6],[438221.7721,1112586.9607],[438211.2987,1112687.2962],[437329.4977,1112862.9959],[436785,1112623.9989],[436502.2972,1111248.3599],[436467.7056,1111106.6991],[435986.5,1112146.4997],[434799.7985,1111702.2397],[434800.0036,1111705.4972],[434796.7049,1111701.0815],[434706.9885,1111667.9969],[434601.0435,1112131.6577],[434844.9969,1112306.4952],[434250.5535,1113932.885],[434088.3619,1114384.2103],[434403.5636,1114548.6105],[434621.4998,1114434.9999],[434694.8649,1114700.5449],[434960.505,1114839.0952],[435177.6218,1114834.4917],[435181.1975,1114826.4039],[435182.7989,1114834.3819],[435417.6004,1114829.4029],[435660.4005,1115178.0032],[435645.4798,1115196.3584],[435667.8,1115208],[435636.7594,1116295.554],[435715.2,1116389.4],[435711.6165,1116391.3253],[435713.4352,1116393.5251],[435632.7443,1116436.2272],[435621.7454,1116821.5891],[435746.6324,1116860.1124],[435749.3881,1116861.5026],[435689.5047,1117462.1827],[435711.9981,1117455.5013],[435686.5455,1117491.8659],[435631.5015,1118044.0029],[436698.8996,1117664.5012],[436778.8355,1118122.0122],[436939.9517,1118126.1317],[436968.4955,1118044.5021],[437526.8238,1118137.8187],[437533.7,1118138.3],[437533.6,1118141.3105],[437537.1,1118141.4],[437530.3005,1118266.5807],[437533.0009,1118864.3988],[437497.4094,1118872.1172],[437437.0182,1119983.9379],[437442.9433,1119999.957],[437526.6998,1120226.4],[437407.1995,1120647.7987],[436887.9997,1120703.001],[436859.4805,1120626.3305],[435768.3393,1120669.7308],[435756.4967,1120673.0003],[435978.0002,1120702.5019],[435884.9959,1121094.4997],[436101.7381,1120956.1818],[436155.6187,1120919.8558],[436320.3454,1121198.7073],[436170.3977,1121727.4472],[436114.5411,1121925.0324],[436968.9988,1121194.0012],[436970.3599,1121087.6691],[436958,1120838],[436973.5106,1120841.5206],[436974.0036,1120803.0031],[437229.7672,1120899.6852],[437467.3,1120953.6],[437472.8248,1120991.5643],[437495.3965,1121000.0967],[437565.2994,1121578.5004],[437162.6297,1121923.7378],[437004.3533,1122427.7251],[436935.5,1122949.5],[436844.893,1122935.482],[436828.5448,1122987.5382],[436860.5,1122999.5],[436531.2313,1123958.0487],[436578.9557,1124004.2521],[437127.9967,1124420.4987],[437177.7258,1124583.9401],[437399.0005,1124798.1631],[437406.4974,1124745.1042],[437784.9961,1124750.0033],[438152.5032,1125526.501],[438143.4847,1125531.3824],[438396.0469,1127361.6431],[438725.9966,1128167.495],[438729.3632,1128240.3435],[438746,1128282],[438871.3401,1130736.1774],[438973.6618,1131098.2512],[440464.2385,1134971.2331],[440467.69,1134981.65],[440469.7888,1135012.9282],[440590.3998,1135047.3],[440480.4255,1135171.4486],[440800.76,1139945.46],[440796.2678,1139923.9681],[440799.06,1139948.86],[440649.1898,1139222.5235],[440630.4272,1139132.8218],[440613.1015,1139049.4001],[440609.5779,1139048.7676],[440286.3387,1139021.1154],[440190.1,1139431.6],[440161.0796,1139396.9813],[440147.7011,1139437.9997],[439999.9948,1139236.5396],[439814.5203,1138983.5665],[439811.9793,1138980.5353],[439020.9604,1138912.8659],[438870.4996,1139097.4964],[438704.7906,1138914.0486],[438682.6186,1138892.6053],[439246.4057,1140000.0378],[439498.8966,1140495.9992],[439489.7998,1140780.1002],[438839.499,1140691.0001],[439128.2459,1142296.5145],[439819.3989,1145911.5958],[439734.462,1145880.6759],[439746,1145947.5],[439346.573,1145826.0606],[439385.4997,1146203.8],[439324.2385,1145819.2702],[439275,1145804.3],[439266.6125,1145537.3559],[439081.6011,1145649.9998],[439158.4911,1144701.144],[439137.3964,1144645.4021],[438815.5002,1144397.0001],[438085.0586,1141864.641],[438073.291,1141833.5456],[438043.7462,1142111.7272],[437949.5954,1143300.4743],[438796.4889,1146521.7134],[438938.6959,1146769.5734],[439110.7869,1146995.0814],[439223.8747,1146905.729],[439350.3474,1146805.801],[439366.6,1146783.7],[439369.1488,1146788.4968],[439372.6603,1146785.2649],[439999.9992,1147970.5875],[440193.309,1148339.545],[440485,1148888.5],[440485.6332,1148893.6614],[440493.4986,1148912.4968],[440817.8003,1150877.8998],[440539.2,1150492],[439915.3,1148184.8],[439586.8,1148349.9],[439572.2037,1148335.1021],[439209.0068,1147152.0797],[439175.3272,1147115.269],[439127.8737,1147238.7636],[438990.6998,1147617.3003],[438185.8933,1144358.8771],[437532.398,1142755.4228],[437425.4886,1142649.428],[438142.3558,1146392.2051],[438378.231,1147485.9006],[438813.6753,1148366.4329],[438844.7001,1148384.7992],[438802.5749,1148543.9892],[438707.7311,1149344.0397],[438812.0606,1149888.7461],[438928.722,1149750.8792],[438976.8,1149653.4],[438990.8993,1149677.3999],[439008.39,1149656.73],[439322,1150241],[438876.0802,1150222.9939],[438904.5573,1150371.6732],[439197.5,1150877.5045],[439239.8811,1152122.4803],[439249.2034,1152397.0983],[438914.9858,1151500.7915],[436274.3757,1146447.43],[436252.7682,1147066.129],[436230.0023,1148152.0045],[436215.2404,1148160.4887],[436215,1148167.5],[435666.2992,1148252.9416],[435516.2153,1148712.5849],[435538.0013,1149569.9992],[435050.9999,1150216.0002],[435129.5,1150785.5],[435734.8994,1150433.5499],[435805.86,1150386.91],[435809.2088,1150392.2103],[435972.4992,1150555.4998],[435955.7362,1150624.1256],[435958.5,1150628.5],[435742.9179,1151361.9714],[435741.27,1151365.07],[435724.5394,1151371.3881],[435703.2005,1151441.6016],[435556.9158,1151434.6893],[434519.6203,1151826.4123],[434511.5,1151833],[434508.2373,1151830.711],[434503.5,1151832.5],[434469.4859,1151808.4309],[434067.4957,1152055.9973],[434161.1342,1151590.2352],[433706.1598,1151268.2864],[433655.4993,1151246.4993],[433642.0894,1151252.4273],[433097.5089,1151943.7064],[433097.1,1152013.6],[432699.3242,1152449.4642],[432696.0875,1152450.1723],[432675.5999,1152482.5003],[431366.4003,1152433.6003],[431718.4539,1152336.323],[432852.7496,1151286.6893],[432954.4003,1151064.8001],[433960.0001,1150244.4997],[434635.0034,1150414.4969],[434802.5011,1148723.0004],[435026.5038,1148463.6854],[435541.4308,1145721.8997],[435468.3366,1145587.0964],[434855.2105,1145228.1721],[435191.5,1146243.0001],[435089.5001,1147424.5001],[434687.8002,1147336.9003],[434613.7119,1147043.2651],[433668.9972,1146319.13],[433667.6011,1148169.7993],[433430.8045,1148261.1027],[432942.1028,1144802.3034],[433306.9999,1144654.4998],[433308.4968,1144004.0019],[432166.4998,1142393],[432130.5002,1142819.0002],[432116.5622,1142814.7029],[432116,1142819.5],[431862.7371,1142641.569],[431478.1877,1142983.1177],[431518.1973,1143272.9277],[431518.8369,1143279.7104],[431243.0009,1143213.4992],[431244.3422,1143335.5776],[431300.1273,1144066.8774],[431675.1996,1144543.7988],[431240.3016,1145071.4925],[431229.1846,1144789.6123],[431181.7873,1144628.4635],[430427,1143671],[430426.2637,1143668.1497],[430462.3587,1143020.4738],[430568.9196,1141059.9749],[430232.3483,1140652.3618],[429954.4689,1140357.2874],[430002.9034,1140922.0041],[429980.0045,1140944.0959],[429981.5,1140962],[429977.0394,1140966.1311],[429977.5,1140977.5],[429686.4985,1141240.104],[429530.3385,1141860.7583],[429528.5,1141877],[428593.0969,1142070.9952],[428588.4386,1142059.0611],[428506.8566,1142076.2382],[428546.7002,1142353.7999],[428534.5764,1142367.6854],[428484.9822,1142416.3422],[428269.7003,1142634.4999],[427972.5048,1142188.7457],[427307.9868,1142328.6597],[427265.5727,1142347.3273],[427177.1987,1144396.0994],[427138.4346,1144356.3348],[426540.298,1144196.7102],[426483.499,1144232.9963],[426442.3934,1144170.5824],[426287.7361,1144129.3091],[426210.0021,1144336.4967],[426115.7649,1144083.4152],[426105.208,1144080.5979],[426052.4967,1144145.5014],[426072.4992,1144083.999],[426089.4981,1144076.4054],[425912.5537,1144029.1843],[425511.193,1144463.6044],[425277.0842,1144975.2817],[425406.0015,1145535.5035],[425255.2776,1145819.8453],[425286.0865,1146012.9273],[425651.0023,1146278.5005],[425629.0366,1146328.4465],[425641.5,1146339],[425578.3041,1146443.8031],[425446.6087,1146743.2551],[428201.9432,1146790.422],[428314.5,1146762],[428693.2,1146750.22],[428684.423,1147254.8],[428013.4948,1147043.9988],[427778.7902,1147150.8775],[427708.0341,1147352.8501],[428193.1146,1147732.8539],[428604.2921,1147956.8953],[429142.3001,1148108.6001],[429283.0963,1148326.7605],[429347.44,1148361.82],[429339.5343,1148414.2099],[429447.5003,1148581.5008],[429320.0738,1148543.1713],[429310.2868,1148608.0276],[429325.34,1148619.82],[429309.3764,1148614.061],[429306.44,1148633.52],[427974.6804,1148138.4807],[427448.7434,1147980.2804],[428015.6562,1149625.2652],[428273.0978,1149713.7975],[428056.1006,1149742.6209],[428080.7,1149814],[427027.0663,1149879.306],[426923.9997,1149892.9962],[426913.084,1149911.0308],[426990.2857,1150819.7869],[427159.1991,1150959.5973],[426767.1136,1151004.0831],[425895.2456,1151481.5788],[426197.0881,1151003.3757],[426125.3073,1150188.0845],[426109.3001,1150036.5988],[426668.7526,1149711.8078],[426976.4506,1149516.5595],[426569.5033,1148912.9967],[426573.4282,1148846.802],[426156.3785,1148175.9005],[425722.1,1148000.0992],[425712.4293,1147977.1016],[425708.75,1147975.59],[425646.0132,1147727.2441],[425554.899,1147400.4997],[425252.5032,1147459.6027],[425008.3999,1147081.0011],[425064.0754,1146418.7291],[425042.9524,1146384.7489],[424754.5,1146531.5],[424717.0626,1146421.6652],[424264.7147,1146650.3043],[424252.5239,1146668.1469],[424787.9002,1148052.5992],[424769.0729,1148095.274],[424935.534,1148553.4043],[424936.46,1148557.26],[424920.5636,1148575.2268],[424985.9991,1148589.0998],[424894.8365,1148604.3046],[424341.257,1149229.9825],[424345.56,1149298.36],[424295.6812,1149281.4941],[424270.2166,1149310.2753],[424258.0006,1149467.7996],[424208.3249,1149380.2278],[424175.56,1149417.26],[424080.1807,1149208.6254],[423970.86,1149171.66],[423715.6614,1148511.7264],[423648.3085,1148392.9921],[423624.8412,1148393.6496],[423450.5329,1148474.1179],[422621.4999,1148866.7952],[422899.763,1148413.9656],[422056.8816,1148437.5823],[421596.2996,1148485.7999],[421641.0402,1148449.2338],[421624.5891,1148448.2568],[421628.4551,1148444.3006],[422391.0754,1147428.8667],[422349.2399,1147415.0885],[421944,1147483.5],[421354.8466,1147166.7548],[420945.792,1147074.3059],[420800.5,1147630.5001],[420738.1262,1147633.0324],[420484.5,1147699.5],[420536.5688,1147641.2155],[420207.9672,1147654.5565],[420146.572,1147682.3738],[420000.024,1147831.4706],[419396.0002,1148445.9998],[419999.9891,1149254.0426],[420127.345,1149424.4248],[420183.1145,1149498.0677],[420194.2999,1149514.0001],[419999.9907,1149446.7349],[419213.5293,1149174.4809],[419199.3647,1149185.244],[417883.7029,1150208.7962],[417584.3716,1150109.6951],[417356.315,1150038.5517],[417287.8662,1150070.4557],[417231.5998,1151473.3002],[416856.79,1151477.1598],[416825.3855,1151478.6167],[417436.2017,1151840.0988],[417447.7674,1152189.3011],[417448.1369,1152209.131],[417441.1865,1152210.8111],[416609.2628,1152322.9779],[417186.22,1152955.18],[417166.9113,1152987.0322],[417279.9999,1153120.5013],[417015.4678,1153343.5771],[417050.607,1153416.1293],[417272.0014,1153364.5025],[417298.4124,1153419.0737],[417314,1153417],[417431.4836,1153694.0293],[417573.9998,1153988.5003],[417463.8155,1154269.2853],[417703.6556,1154764.4856],[417790.5001,1154805.4998],[417752.9936,1154866.3543],[417770.5,1154902.5],[417658.2638,1155020.0541],[417514.9999,1155252.501],[417440.7975,1155247.8244],[417369.5,1155322.5],[417330.4785,1155311.4999],[417173.9086,1155457.8931],[417154.2584,1155475.2965],[417157.9969,1155483.4959],[417148.777,1155480.3914],[416574.6939,1156014.0015],[416554.8504,1156164.4378],[417259.2363,1157236.2188],[418392.3993,1157563.5],[418401.734,1157580.5703],[418405.7,1157581.69],[418484.4449,1157832.0459],[418789.1501,1157936.3202],[419424.0035,1157760.6041],[419844.5011,1158268.9996],[420000.024,1158168.7089],[420371.9008,1157928.9001],[420630.173,1157963.6687],[420687.5,1157940.19],[420936.9383,1158004.9654],[421999.329,1158147.9843],[422155.7232,1157991.3129],[422219.2016,1157665.3009],[422563.551,1157479.469],[422513.83,1157138.0941],[422466.1013,1157007.5996],[422491.623,1156985.625],[422490.98,1156981.21],[422496.9458,1156981.2923],[422739.5,1156795],[422984.4935,1156986.1038],[423070.1836,1156877.3068],[423702.77,1156006.43],[423694.9691,1156076.7069],[423756,1155998.4994],[423928.9988,1156624.4991],[423899.1393,1156661.9598],[423900.5,1156668],[423879.3919,1156674.4242],[423597.0833,1156958.5434],[423530.5124,1157558.2691],[423589.3641,1157520.2194],[423879.8821,1156878.7525],[423885.5013,1156811.9998],[423917.3471,1156824.0639],[423918.5,1156819],[423925.6139,1156823.1744],[425657.1358,1156636.8599],[425748.7993,1156544.9011],[425707.6965,1157311.5027],[425678.8378,1157316.639],[425678.4,1157321.5],[425486.8834,1157313.6418],[425349.265,1157314.9749],[424934.788,1158054.6025],[424933,1158067.4999],[424940.5776,1158076.8154],[425479.4767,1158406.8573],[425729.4965,1158289.0029],[426020.911,1158738.4519],[427238.1001,1159483.9039],[427421.9934,1159588.1123],[428395.2881,1156899.4936],[428596.4031,1155873.0044],[428792.1675,1155804.4448],[428901.3677,1155766.6571],[428794.8684,1155609.0154],[428764.8001,1155596.5002],[428847.8141,1154816.6837],[428872.3993,1154576.8674],[428873.4079,1154571.3949],[429340.9973,1154968.0026],[429096.5001,1155388.5001],[429079.6535,1155374.5027],[429070,1155391],[429061.9458,1155359.7898],[428891.8979,1155218.5018],[428950.6112,1155364.0599],[429376.1046,1155623.3986],[429463.0001,1155642.4999],[429418.6362,1156100.6036],[429446.8343,1156106.4479],[430000.0002,1156193.2999],[429844.0001,1156611.0001],[429232.9999,1156088.9997],[428959.4315,1156178.4809],[428766.8002,1157771.2999],[428420.6746,1158145.4248],[428397.2309,1158173.1679],[428396.4083,1158178.0897],[428420.7907,1158180.7496],[429367.8025,1157765.3905],[429575.1997,1157328.8989],[430362.3748,1157322.5873],[430303.0827,1157046.9631],[430247.9961,1156887.504],[430270.5656,1156895.8049],[430333.6703,1156926.325],[430808.1005,1157141.3004],[430836.4999,1157495.7997],[429763.5997,1157620.4997],[429762.0652,1157624.5116],[430335.6359,1158238.8717],[431146.9967,1158455.4949],[429843.062,1158634.6604],[429688.3142,1158668.1211],[429717.4516,1158709.5814],[430472.7159,1159458.4109],[430807.4994,1159535.4987],[430720.6508,1159704.2334],[430811.62,1159794.4275],[430892.4992,1159730.5009],[430883.5838,1159865.7782],[430906.6582,1159888.656],[431202.5,1159826],[431257.9464,1159918.5338],[431347.5,1159910.9993],[431384.6109,1160000.0173],[431562.6087,1160426.9806],[431682.4828,1160627.037],[431767.3457,1160574.443],[431885.984,1160186.8082],[431840.8404,1159999.9991],[431818.0041,1159905.5001],[432202.5002,1159135.5002],[432620.9989,1159724.5019],[433931.2154,1159002.2252],[433955.5385,1158894.8271],[434083.4993,1158270.9993],[433819.9011,1158056.8],[433883.696,1157965.8446],[433909.3097,1157933.8647],[434424.202,1157225.8972],[434374.816,1156224.7155],[434366.9809,1156132.429],[434367.2039,1156070.3979],[434684.0038,1155735.5038],[434975.4002,1155902.8001],[435128.7001,1157426.0999],[435423.8188,1157601.9424],[435935.7351,1157836.3255],[436646.8986,1157805.6007],[435917.4806,1157943.3239],[435920.8,1157945.3],[435911.2638,1157944.4977],[435176.7393,1158083.1851],[435167.2433,1158112.0582],[434991.4997,1159703.5003],[434623.7925,1159999.9689],[434569.908,1160046.5152],[434725.7022,1159999.9699],[434881.0002,1159952],[434894.3561,1159999.9716],[435077.1566,1160656.551],[435081.5972,1160672.5006],[434993.7792,1161052.3059],[435655.5402,1162509.1741],[435703.335,1162504.7128],[436190.5158,1162183.3492],[436215.611,1162126.0655],[436481.3,1161432.2],[436513.9473,1161445.067],[436588.1012,1161275.7992],[437057.8832,1161673.3062],[436985.8267,1161772.3267],[436759.4709,1162900.3148],[436857.3,1163400.3003],[436833.5535,1163432.3378],[436819.3608,1163447.901],[436592.4569,1163732.588],[436526.6057,1164060.7411],[436560.6968,1164144.2082],[436622.7287,1164148.1728],[436708.4684,1164112.6643],[437170.5997,1163887.2998],[438669.0086,1164273.6178],[438686.4431,1164277.6409],[439999.9912,1163217.9665],[440332.9007,1162949.3995],[440852.7982,1163258.3039],[440349.1001,1163781.4],[440147.4599,1163803.4302],[439437.1488,1164474.1648],[439417.0001,1164576.4999],[438603.4998,1165290.5],[438502.0173,1165281.5263],[435293.7023,1165157.5948],[435174.8076,1165202.4426],[435457.6972,1165628.2985],[435807.3015,1165671.4],[435850.1791,1165941.5577],[435980.59,1166415.45],[435949.9945,1166570.462],[435956.9998,1166614.6001],[436286.9992,1166703.0012],[435877.7558,1166936.4594],[435863.8202,1167007.0639],[435742.7023,1168015.3946],[435670.6,1167986.014],[435666.3,1168007.8],[435051.09,1167739.68],[435049.9043,1167736.1432],[435035.6979,1167727.3006],[434419.7002,1166035.4954],[433055.5646,1166715.4935],[432901.8513,1166808.302],[432634.4219,1168115.1084],[432635.5019,1168120.9985],[433970.4998,1168358.5003],[433614.001,1168721.4966],[433453.3443,1168585.2057],[432301.227,1169084.2231],[432290.9994,1169094.0001],[432721.5187,1170159.1703],[433427.2262,1169710.7505],[433686.2998,1169540.4002],[433257.1156,1170577.2075],[433199.8856,1170717.4863],[433180.0003,1170763.4997],[433037.4529,1170698.0196],[430242,1170363],[430492.5003,1171200.5],[430277.356,1171224.8715],[430329.7792,1172502.7878],[430436.5029,1172640.0049],[430400.4967,1173513.5049],[430940.6059,1173791.6422],[431041,1173721],[431887.6,1174252.9],[431840.7344,1174255.1769],[431910.4972,1174291.1023],[431740.3521,1174260.0539],[429547.8286,1174366.5751],[429519.9991,1174374.9992],[429518.6381,1174380.0693],[429534.1495,1175735.8673],[429552.942,1175767.3875],[429774.3738,1175778.0431],[430730,1175812.9997],[430850.02,1176472.14],[431265.6152,1176493.0277],[431421.9997,1176498.5012],[431011.4999,1176775.9999],[430833.2181,1176619.6755],[430559.1828,1176423.5702],[429492.4021,1176291.0694],[429494.8283,1176778.2497],[429733.9584,1177665.1173],[430082.4012,1178560.3002],[429977.0633,1178566.7266],[429985.52,1178598.09],[429957.6092,1178594.8779],[429963.52,1178617.79],[429937.1619,1178592.5248],[429804.4799,1178577.2555],[429602.1026,1178589.602],[429214.6608,1177899.9814],[428277.1915,1177001.3832],[428214.4998,1176974],[428224.9564,1176951.314],[428221.28,1176947.79],[428519.4761,1176538.5782],[428650.5137,1176342.0836],[428173,1175529],[428182.4338,1175372.4536],[427977.7612,1174949.9826],[427925.5,1174948.5],[427747.9664,1174496.1927],[427201.1925,1175294.6246],[427232.0022,1175292.9955],[427197.9996,1175311.0004],[427195.8544,1175302.4196],[426774.9128,1175917.1038],[426763.9133,1175935.1778],[427267.5974,1176307.298],[427240.8319,1176409.6963],[427880.0248,1177040.6901],[427928.5998,1177058.3002],[427787.0009,1177929.4006],[427448.0969,1177978.7968],[427223.1869,1177806.0005],[426143.9779,1177536.1482],[425934.0001,1177670.9998],[425903.7307,1177657.139],[425898,1177660.5],[425566.2449,1177412.9017],[425520.0978,1177385.528],[425361.5877,1177684.8978],[425364.0011,1177709.0039],[425355.1587,1177697.0398],[424931.5972,1178496.9984],[424584.8,1178619.4002],[423615.1,1177341.2999],[423664.7211,1177099.2657],[423672.2005,1177050.464],[423447.5026,1177487.2974],[422941.3999,1177636.1],[422913.0861,1177600.6874],[422255.3294,1177181.4333],[421759.8999,1177329.1001],[421753.914,1177290.3045],[421747.6,1177292.8],[421762.4062,1177013.6136],[421763.5631,1176867.9814],[421586.1497,1176754.8981],[421395.5363,1176692.6263],[421368.9339,1176728.2512],[421410.4529,1177052.0318],[421413.3,1177055.7],[421411.1849,1177058.3626],[421416.4967,1177109.7955],[421085.2011,1177508.1006],[420756.2539,1177548.7301],[420278.3138,1178188.7702],[420269.9963,1178226.4958],[420987.079,1178623.8141],[420694.9832,1178683.402],[421223.1902,1179999.979],[421481.0968,1180642.8041],[421983.5008,1180663.4997],[422299.2999,1180308.1],[422430.5001,1180432.3685],[422665.2849,1180236.8793],[422709.1001,1180171.3001],[422994.0001,1180626.4],[423340.9964,1180000.0115],[423350.9425,1179982.0571],[423464.6,1179757.8],[423468.5672,1179760.1814],[423516.1051,1179683.9099],[423934.0703,1180000.0352],[424177.3,1180184.0001],[423244.799,1180677.3044],[423952.496,1181372.9962],[423891.2832,1183749.1784],[423889.5802,1183876.0299],[424224.5009,1183776.4985],[424347.2091,1184409.9591],[425041.9109,1185211.2851],[425204.4516,1185253.5263],[425685.0651,1185950.6881],[426314.6526,1183931.9463],[426299.9997,1183826.4999],[426531.1138,1183237.8738],[426537,1183219],[429256.3248,1180940.2771],[429332.0028,1180857.5027],[430595.5005,1180142.4986],[433379.5,1181079.5],[433194.3018,1181455.8005],[432483.0013,1181050.9973],[431506.049,1181193.2246],[431456.5,1181198.5],[431039.7707,1180994.04],[430049.6063,1180957.8736],[430008,1180972.9998],[428519.5015,1183114.4966],[427790.7346,1183692.6993],[427676.3167,1183833.6416],[427689.4787,1183996.3165],[428303.1952,1185184.1857],[428951.9971,1185519.4973],[428998.9437,1185650.5606],[429003,1185653],[429002.226,1185659.8113],[429148.9998,1186081.5003],[428934.2404,1186258.0849],[428925.6808,1186333.4091],[429744.4987,1186858.0001],[429806.5059,1186960.2239],[429811.5,1186963.5],[429871.3753,1187068.9025],[431067.0242,1187936.3994],[431092.9994,1187943.0045],[431122.3802,1188873.4094],[431122,1188877],[430733.2743,1189051.5225],[430547.695,1189648.6111],[430612.231,1189784.2503],[431692.0058,1190959.0851],[431907.7317,1191097.8409],[431830.3149,1191109.5705],[431941,1191230],[431052.1744,1191221.5064],[431908.9966,1192135.0045],[431890.5639,1192189.6404],[431901.2556,1192522.1815],[432325.0833,1192582.483],[432695.7153,1192388.6219],[432755.0002,1192127.5003],[432822.7487,1192142.5967],[432833.49,1192113.86],[433090.0591,1192182.3582],[433704.7048,1191860.8645],[433776.3967,1191719.7051],[433802.4936,1191741.8937],[433852.2571,1191783.6865],[434310.9504,1191543.7961],[434314.1874,1191545.2507],[434943.7075,1191758.7734],[435009.9568,1191534.5212],[435136.9751,1191824.3266],[435363.283,1191901.0865],[435461,1191800],[435706.9076,1192015.1045],[435796,1191491.5],[435810.9568,1191501.3827],[435816.9989,1191471.0046],[436030.8064,1191632.32],[436220.7764,1191406.6919],[436348.8852,1191191.5057],[436322.8979,1190832.4034],[436612.2005,1190887.0009],[436585.9638,1190972.9573],[436600.78,1190955.36],[436581.7671,1190986.7064],[436575.3928,1191007.5897],[436690.72,1191124.89],[436238.2883,1192112.008],[436198,1192244.0002],[436130.0737,1192268.4728],[435647.1238,1192566.9392],[435655.8616,1192757.2774],[435975.861,1193896.1346],[436010.9375,1193979.1804],[436187.5354,1193615.6223],[436217.3161,1193814.6015],[436267.0128,1193772.7881],[436284.5,1193688.5],[436351.2075,1193701.9491],[436791.5,1193331.5],[436872.5752,1193463.6839],[436923.5026,1193426.5049],[437017.4631,1193699.907],[437415.4844,1194348.8351],[437457.501,1194327.0001],[437943.0001,1195120]]],[[[459855.7629,1195802.0701],[459684.9439,1195296.4473],[459670.6966,1195299.2241],[459580.1489,1195878.2793],[459855.7629,1195802.0701]]],[[[458087.0597,1196180.1978],[457997.8318,1196061.1665],[457772.3973,1196177.8033],[458087.0597,1196180.1978]]],[[[438213.2551,1196937.6078],[438361.499,1196642.0044],[438036.0005,1196720.502],[438213.2551,1196937.6078]]],[[[463631.0703,1198127.4326],[463631.6694,1197971.0798],[463268.8032,1198332.7427],[463518.4534,1198473.7702],[463631.0703,1198127.4326]]],[[[455540.0013,1199211.9988],[456353.5003,1197810.0001],[455543.3701,1198740.2671],[455509.5412,1199163.6369],[455540.0013,1199211.9988]]],[[[460077.7931,1199846.7009],[460983.4979,1199126.5033],[461050.0095,1199132.1719],[461079.0004,1199109.4981],[461143.3989,1199140.1311],[461430.9506,1199164.638],[461423.5877,1199115.3289],[461009.9985,1198767.4959],[461030.4368,1198712.0385],[461029.8875,1198637.7371],[460998.9986,1198628.9957],[461028.8112,1198492.1366],[461025.1099,1197991.4458],[461000.4902,1197947.152],[460776.9944,1198302.2672],[460758.0037,1198344.997],[460724.1566,1198327.9838],[460575.031,1198246.6329],[460103.6948,1198600.6898],[460075.997,1198761.9976],[460000.014,1198810.9384],[459182.4962,1199337.5029],[459175.4465,1199444.2379],[459490.4225,1199976.1349],[459578.0976,1200000.0049],[459674.7035,1200026.3062],[460077.7931,1199846.7009]]],[[[452274.6026,1205771.6011],[452702.2987,1205482.3039],[452790.0797,1205598.174],[453304.7376,1205107.2206],[453695.958,1205194.8464],[453923.6926,1205063.7248],[454005.3994,1204554.351],[454005.2992,1204509.8009],[454357.5109,1204813.9475],[454615.566,1204665.3685],[454674.6987,1204628.4983],[454674.0063,1204621.2624],[454516.8607,1203995.2392],[454177.5,1203842.6],[454203.4318,1203745.1339],[454162.5,1203714.4998],[454443.5992,1202940.5009],[454619.0004,1203016.5216],[454843.1713,1202825.7666],[454946.8,1202537.199],[455417.4997,1202324.8999],[455412.0391,1202320.8388],[454843.4186,1202433.6138],[454675.1,1202632],[454589.4214,1202608.0626],[454487.1991,1202698.7999],[454336.7845,1202537.4793],[454329.7,1202535.5],[454332.8075,1202533.1184],[454240.6001,1202429.6997],[454796.8997,1202110.7995],[454737.1328,1201944.6883],[454640.5,1201911],[454666.1579,1201851.8021],[454647.881,1201841.548],[454677.3678,1201778.5822],[454602.4997,1201570.4999],[454942.7777,1201162.3666],[454839.0614,1200881.9945],[454646.0002,1200399.5002],[454769.8321,1200276.2489],[455007.7954,1200000.0227],[455060.9291,1199938.3455],[454871.9316,1199402.457],[454845.29,1199350.77],[454848.8768,1199337.0867],[454829.2016,1199281.2992],[455361.9998,1197278.4993],[454807.7003,1196614.9011],[454999.9996,1195787.4999],[455020.4792,1195771.1062],[455023.0067,1195769.1906],[455298.0003,1195552.5003],[455645.9373,1195731.6662],[455740.627,1195625.3698],[455768.1599,1195463.0463],[455053.3564,1194930.0059],[454930.2156,1194875.1511],[454665.0028,1195478.0979],[453880.7991,1195432.4005],[453029.7121,1195889.0423],[452328.419,1196851.6337],[452443.6008,1197174.8009],[452080.0995,1197814.4953],[451948.5167,1197845.428],[451400.0501,1198296.4684],[451071.2012,1198776.3003],[451090.7422,1198550.8329],[451130.3774,1198152.4526],[451180.5993,1197623.0037],[451743.5003,1197124.4999],[451764.6654,1197047.5893],[451903.2667,1195914.0162],[451849.5056,1195750.0057],[452083.9174,1195578.9026],[452637.2009,1194741.0008],[452722.8041,1194476.8042],[453124.3152,1194406.1029],[453769.141,1193092.1093],[453786.3519,1192991.9162],[452775.0313,1191700.8096],[452654.0001,1191692.5002],[452334.7209,1191172.3014],[452090.8776,1191502.4367],[451801.6983,1191951.3977],[451015.1998,1192351.9],[449869.3039,1191571.2959],[450189.3002,1191676.1],[450320.3005,1191406.1032],[450500.9102,1191634.358],[451352.7167,1191379.4753],[451489.7,1191034.591],[451549.0999,1190864.2998],[453150.0002,1190824.9998],[453279.3,1189662.2988],[453894.5,1190104.5002],[453924.7032,1189177.3012],[453963.5423,1189186.614],[454536.3785,1189094.9],[454723.5334,1188934.0367],[454714.1959,1188799.218],[454611.439,1188494.0782],[454343.5,1188445.5],[454354.7613,1188420.675],[454317.499,1188428.9956],[454626.2593,1187529.5541],[454610.3703,1187300.1421],[454520.8289,1187258.6623],[454172.2829,1187084.4621],[453607.2012,1186806.8997],[453625.1299,1186797.8079],[454165.3079,1185430.8329],[453932.2471,1185401.3252],[452306.0034,1185531.8441],[452290.2017,1185537.4034],[452308.9008,1184779.7997],[452571.1665,1184576.9229],[452742.9212,1183958.232],[452616.9,1183841.7],[452643.0821,1183801.3485],[452580.6011,1183737.8996],[452829.068,1183514.7098],[452893.7,1183415.1],[452930.0801,1183423.974],[453046.4986,1183319.399],[453782.178,1183538.0086],[453667.1637,1183272.4104],[453347.5,1182722.0002],[453526.6538,1182425.5131],[453451.4806,1182121.4224],[453309.0004,1182113.9989],[453257.5012,1181762.4932],[453330.6343,1181632.5753],[453210.7028,1181147.4288],[453048.5,1181170],[453150.5944,1180904.2785],[452984.1347,1180230.9163],[452957.5005,1180178.5987],[452990.8128,1180143.8848],[453046.8165,1180000.0169],[453142,1179755.5],[453374.0536,1179744.5205],[453459.0002,1179656],[452762.5001,1178861],[452109.9543,1179096.497],[452386.9689,1179278.9274],[452978.4007,1179651.9988],[452862.0002,1179872.3999],[451282.4793,1178808.3304],[451109.898,1178958.3274],[450065.4001,1179884.7999],[449938.42,1179801.8785],[449123.7026,1179676.0894],[449004.391,1179738.5053],[448995.1189,1179764.4198],[448946.4304,1179999.951],[448912.0016,1180166.5003],[449675.0202,1180000.022],[449986.796,1179931.9976],[449717.5406,1180000.0267],[449308.7964,1180103.2986],[448574.9999,1181001.0003],[448402.8161,1179999.9836],[448388.211,1179915.0746],[448338.9,1179822.1],[448363.0276,1179768.6672],[448354.3983,1179718.4993],[448613.6744,1179213.5871],[448620.0292,1179199.7576],[448645.2998,1179152.0001],[448935.6866,1179096.0753],[449513.5201,1178906.2775],[449601.9729,1178832.1421],[449622.4999,1178398.0001],[448928.7,1178003.3998],[448378.2999,1178598.2991],[447723.0001,1178309.5013],[447315.9992,1178671.4997],[447016.4963,1178089.495],[446598.8997,1179383.8002],[445812.4997,1179784.9997],[445775.1446,1179999.9678],[445356.6998,1182407.9999],[444923.0007,1182154.5],[444667.9978,1182357.5033],[444719.001,1182749.5008],[445199.3004,1182575.4014],[445300.1961,1182823.8998],[444538.5003,1185031.4988],[445042.4967,1185930.5006],[445011.4999,1187911.4999],[444287.3,1188066.0995],[444646.2002,1187478.3003],[444509.9999,1186728.9998],[443826.5,1187315.5],[444099.0968,1188674.795],[444778.3987,1189023.7991],[443872.4978,1190491.505],[444035.9987,1191207.9999],[443726.9972,1191747.9953],[444231.496,1192081.4999],[444027,1193257.5],[444558.9981,1193289.5041],[444514.8297,1194893.5495],[444699,1194887],[444731.7124,1194945.219],[444817.5,1194942],[444828.465,1195113.5238],[444981.5,1195187.9998],[444943.1616,1195321.5393],[445146.4522,1195683.3397],[445421.0001,1195761.4998],[445399.2474,1196133.2444],[445585.2565,1196464.2885],[445970.0002,1196734.9988],[446067.7365,1197131.3416],[446146.0339,1197219.9994],[446448.1342,1193460.1233],[446448.2,1193399.3002],[447313.1693,1193492.0339],[447394.1505,1193393.2738],[448190.0003,1191720.9997],[448802.5002,1191658.5009],[447740.0002,1193679.0014],[446818.7551,1194179.7397],[447160.0207,1196583.711],[447251.5,1196625],[447245.2145,1197183.84],[447482.9939,1198858.8252],[447614.997,1199003.4985],[447738.2208,1200000.0292],[447769.9825,1200256.8622],[447699.7277,1200385.5594],[447836,1201345.5],[447298.9514,1202701.86],[447832.5017,1203347.495],[447738.375,1203558.1817],[448103.3289,1204267.706],[448167.4982,1204329.5034],[448139.5214,1204338.0695],[447675.6141,1205152.6592],[447673.389,1205166.72],[447696.5851,1205169.819],[448136.6994,1205128.7233],[448278.7155,1205114.7573],[448398.5191,1205263.5977],[449224.216,1205373.9112],[449235.0031,1205368.4965],[449251.3697,1205377.539],[449733.5059,1205441.9527],[449970.4016,1205265.1681],[450576.893,1203124.5811],[450606.47,1203020.19],[450603.7045,1203054.059],[450613.0002,1203012],[450582.4795,1203313.9992],[450568.5031,1203485.1666],[450533.4778,1204968.3266],[450701.9967,1205125.9967],[450521.2158,1205487.5643],[450516.3814,1205692.2775],[450802.3657,1205553.5054],[450878.5,1205447],[450880.6346,1205449.0477],[450932.4968,1205383.5022],[451001.6984,1205456.7804],[452311.6843,1204821.1177],[452366.8988,1204767.4992],[452774.5002,1205317.8001],[452274.6026,1205771.6011]]],[[[448757.0039,1206229.9999],[448442.999,1206015.0014],[448454.5009,1206485.9966],[448757.0039,1206229.9999]]],[[[464798.708,1205927.5785],[464794.9529,1205923.4352],[464789.9998,1206493.9998],[465125.0008,1206770.4964],[464798.708,1205927.5785]]],[[[466299.8434,1207583.9186],[465757.8384,1206985.8749],[465553.4961,1207475.5034],[465898.9972,1207729.5007],[465683.496,1208743.5004],[465979.2818,1209178.3576],[466181.4559,1208411.661],[466299.8434,1207583.9186]]],[[[461192.544,1218616.4446],[461749.1005,1217272.8994],[461710.8457,1216990.3696],[461124.7,1214415],[461146.3105,1214383.2849],[461025.4003,1214173],[461290.6323,1214171.481],[461343.7,1214093.6],[461415.697,1214111.0945],[461465.1,1214059.5],[461505.1279,1214132.8252],[461655.6108,1214169.3908],[461741.4992,1214168.8989],[462453.8973,1215617.0029],[462405.484,1215827.952],[462515.9127,1216528.9288],[463148.7648,1217843.7098],[463264.6,1217872.9998],[463281.6448,1217931.8777],[463285.99,1217932.96],[463411.7235,1218321.3274],[463520.7003,1217472.1011],[463909.2,1217031.8991],[463969.7859,1217090.9658],[464550.9976,1217263.523],[464765.3013,1216953.8002],[464915.7395,1216978.1052],[464944.76,1216949.46],[464978.1123,1216988.1822],[465156.4964,1217017.0022],[465425.227,1217507.285],[465438.9935,1217523.2679],[465467.6441,1217042.7783],[465477.5,1216844.5],[466196.1848,1216895.788],[466198.5039,1216834.5093],[466524.6315,1216879.545],[466356.7056,1216741.5193],[466016.0028,1216515.4957],[466346.9997,1215818.5],[466531.0486,1215843.0397],[467064.9949,1215790.8248],[467136.4975,1215551.7518],[467532.4811,1215756.4738],[467551.9024,1215356.9221],[465618.5003,1215168.5],[465153.5035,1214727.0976],[465408.9999,1214159.1],[465795.3269,1214149.083],[466186.2695,1213798.1524],[466220,1213594.5],[466636.7529,1213353.3431],[466695.0001,1213272.504],[466410.9998,1212705.5001],[466458.6479,1212070.5195],[466492.8489,1211427.5406],[465188.0008,1212143.2972],[465169.445,1212133.4821],[465166.59,1212135.07],[465157.0357,1212120.8081],[464847.4963,1211895.998],[464150.904,1212425.8963],[464124.4156,1212414.8076],[463992.372,1212341.0577],[463489.6003,1212071.9989],[463520.8662,1212048.8039],[464512.9841,1210919.442],[464572.004,1210761.0029],[464286.9999,1210539.9999],[464405.3549,1210471.0243],[464370.5,1210428.5],[464961.4202,1209981.9347],[464931.1,1209547.9998],[465513.5,1209203.4992],[465343.0001,1208976.4998],[463224.7033,1209177.3962],[462813.0998,1208833.3003],[461922.0026,1208793.299],[463490.9027,1208105.8068],[464354.4996,1208562.6012],[464826.6033,1207936.9013],[464613.0003,1206596.5],[463475.5018,1205613.9963],[463333.4987,1204851.4999],[462690.4989,1204900.9997],[462464.5005,1204639.995],[462227.055,1203315.7562],[462006.5,1203094],[462014.1461,1202946.4843],[461749.501,1202645.0002],[462026.0034,1202093.504],[462398.6569,1202164.1838],[463266.2388,1201403.4259],[463303.6003,1201357.3047],[463719.0359,1201979.4279],[463783.1586,1201841.9],[463853.833,1200702.7217],[463333.593,1200541.8917],[463314.3,1200567.7],[463303.8281,1200552.6811],[463300.9,1200556.1],[463285.0252,1200526.8773],[463220.4001,1200506.8989],[462892.8714,1199999.9796],[462647.5878,1199620.3517],[462279.6195,1199999.9612],[462247.4,1200033.2],[462189.4727,1200008.9579],[462124.6968,1200095.7958],[461855.0569,1199999.9557],[461738.7701,1199958.623],[459918.7455,1200964.5037],[459911.7966,1201170.5981],[459714.3246,1201208.0588],[459694.8611,1201278.532],[459608.1915,1201228.1924],[459447.8988,1201258.6002],[458894.9003,1200818.2997],[458719.7656,1200380.5478],[458407.9637,1199999.9942],[458100.1181,1199624.2692],[457616.4998,1199353.9991],[457439.6089,1199540.1581],[457431.5,1199596.5],[457385.2951,1199597.3176],[457292.001,1199695.4997],[457083.9209,1199679.7481],[456543.4306,1200597.1377],[456542.6997,1200621.5953],[455896.005,1200541.3504],[455733.2223,1200525.6865],[455747.2966,1200579.6404],[456581.1849,1201851.8988],[456605.7999,1201859.1],[455522.4459,1204459.2217],[456637.3984,1204369.8416],[456642.3512,1204360.7524],[456748.9998,1204037.4988],[456804.6833,1204062.8502],[456815.5,1204043],[456989.4496,1204146.9699],[457284.4994,1204281.299],[457276.4152,1204318.4895],[457108.82,1205120.23],[457064.9295,1205133.921],[457046.5991,1205205.1005],[456457.6119,1205323.4824],[456968.3,1205703.7],[456964.553,1205708.9144],[456981.8976,1205730.5029],[456560.9326,1206416.7788],[456801.3819,1206668.647],[456866.4997,1206718.9999],[456866.3991,1206736.7518],[456869.5,1206740],[456858.5209,1206755.1459],[456759.0001,1207205.9998],[457124.9989,1207407.5028],[457529.9963,1207170.0008],[457465.7424,1207713.9038],[457914.6006,1207977.1561],[457935.1653,1207983.883],[457933.3013,1207988.124],[457936.5,1207990],[457925.7261,1208005.3597],[457516.1171,1209076.2958],[457883,1209302],[457886.8931,1209316.8173],[458247.4999,1211457.9999],[456995,1212494.4998],[457425.4984,1212903.4996],[457426.6948,1213080.8493],[457970.3142,1213781.6475],[458186.5,1213902.5],[458566.5711,1214551.9824],[458575.9977,1214574.5013],[457866.5061,1214915.5017],[459232.9814,1215297.6088],[460176.8168,1216857.2248],[459999.9886,1217548.9017],[459876.1281,1218034.3831],[459968.7008,1218075.8492],[459999.9783,1218047.1729],[460010.2014,1218037.8],[460004.9444,1218091.9933],[461192.544,1218616.4446]]],[[[461366.1824,1220246.9098],[461240.2405,1220181.6067],[461252.0184,1220309.8808],[461366.1824,1220246.9098]]]]},"properties":{"FID":3,"CTRY25CD":"S92000003","CTRY25NM":"Scotland","CTRY25NMW":"Yr Alban","BNG_E":277744,"BNG_N":700060,"LONG":-3.970943,"LAT":56.17744,"GlobalID":"f8229436-9a71-4e15-bb79-ab674a0b2f93"}},{"type":"Feature","id":4,"geometry":{"type":"MultiPolygon","coordinates":[[[[322246.1003,164702.532299999],[322294.4491,164598.3498],[322181.4988,164646.3093],[321862.1486,164921.5747],[321876.905,164942.6611],[322246.1003,164702.532299999]]],[[[239460.6883,187509.992000001],[239657.398,187403.795600001],[239186.5305,187505.2883],[239085.8264,187581.217499999],[239460.6883,187509.992000001]]],[[[238554.8832,187682.099300001],[238855.9647,187624.8923],[238681.6915,187625.349199999],[238520.6742,187671.2927],[238554.8832,187682.099300001]]],[[[240003.6562,192695.758099999],[240115.6007,192481.7006],[240000.0052,192504.3071],[239718.296,192559.399800001],[240000.0114,192694.0165],[240003.6562,192695.758099999]]],[[[213222.2989,197125.945],[213697.3012,196869.600199999],[213905.7314,196919.336200001],[215001.7337,196588.0033],[214331.3984,195756.9045],[213634.3992,196293.200099999],[212996.6001,196041.0002],[213170.1969,196741.602600001],[212620.2998,197185.3002],[213047.1677,197178.889],[213222.2989,197125.945]]],[[[173210.9873,204588.157400001],[172847.0259,204533.735099999],[172838.0799,204577.985200001],[173757.2692,205520.036],[173841.13,205577.3818],[174199.7114,205494.6708],[174514.9979,205388.8983],[174096.3995,205132.2005],[174104.4407,204902.6899],[173937.136,204721.0251],[173210.9873,204588.157400001]]],[[[146659.9994,208853.236199999],[146673.0041,208756.003599999],[146598.9009,208838.3051],[146659.9994,208853.236199999]]],[[[159911,209520],[159706,209074.5],[159896.6595,209509.956800001],[159911,209520]]],[[[173545.3385,209543.8476],[173542.1993,209374.5002],[173716.3836,209437.657500001],[174223.0993,209123.0725],[174059.6463,209107.840700001],[173539.8125,209233.0688],[173531.1999,209322.200099999],[172686.9964,208421.3993],[172317.2887,208557.364700001],[172451.4985,208674.2523],[172642.4,208767.300000001],[171622.3838,208942.1273],[171448.0001,209180.1494],[171377.9118,209607.7706],[172026.0429,210129.5174],[172313.5994,210287.1995],[172403.9359,210252.4662],[173545.3385,209543.8476]]],[[[170359.3007,225317.271],[170550.9,225046.5],[170899.3263,225147.4103],[170907.2999,225144.9023],[170486.0023,224233.9027],[170638.5594,222978.138599999],[170590.4163,222589.859099999],[170558.401,222496.0002],[170185.0985,222754.796499999],[170132.5123,222703.5351],[169954.0499,222889.7457],[169961.5997,223040.604599999],[169941.2283,223038.770199999],[169942.0012,223062.2984],[169917.2523,223059.335899999],[169804.0735,223046.2335],[169283.9043,223588.9866],[169249.2756,223741.3836],[169335.3523,223866.0712],[169965.9001,224084.6998],[169912.4397,224233.724400001],[169980.1016,224260.995300001],[169831.398,224584.624700001],[170341.1203,225322.989499999],[170359.3007,225317.271]]],[[[216159.0576,251587.822000001],[215635.7429,251558.0778],[216071.07,251829.8399],[216089.0753,251807.6294],[216133.9952,251678.751399999],[216159.0576,251587.822000001]]],[[[212487.554,321546.8358],[211880.7066,320945.383099999],[211640.74,320973.8719],[211429.2,321015.1],[211429.6502,320998.932399999],[211355.7997,321007.699899999],[211413.5,320528.899900001],[211054.7282,320138.261499999],[210987.9269,320068.7355],[211228.6677,321016.215399999],[211427.2982,321253.8014],[211438.7838,321843.166200001],[211620.6749,322559.032600001],[211774.1649,322602.5068],[212507.1573,322356.847999999],[212543.2084,322336.2073],[212539.9784,322265.6502],[212492.7003,321554.895199999],[212487.554,321546.8358]]],[[[234137.8541,326016.360099999],[234184.1415,325801.519200001],[233928.4987,325948.197699999],[234082.3684,326142.880999999],[234128.4649,326051.4197],[234137.8541,326016.360099999]]],[[[265290.3151,382262.4714],[264738.6997,381765.700300001],[264814.2399,381983.5228],[264888.2243,382171.4681],[265281.2174,382347.4508],[265391.1632,382386.0438],[265290.3151,382262.4714]]],[[[227882.7215,380136.851500001],[227879.1695,380137.501599999],[227064.7775,380000.032199999],[226663.8001,379930.295499999],[226955,379437.0997],[226188.1013,379442.1952],[226400.1998,379295.499700001],[226085.9038,378989.704700001],[226900.9999,379334.699899999],[227281.1999,379051.2983],[226925.1013,378481.4999],[227144.8,378216.100099999],[227238.0026,378504.9035],[228236.8004,378208.599099999],[228167.1002,377526.5001],[227597.5041,377172.704600001],[228823.701,377458.0032],[229216.6346,377188.5779],[229232.2026,377177.9033],[228507.2998,376935.1998],[229209.7731,376252.0012],[229404.6,376065.300000001],[229381.7127,375864.603499999],[229365.3026,375719.2009],[228996.7046,375911.9965],[229220.7005,375414.999500001],[229631.921,375302.2948],[229728.48,375272.25],[229649.703,375261.2925],[228059.3002,374958.599300001],[227864.5681,374728.162599999],[227687.8915,374685.377],[227617.8407,374749.962200001],[227421.7001,375113.299900001],[227346.7085,374999.9398],[227329.94,375015.4],[227275.2762,374891.960200001],[227077.9008,374593.600299999],[226389.3758,374916.3956],[225858.4627,375381.5229],[225765.2244,375650.3588],[226004.896,375828.299699999],[225829.3722,376007.9946],[225884.8442,376151.818],[226070.8973,376440.2038],[225002.1977,377918.8013],[225430.8998,378285.0001],[225342.8489,378458.1634],[225493.4256,378679.274599999],[225638.098,378719.5021],[225589.6997,378995.9016],[225405.2947,379026.468499999],[225394.1,379049.300000001],[225203.68,379059.8881],[225189.1063,379062.3038],[224261.7721,379484.498199999],[224236.866,379598.7838],[224101.8548,379595.6764],[224076.899,379703.199999999],[223864.646,379665.300799999],[223364.2875,379893.1028],[223352.6723,379999.985400001],[223347.4001,380048.499700001],[223273.8264,379999.985400001],[223068.7207,379864.7392],[221992.7858,379630.144200001],[221734.3007,379856.796499999],[221537.5267,379681.0371],[221233.9759,379473.668299999],[221219.1746,379488.1856],[221423.8771,380600.0798],[221552.1994,380702.304],[221561.6324,380757.555299999],[221577.29,380770.800000001],[221576.8774,380784.128599999],[221576.8195,380846.509],[221649.6,381272.8002],[221560.9195,381299.5787],[221559.73,381338],[220647.2704,381915.0551],[220533.2014,382238.504799999],[220506.5017,382239.2555],[220505.03,382242.960000001],[220459.2536,382246.707699999],[220421.48,382329.67],[220699.2158,382557.5438],[221343.1,382946],[221367.761,383106.0645],[221521.96,383232.58],[221520.7952,384073.7096],[222441.6032,383576.7017],[222457.6358,383583.139900001],[222568.2444,383627.5568],[222765.4,383538.800000001],[223483.8223,383844.8199],[223570.9711,383781.162900001],[223654.7987,383692.999299999],[224065.47,384170.529999999],[224141.2,384194],[224972.4,384186.9],[225667.4939,384727.3445],[225015.7762,384174.8585],[224126.71,384173.25],[223781.5991,383614.748600001],[223704.2024,383462.5044],[223801.3268,383445.6757],[223819.388,383290.885],[223949.5583,383418.718],[224886.3496,383040.3708],[224974.7996,382945.801000001],[225002.0363,382993.6478],[225059.5238,382970.851199999],[225063.2,382969.18],[225204.2274,383348.838199999],[225376.9837,383307.6174],[225470.328,383116.068],[225304.3179,382900.185900001],[225113.61,382906.810000001],[225088.3612,382853.4673],[224962.7038,382850.7995],[224939.1222,382766.4342],[224789.307,382230.457699999],[224778.32,382216.17],[224787.0174,382222.3904],[224783.764,382211.8926],[224783.0027,382207.9035],[225498.5009,382729.404200001],[226101.3003,381605.200200001],[226740.8445,381806.380000001],[227171.0025,381746.9592],[227440.4007,381416.999500001],[227744.9007,381476.3029],[227541.2002,380484.800000001],[227882.7215,380136.851500001]]],[[[314277.6003,381906.999700001],[315291.9984,381156.0046],[315856.4081,381591.6601],[316008.3206,381257.199899999],[315968.1006,380973.3967],[316245.2017,380495.2038],[317114.24,379999.957699999],[317790.0999,379614.799799999],[317686.9003,379320.800100001],[318655.3985,378932.8861],[318772.1975,378886.1044],[319999.9778,377963.692299999],[320524.2289,377569.830700001],[320546.5026,377553.096799999],[320737.0038,377256.2009],[320775.3753,377221.0733],[321638.3002,376431.0988],[321509.0997,376179.7008],[321795.617,376164.802999999],[323874.9465,374214.6928],[323877.3306,374212.496300001],[324614.3015,374031.8039],[324603.2128,374012.1183],[324591.8237,373991.899499999],[324352.2006,373566.4999],[324610.3009,373884.899900001],[325161.186,373184.896],[325818.511,372808.950999999],[326160.389,372474.305],[326225.99,372577.911],[327612.2824,371695.031400001],[328545.722,370991.373],[329086.2452,370179.312799999],[329173.3995,370089.601600001],[330065.7791,369815.621099999],[330344.8012,369729.5956],[330243.9952,369341.303099999],[330401.354,369697.7642],[330404.0794,369696.144400001],[331041.6778,369317.187999999],[330751.9176,369615.997],[330598.1585,369772.365800001],[330107.0788,369972.297900001],[329286.5962,370346.5988],[329260.9938,370372.8171],[329142.734,370493.921800001],[327792.9118,371876.0923],[327050.873,372543.706],[328060.144,372539.793],[328443.989,372144.637],[328410.0822,372491.736199999],[327214.262,372771.932],[327633.805,372888.84],[327008.689,372824.551999999],[326738.482,373019.458000001],[326493.764,373585.802999999],[326061.9974,374009.3114],[326662.176,374192.939999999],[327018.669,373706.421],[326959.955,373897.964],[326911.83,374019.953],[326873.19,374222.729],[326319.453,374265.584000001],[325911.998,374530.628],[325875.843,374747.979],[326248.626,375578.494999999],[326663.474,375042.6755],[327617.1731,373893.205600001],[327674.8453,373853.93],[330973.5028,373253.9965],[333460.4028,371444.3046],[338471.5036,366195.8969],[338075.6005,364211.504899999],[333553.7039,362356.7958],[334590.8007,361944.8038],[335612.9986,359943.296700001],[339169.2996,357658.300799999],[341131.5994,358631.202299999],[339686.5041,355359.798699999],[341436.8975,354167.899900001],[341030.4985,353379.5955],[342363.2961,351835.5975],[341618.0003,351617.1],[342504.501,351121.301999999],[341763.402,350140.602700001],[342718.1965,349227.404100001],[342341.6034,347629.001599999],[343473.8976,347039.2004],[343988.3977,344750.3956],[346172.5969,343884.803300001],[348530.7008,344444.903100001],[349080.2011,343500.0035],[351298.6997,343127.000299999],[350715.9965,341650.302999999],[351448.1002,340216.103499999],[351125.8008,336679.2959],[349317.5022,336623.0021],[346355.901,333443.202299999],[343580.3991,338688.8007],[340728.3005,339169.802999999],[340474.8968,339828.304500001],[337669.6961,338322.795499999],[335609.9974,339739.5999],[334614.5959,341735.0987],[334130.0997,340652.898499999],[332269.6016,340345.0966],[330515.41,337395.34],[327726.5977,336993.1961],[326423.11,337552.960000001],[325141.3011,333527.698100001],[322891.6032,333139.2992],[323688.4966,332552.997099999],[322540.7016,331874.101399999],[324182.7962,330552.399700001],[321771.1983,328408.703400001],[322554.0009,327848.003900001],[321391.9997,325274.500499999],[321349.0017,323946.9005],[322359.401,323823.7958],[321823.6039,322650.401699999],[324672.7013,321252.0019],[326827.8036,322555.298900001],[326472.2023,321567.1018],[327267.3973,319869.5977],[329409.45,319962.720000001],[329082.49,319517.199999999],[329999.91,319704.84],[330234.2,318993.630000001],[331468.83,319375.33],[331881.79,318351.76],[331129.4993,317635.497199999],[333129.3966,316696.8958],[333159.5983,315590.8024],[334930.0025,315394.298699999],[335175.6971,313632.902899999],[334024.1012,313525.103700001],[334075.5998,314774.2962],[332515.0983,314093.0012],[331185.2029,314648.702099999],[331012.304,312600.1985],[329327.904,310910.802100001],[329874.6999,309134.7005],[328981.11,306032.140000001],[326776.0988,305388.6028],[328365.56,304187.609999999],[327457.9983,304006.5984],[326041.8019,301844.5973],[326300.4989,300746.7015],[324390.2007,299246.900800001],[322893.7963,299265.4955],[324715.0974,294302.0963],[322969.6014,293515.001599999],[323227.15,292779.68],[326472.4992,293512.0024],[326374.3005,295385.7961],[331364.6979,298001.5973],[332689.9019,295470.401799999],[331980.3979,291800.202400001],[330052.4964,292261.100500001],[330232.4037,289759.396600001],[324674.9027,289582.1973],[319932.2034,286876.002],[318779.6016,287123.6011],[316113.8,283443.76],[317162.14,281060.08],[319907.74,279701.550000001],[321529.1975,277257.7951],[324494.6986,276040.703500001],[327847.0003,272769.300000001],[329236.4003,272313.8003],[333725.597,273405.3979],[335069.5007,272770.499600001],[334212.5997,270589.7039],[331879.4041,269766.6994],[331012.03,265044.220000001],[335295.0031,263902.798],[333400.6014,262839.802200001],[331456.0037,263375.198999999],[329390.8963,262569.6996],[328530.1036,261856.3038],[328790.4992,260483.5967],[326818.998,260284.3037],[326846.0994,257748.5996],[324779.5985,256626.300799999],[325255.6023,254507.7973],[323321.5006,252276.495999999],[324916.5984,251285.7995],[326049.0988,252193.5997],[326721.5,251374.404200001],[325255.2973,250120.6031],[322357.7025,249453.404100001],[321926.2961,248343.1019],[324440.13,247066.52],[324391.73,245807.49],[323200.9,245573.35],[322937.8002,242814.304500001],[325311.0009,239685.699999999],[325588.8018,238533.5998],[324673.6989,236599.603399999],[326792.584,232168.288699999],[329598.5,229250.5],[330775.4976,225881.2015],[332939.1006,225891.6985],[333237.0029,223383.896400001],[339743.1971,226508.402000001],[341985.75,225177.359999999],[340814.57,224289.210000001],[342189.96,224690.08],[342576.61,223387.050000001],[347210.72,220487.42],[346471.1999,218872.897600001],[349189.0029,215591.8968],[350524.1984,216941.425000001],[350827.2966,215978.995999999],[352060.296,216474.804099999],[352324.6986,215252.304],[354193.6973,215433.102299999],[355272.7037,214366.797499999],[354547.699,213998.402899999],[354627.404,212654.997500001],[353309.497,211795.4035],[353902.4982,210836.498],[353142.3036,208024.6029],[354352.5961,206341.2048],[353676.6001,204397.4012],[352612.7976,203746.997400001],[353906.8022,200994.5952],[352840.6993,200430.3967],[353843.6038,199589.397500001],[353618.0024,198240.103700001],[354675.4975,197507.9033],[352623.04,196269.699999999],[354038.7973,196381.3958],[353024.9022,194524.7972],[353840.6026,194304.100400001],[353815.4999,194234.600199999],[353933.2,193680.5],[353758.4492,193055.099400001],[353846.2934,192853.779300001],[354027.3598,192438.8137],[354033.9987,192423.5987],[354548.3005,191683.299699999],[353600.0422,190151.544],[353595.308,190148.7502],[352172,189308.8002],[352122.5369,189379.2894],[352012.5023,189536.098200001],[350875.9012,187440.595000001],[349861.1329,187233.377499999],[348331.7325,187084.120300001],[348276.6182,187078.743799999],[348235.0988,187074.6998],[347613.8729,186868.453],[347537.7975,186843.196],[345292.8002,185626.0034],[345244.4119,185675.5999],[343853.1339,184723.460000001],[343150.8878,184242.866599999],[343131.3002,184229.4002],[343093.4731,184208.092800001],[341509.1985,183315.695800001],[339999.9902,183016.3191],[339780.1003,182972.700300001],[337319.0001,181889.5],[336110.7998,182276.300100001],[336706.6,183023.100099999],[336114.0007,182386.801100001],[336119.6999,182600.800000001],[335769.696,182299.5966],[334338.5507,182222.6295],[333488.7997,182380.799799999],[332031.8965,183353.504899999],[333034.801,184267.303400001],[333452.7002,184115.1998],[333150.7999,184281.800000001],[332980.8002,185183.399800001],[332066.7513,185852.8737],[331922.401,185958.5997],[332134.0148,186179.3456],[332631.5002,186698.299900001],[332529.9971,187196.305],[332966.5979,187028.503],[332142.5029,187432.996300001],[332118.7621,187461.308700001],[331299.171,188444.2026],[331628.8001,189200.1997],[331445.5993,190420.801100001],[331893.0001,190438.899700001],[332225.4002,190003.600199999],[332316.4168,190098.916099999],[332337.7546,190121.2619],[331934.4987,190562.100099999],[331351.786,190539.1469],[331307.403,190537.398600001],[331422.9871,189969.2586],[331466.6013,189676.1],[331175.5579,188519.8978],[331241.9561,188428.7788],[331262.2943,188404.500700001],[331822.0867,187678.576300001],[331826.1545,187673.3013],[332493.8999,186863.9],[331845.301,186614.8004],[331709.1028,185950.1008],[332881.3027,184622.3018],[331556.5014,183863.600199999],[331060.0636,184542.522299999],[331055.7285,184548.450999999],[330965.9006,184671.2985],[331064.0997,183897.000700001],[331448.2039,183738.8047],[331060.2998,182412.3002],[328802.8005,180687.999],[327773.5038,180684.898800001],[327461.0276,179999.986400001],[327423.3031,179917.2985],[325685.5988,178804.697000001],[325445.4,179035.8003],[324948.698,178653.896400001],[324898.9947,178621.7476],[323294.9021,177584.1964],[322776.1295,177677.7958],[322761.7022,177680.398800001],[322246.6001,177436.499500001],[322199.0902,177324.5088],[321475.9006,175619.7995],[320900.4309,175507.389],[321181.2002,174826.699899999],[320000.0124,173465.8552],[319724.8978,173148.896],[319206.3,173182.6963],[319205.1556,173115.3881],[319194.7981,172506.199899999],[319176.1972,172513.097999999],[319094.9999,172546.398399999],[319087.0132,172477.745100001],[319067.7132,172312.1965],[318953.7379,171334.557499999],[318952.7738,171328.711200001],[318651.3864,169501.066199999],[318645.9995,169468.399499999],[318743.6036,168116.296499999],[317519.6001,167702.700099999],[317480.7983,167449.7973],[314948.2999,167894.200200001],[313924.2085,167211.404999999],[313903.8022,167197.7995],[313138.9979,167247.795499999],[312748.8986,166752.2228],[312672.0639,166667.403999999],[312744.4985,166781.499199999],[312459.022,166854.9022],[312295.702,166896.8956],[312511.7621,166554.5065],[312460.9736,166544.021199999],[312056.7024,166651.8957],[312004.3007,166290.338400001],[311808.5868,166198.3914],[311154.6993,166412.799900001],[311099.2998,165925.499700001],[310621.0971,166406.296],[311079.301,166725.704299999],[310763.5965,166854.5977],[310426.4011,166134.1228],[309725.1346,166400.387399999],[309142.5003,166762.799900001],[308703.3838,166492.479499999],[308228.7947,166228.092599999],[306779.2037,165536.095100001],[305600.3991,165862.1008],[303987.0962,165809.596799999],[303991.9998,166034.199999999],[303111.6026,165745.0953],[302982.6325,166210.290200001],[302954.5943,166311.423800001],[302901.6005,165735.199100001],[302306.5961,165636.896299999],[301639.6997,166364.9],[300208.401,166487.4015],[300189.8434,166485.844799999],[300000.0121,166469.920600001],[299774.6354,166451.014599999],[298414.6073,166692.973099999],[294715.4771,167772.8621],[294359.8001,167876.6951],[293052.7067,167646.8925],[292805.0593,167690.9507],[291652.0973,168075.2983],[290171.6188,170813.5756],[290161.5603,170832.1798],[289099.6991,172569.500600001],[288605.2558,172634.296399999],[288433.8509,172816.9274],[288467.2999,173157.0998],[287686.2739,173654.3147],[287622.84,173725.85],[287536.2718,173773.2927],[287419.84,173897.35],[287293.6791,173957.188899999],[286051.7485,175273.360300001],[286074.8003,175611.399800001],[287118.704,176239.7434],[287273.1525,176332.7086],[287615.7029,176538.8956],[287025.5971,176236.17],[286218.8764,175921.574999999],[285483.2995,176704.499299999],[284361.4603,177062.5506],[283726.4998,176874.199899999],[283566.262,176510.525599999],[283453.1013,176253.6972],[282911.8455,176693.578600001],[282732.4995,176505.895],[282141.5009,176839.0001],[282072.2983,176424.748400001],[281635.1453,176535.2334],[281486.8867,176630.001599999],[280904.6024,177002.203],[280870.0331,177006.8791],[280722.6005,177026.821699999],[280541.3438,177300.835999999],[280388.6997,178023.399700001],[280000.0172,178621.5801],[279592.8887,179248.148600001],[278678.0979,179793.8039],[278838.4448,180000.004799999],[278936.4992,180126.0995],[277912.7646,183223.1494],[277843.2768,183433.3671],[277944.4432,183385.4745],[277920.8476,183432.570599999],[277839.402,183596.8826],[276640.2857,185988.5276],[276045.1988,187176.300100001],[275551.3189,187092.0063],[274355.5349,187610.5474],[274164.5997,187726.4001],[275535.1223,187123.9736],[275196.2001,188533.5011],[274524.9287,188389.3674],[274543.4084,188422.285700001],[275462.4,188697.4002],[275555.5995,189146.168500001],[275473.6081,189020.4647],[275467.8797,189011.6823],[275336.2002,188809.800000001],[274761.4971,189071.097999999],[274610.5539,188805.223099999],[274602.7028,188815.458000001],[274744.1001,189203.5],[274184.061,189836.3621],[274131.5782,189887.302300001],[272887.2039,191095.0989],[272853.8423,191136.2404],[272848.1245,191143.2915],[271951.1003,192249.499399999],[272872.6053,193016.92],[273798.4975,193738.102299999],[273293.1002,193490.402100001],[273379.8783,194470.9871],[273388.0618,194546.1712],[273401.4993,194715.302200001],[273130.8103,194994.4145],[273107.834,195034.449200001],[273390.8998,195291.100199999],[273089.4998,195094.9998],[273002.0384,195328.605799999],[273004.0816,195215.230699999],[273009.5029,194914.3957],[272404.8029,194669.0967],[273003.2999,194873.200300001],[273279.4008,194630.199999999],[272964.5014,193272.5956],[272300.0979,192885.5964],[272150.341,192951.157099999],[271942.3,192690.299799999],[269505.2596,192654.0438],[269499.0277,192656.0283],[269010.2031,192811.6976],[268350.8002,192203.5997],[266886.6998,191810.600299999],[266950,191916.000299999],[266468.8031,192599.2984],[266494.5518,192272.5699],[266450.8201,192269.830600001],[264292.5009,192133.3233],[263620.9947,191880.9417],[263542.4001,191851.4024],[261991.7438,190721.15],[261954.5003,190694.003699999],[261733.7018,189956.5033],[261712.455,189797.2026],[261546.0018,188549.197799999],[261552.7355,188534.5571],[261555.4468,188528.6621],[261772.7,188056.299000001],[263121.0033,187283.9999],[262246.416,186931.8497],[261721.0718,186907.718599999],[261062.9829,187265.1765],[260970.9417,187287.040899999],[260633.0973,187367.296],[260561.2869,187133.101199999],[259999.9718,186909.702199999],[259903.3608,186871.251800001],[259777.3998,186858.500399999],[259322.9739,187611.7585],[259303.103,187644.696599999],[257462.1341,186988.405200001],[257392.8179,186962.901900001],[256996.8027,186280.997],[256324.6008,186848.600299999],[254753.0675,187175.026699999],[254227.8047,187398.3793],[253787.1672,187773.0549],[253766.9979,187790.205],[253782.1827,188135.656400001],[253786.2578,188228.365499999],[253788.4,188277.1009],[253726.2537,188226.216399999],[252993.199,187626.0009],[251538.5,187742.999299999],[251503.9027,187714.5855],[250611.3987,186981.5964],[250280.4003,186260.601600001],[251016.7461,185399.083699999],[251108.4735,184931.477],[250958.1248,184789.1686],[250117.4006,184958.009400001],[248756.8041,185546.6971],[247916.6983,185545.997300001],[246961.2029,185130.496300001],[247180.6909,184511.809599999],[247176.4616,184410.345000001],[246600.9009,184386.299699999],[246411.4997,184831.6998],[245313.8443,184994.9595],[243760.02,185947.3949],[243497.3947,186175.5644],[243487.5988,186256.2006],[242812.7383,186551.8651],[242539.4409,186695.5636],[242096.5219,186967.0562],[242136.2,187196.200200001],[241274.8969,187399.797700001],[241065.3295,187205.102399999],[240223.4021,187365.0726],[240102.4997,187428.3993],[241348.897,188151.001700001],[241477.9995,188869.300100001],[241046.4997,191111.800100001],[240200.0962,192613.304400001],[241021.7996,193196.0988],[241807.2001,193025.699899999],[242268.1966,193248.8024],[242801.7008,194231.000600001],[244022.8001,194858.299799999],[244715.9993,196681.9004],[245771.8034,196682.8994],[244946.2001,196554.097899999],[245619.6006,196076.403000001],[245364.1007,195985.099400001],[245409.3998,195566.1998],[245098.9995,195781.4988],[245095.899,195467.597999999],[245364.0027,195466.997500001],[245499.601,195245.6009],[244538.4076,194502.503],[244868.5994,194583.4005],[244608.2023,194228.802300001],[244858.1225,194375.584799999],[245038.436,193804.798800001],[244635.2002,193406.799699999],[245050.8965,193786.998400001],[245051.2016,193823.4979],[244905.701,194398.703299999],[245267.2965,194018.802200001],[244888.0006,194703.499199999],[245133.3966,194472.0023],[244921.4993,194727.7995],[245181.9023,194782.703400001],[245294.9001,194245.799900001],[245214.7996,194834.7995],[245510.402,194819.8028],[245472.4997,194518.9999],[245601.5,194881.399800001],[245708.201,194865.6996],[245642.1996,194334.501],[245753.4004,194764.398600001],[245843.4035,194746.7037],[246156.8998,193691.800100001],[246060.3999,194280.299799999],[246416.1001,194240.8002],[246523.2995,193708.899599999],[246893.5508,194009.6097],[246540.3002,194057.000600001],[246654.2964,194241.673599999],[246117.9,194435.6997],[246337.1005,194552.1998],[246065.1999,194684.6998],[246488.4971,194644.7029],[246478.603,194860.5011],[246852.7236,194464.8552],[247196.5002,194101.2993],[246627.7974,195253.898499999],[247455.72,194375.550000001],[247963.8024,194226.8025],[248770.1549,194190.968499999],[249242.397,194436.4025],[249296.1003,194113.199899999],[249924.2965,193948.5022],[250088.4969,194430.0043],[250253.2002,194040.8957],[250152.5997,193700.8006],[249784.2029,193788.8947],[249826.9186,193713.592800001],[250202.4794,193685.4124],[250498.6969,194794.6],[250510.6232,194802.4253],[251112.5994,195197.4047],[251317.3995,194672.604800001],[251427.8998,195091.0001],[252146.4011,195125.9998],[252419.2012,194762.6997],[252015.3005,195467.597899999],[252445.3969,195683.900599999],[252197.6,195865.803300001],[253047.8998,195670.1998],[254443.9999,195985.6625],[253634.4998,196236.3002],[253881.3002,196661.100099999],[255422.8391,197324.151799999],[256398.6681,197420.361300001],[256504.4984,197430.795399999],[256712.6037,197139.0989],[256727.2964,196921.5011],[256772.6553,196944.707800001],[256805.0968,196885.9013],[256803.6039,196960.5419],[256796.1608,197330.100400001],[256794.5872,197389.491599999],[256767.4742,197386.8079],[256640.2038,197360.295499999],[256145.399,197965.9001],[256855.2426,198493.4168],[256892.8411,198656.5294],[256972.9856,199004.219000001],[257003.5002,199136.5997],[257372.0049,199117.8718],[257483.4936,199112.205800001],[257357.7731,199131.2259],[256998.521,199185.5768],[256973.898,199189.301999999],[256584.0632,199999.9749],[256494.8001,200185.600199999],[256794.0994,200491.100199999],[257134.498,200055.2049],[257412.9969,201196.397500001],[257835.9992,201443.6995],[257578.5002,201389.301000001],[257719.599,201922.899900001],[257685.1953,201906.966600001],[257682.3763,201905.6611],[257411.5757,201780.245999999],[257293.5019,201725.5627],[257355.3998,201368.100199999],[256911.2012,201539.1993],[257173.7008,201083.899],[256757.8,200902.800799999],[256453.5031,201165.4967],[256158.3005,200504.895400001],[256159.2455,200417.8882],[256163.7842,200000.0001],[256182.701,198258.2994],[255888.8445,197967.0736],[255864.3745,197942.8226],[255856.4382,197948.953600001],[255601.5003,198145.899800001],[254429.8019,197865.5009],[254395.5921,197860.3061],[253135.0964,197668.8972],[253021.5002,197939.1],[252753.1003,197617.399900001],[252395.3001,197872.299900001],[252562.8974,198443.895400001],[252406.4573,197969.768300001],[252328.5984,197733.7993],[252154.1991,197934.3006],[251673.7992,197293.200099999],[251063.0961,197353.397500001],[251085.4987,197616.6009],[250434.3999,197894.9002],[250473.5002,198413.899800001],[250187.2988,198359.899800001],[250389.4995,198613.5988],[250011.4481,199178.329600001],[250011.4997,198523.600099999],[249505.7998,198699],[249848.0999,198789.299900001],[249308.5003,199783.9004],[249430.5987,199905.9968],[249397.1025,199926.0101],[249273.3163,199999.969900001],[248241.5998,200616.399800001],[246391.3788,200681.062899999],[246350.2044,200682.5019],[246232.069,200340.4045],[245206.8537,200129.5207],[244906.6994,200096.801100001],[244507.7003,200106.300899999],[244610.1986,200556.100099999],[244296.6002,200626.6],[244457.9431,200000.039000001],[244287.7996,200182.797599999],[243784.1995,199999.9999],[243675.5002,200229.700099999],[243679.6585,200000.017000001],[243681.8041,199881.503900001],[243546.4037,200074.6986],[242885.4962,200211.699100001],[242267.5209,200000.0265],[241844.0752,200000.025800001],[241889.6998,199842.401000001],[242573.6115,200000.0112],[243013.9998,200101.500299999],[242754.2339,200000.0022],[243133.6972,200033.500299999],[243449.6993,199874.399800001],[243478.8003,199542.198799999],[242209.599,199004.095000001],[241450.8967,199063.597999999],[240431.1988,199545.100500001],[239792.0823,199999.968599999],[237667.6999,202393.4048],[236307.7008,204431.400900001],[235748.1997,205861.0011],[235722.6982,206322.600099999],[235826.9002,206443.898800001],[236116.202,206431.099099999],[236569.2021,205964.3027],[237069.9,206149.899499999],[236974.9993,206002.9016],[237205.9022,206053.997],[237413.7025,205938.5001],[237368.0991,206090.4966],[238017.4966,206240.103700001],[237969.296,206006.500600001],[238071.9964,206189.9981],[238204.2967,206112.3003],[238343.9021,206126.996099999],[238296.6991,205567.396299999],[238495.7019,206061.7048],[238865.7979,205963.7028],[238796.6961,205183.7961],[239010.9028,205580.4026],[239770.5038,205285.8969],[240284.0969,205638.595899999],[240695.5996,205355.397],[240847.5973,205504.7042],[241111.6798,205565.9594],[240842.9966,205572.404899999],[240695.7975,205423.0976],[240398.4971,205757.6018],[239736.1961,205642.9047],[239526.7962,205952.0962],[239538.0007,206245.1011],[239797.4981,206411.8046],[239996.6104,206729.851399999],[240000.0178,206730.199200001],[240904.2986,206822.497],[241614.4997,207290.9999],[240987.9035,207135.297499999],[240900.0029,206832.404200001],[240034.4034,206778.999500001],[239869.1971,206966.095899999],[239783.9998,206530.300100001],[239485.7401,206667.924799999],[236845.1973,206924.797700001],[236114.6001,208043.9999],[236102.6966,208994.295299999],[236413.1973,210362.9036],[237060.9998,211251.8002],[236898.6997,212500.7008],[237358.1968,212703.4036],[237416.3001,212484.0001],[237634.2149,212692.5877],[238495.7009,213517.200099999],[238951.9999,213419.499399999],[239159.3915,213568.411900001],[239654.9003,213924.200099999],[239144.5964,213699.7984],[238662.4995,213877.997400001],[237612.2024,213349.798599999],[237116.3034,213504.9033],[236353.2003,212280.800100001],[236129.8992,211232.600099999],[235304.5,210092.0002],[234187.6002,209240.8003],[232637.9002,210011.899900001],[232042.8037,209999.997500001],[231124.9965,210780.304099999],[231926.3974,211089.902000001],[232099.2979,211762.0024],[231700.6002,211165.1],[231885.0543,211782.362],[231640.4005,212312.2985],[230798.2998,212838.199999999],[231092.4998,213510.8002],[230855.3281,213375.1511],[230721.3701,213298.534499999],[230700.4997,213286.5978],[230717.4445,213323.5042],[230839.5622,213589.4812],[230909.9993,213742.8958],[230662.5449,213803.818],[230647.0015,213812.2962],[230660.3631,213316.336100001],[230765.5127,212999.068299999],[230764.6593,212982.071900001],[230047.4724,212967.3827],[229633.2999,212958.899700001],[230538.8999,212810.0997],[231225.101,211997.300100001],[230378.6001,210568.999700001],[230165.5011,210689.3002],[230636.4024,209966.497099999],[230394.5998,209728],[231150.3997,209761.7008],[231052.4,209446.100299999],[231354.9997,209571.300000001],[231256.6002,209313.6],[231488.4965,209145.202199999],[231399.0008,209527.4],[231740.3004,208867.5009],[232710.6001,208341.5001],[232329.3027,208259.596999999],[233185.7006,207936.598999999],[233015.4002,207638.4002],[231212.6998,206693.300000001],[230022.699,206534.9],[223409.2024,207906.3968],[222510.7815,207378.2849],[221199.3574,207290.5177],[220000.0156,207568.775599999],[219827.4991,207608.801000001],[218572.8969,207174.396299999],[218338.7148,207308.633099999],[218296.9017,207332.601],[218246.9019,207324.421599999],[216330.9995,207011.0021],[214659.8351,206113.480599999],[214546.0997,206052.397500001],[213738.0652,204868.136499999],[213705.9033,204820.9999],[213860.8032,204342.696900001],[213879.4043,204308.519300001],[214353.9997,203436.4998],[214873.7997,203253.0002],[213665.363,202022.3782],[213350.5254,200642.437899999],[213831.3039,200473.066400001],[213851.8461,200451.9462],[213373.3917,199999.949899999],[212347.3001,199030.600199999],[212218.7995,198552.204299999],[212556.0563,198295.2344],[212106.8833,198269.377699999],[211631.6559,198313.991599999],[210421.7003,198600.595899999],[210064.208,198526.194],[209775.68,198570.17],[209659.6292,198499.123400001],[209539.319,198510.418],[209538.7943,198505.659399999],[209533.21,198506.27],[209452.8376,198398.954600001],[209189.9037,198344.2323],[209158.4965,198337.695800001],[209058.2036,197834.199899999],[209416.7978,197511.802200001],[207949.5973,197387.297900001],[208034.676,197191.213300001],[207675.8368,196612.4965],[207639.0966,196566.9026],[206912.0999,197061.700099999],[206471.2144,197071.0151],[205989.9428,197279.9505],[206085.9993,197544.800899999],[205482.2998,197788.5001],[205112.4492,197660.898600001],[204312.2325,198008.2983],[204201.7969,198149.101],[204081.5071,198045.5962],[203938.1384,198012.4255],[202726.4283,198015.943],[202176.0001,198134.700099999],[201683.2724,197471.3785],[201975.8002,197131.499700001],[201004.0003,197068.0997],[200823.1341,196564.229900001],[200689.5669,196503.4976],[200072.4998,196462.0001],[199999.9767,196408.8653],[199466.8985,196018.299900001],[199472.8436,195865.734300001],[199193.3407,195091.1413],[199045.8002,194926.1998],[199526.4115,194151.203],[199537.613,194128.642999999],[199250.3699,194246.490700001],[199114.8684,194310.159700001],[199019.0867,194355.4334],[199002.0633,194352.191299999],[198733.3003,194466.5999],[198500.4789,194245.5307],[198355.4,194214.68],[198096.6758,193977.589500001],[197704.5999,194334.0997],[197417.9994,192642.495999999],[197389.2804,192653.133199999],[196871.85,192957.369999999],[196657.61,192924.135500001],[196340.1968,193041.7017],[196349.1867,192876.2906],[195895.4173,192805.898499999],[195388.8982,193585.796],[194722.0378,193750.684],[194109.9661,194251.469599999],[194083.1002,194368.0001],[193734.6958,194299.3259],[193519.9747,194291.6176],[193515.9327,194295.5758],[193265.38,194597.970000001],[193220.937,194586.426899999],[193205.9021,194600.4025],[193120.1,194683.199999999],[193095.4225,194570.177999999],[192961.3501,194533.4991],[192861.9011,194655.4001],[191841.3003,194265.0001],[190142.7966,195393.499],[188320.4989,195741.999500001],[188317.4356,195763.317],[188598.5604,196933.551899999],[188959.8025,197095.7017],[189048.9998,197624.5002],[188450.9009,199820.3006],[188351.3498,200000.0393],[187992.3002,200648.300000001],[187420.2133,200691.518300001],[186257.1303,201089.8682],[186095.8998,201182.198799999],[185875.4905,201113.7894],[185747.9762,201091.270500001],[185581.8552,201137.182],[184826.7015,201863.2963],[184372.3173,201666.5305],[184187.7366,201613.751800001],[184554.8961,201930.8972],[184090.5377,202739.4485],[184362.0687,202876.696799999],[185348.4,203173.900800001],[184986.5792,203690.8752],[185122.035,203806.1908],[187224.8035,203491.7004],[187504.3029,203189.197000001],[186726.9014,202918.0042],[187279.8011,202315.999700001],[189140.2961,201878.702199999],[189543.1004,201938.705],[189779.9975,202423.8961],[189636.4013,202839.497],[188945.1224,203155.350199999],[189172.681,203783.4891],[189224.9977,203868.4026],[189982.0273,203895.834899999],[191459.472,203641.341700001],[192095.9032,203341.103599999],[192219.2994,203012.798699999],[192426.1014,203273.103],[194006.866,203146.646299999],[194014.9494,203127.4539],[193663.9189,202581.660700001],[194167.4,201858.2991],[193931.9002,201467.800000001],[194363.9001,201472.6998],[194420.7002,201192.4003],[195142.1,201688.9999],[196765.7986,201731.904200001],[196950.4092,201215.0789],[197038.3028,201099.3059],[197053.1967,201079.800799999],[197115.0017,201944.103399999],[197953.313,201842.726399999],[198089.9967,201826.1972],[197976.2827,201905.471000001],[197525.7613,202219.3331],[196877.7999,201995.9],[196539.9996,202265.100299999],[196526.1306,202219.014900001],[196473.099,202042.7952],[195913.4984,202177.196699999],[194418.5513,202869.582],[194383.4207,202914.334100001],[194801.3589,203081.227499999],[194927.9565,203131.781099999],[195505.7966,203519.4025],[195676.5007,204194.699200001],[196348.5956,203847.352700001],[196390.0959,203825.9048],[196692.096,203730.302200001],[196752.2021,204176.4345],[196793.1436,204203.995999999],[197332.8988,204567.355],[197749.2019,204595.0962],[198285.1998,204261.500299999],[198316.3999,203307.4003],[198485.001,203512.704399999],[198682.899,203276.702],[198780.3034,203330.5844],[199161.3998,203541.4001],[200000.0057,203416.219699999],[200384.0003,203358.9],[200000.0028,203486.433599999],[198403.6965,204016.600199999],[199088.557,204684.346799999],[200334.6504,204767.8881],[200868.104,205930.202400001],[202241.2035,205651.5022],[202652.7985,204888.100400001],[202426.0009,204693.9002],[202701.0998,204856.9001],[203248.7003,204257.000600001],[203060.1249,203771.630799999],[202940.7991,203464.500800001],[203451.3971,204042.8027],[203411.9033,203688.5041],[203889.6961,203312.5012],[203612.2005,203932.304300001],[204772.8097,203854.844599999],[203469.3961,204119.900599999],[203221.5,204593.5997],[203812.701,204866.199100001],[203350.5023,204887.001],[202471.2002,206208.7019],[202672.899,205965.801000001],[202832.4992,206250.100400001],[202977.9992,205829.700200001],[202909.3005,206246.300899999],[203091.3013,205971.400599999],[202967.1989,206261.098200001],[203266.97,206160.17],[203141.1014,205905.4998],[203493.2985,206034.8025],[203234.57,206237.17],[203384.1009,206450.9034],[203935.9097,206517.5853],[204547.4477,206591.501700001],[204987.8968,206645.3804],[205053.7002,207101.497400001],[204971.2689,206809.448999999],[204958.5973,206764.554500001],[204952.4007,206742.600500001],[204308.397,206580.2963],[203929.397,206819.8971],[202889.6034,206785.297700001],[202826.9994,206503.499199999],[201902.7015,206701.4004],[201524.0976,206193.497099999],[200879.6966,206221.099199999],[201005.7966,207645.4015],[201999.8997,207732.999500001],[200100.596,208598.498600001],[200190.2112,209163.9057],[200645.3637,210804.265900001],[201313.7997,210762.6996],[200735.1004,211127.6752],[200860.0209,211577.8862],[201866.9025,212075.0035],[201991.9998,211745.203600001],[202542.7866,213336.248199999],[202860.4983,213122.2037],[202758.2,213427.4003],[203335.1003,213721.4011],[205121.0965,213903.9988],[206384.9003,214672.4999],[205000.001,213949.297],[203189.097,214122.297499999],[202442.3994,213454.299699999],[201782.8029,212411.2972],[201168.1001,212462.4998],[200632.4888,212002.9527],[200248.55,211693.050000001],[199488.5981,212599.9033],[199436.1008,212293.000600001],[198474.2995,212509.4001],[197269.3987,211678.8969],[197056.6,212668.699999999],[197559.1866,213386.397700001],[197638.1383,213499.1412],[197692.1001,213576.199100001],[197240.4003,213828.500800001],[197311.1011,214119.6985],[196596.6003,214270.700200001],[196260.4649,214741.094599999],[196288.1101,214655.725099999],[196465.9005,214106.701099999],[197581.3997,213463.9003],[196956.9448,212764.624700001],[196889.5,212689.0988],[196616.3028,211967.902100001],[197208.6995,211497.1995],[199003.9012,212134.899800001],[199571.7451,211661.350199999],[199862.4124,211368.895099999],[199753.8997,210941.4991],[199203.0969,211280.899800001],[198794.8006,211041.000299999],[199373.4002,211013.199999999],[199886.8008,210171.3992],[199883.916,209381.736099999],[199860.5263,209296.736500001],[198953.9001,209341.4002],[199609.5037,208999.603800001],[199525.602,208721.203500001],[199561.5063,208686.707699999],[199999.9854,208265.4299],[200389.9519,207890.761499999],[200697.9111,207502.861300001],[200619.3228,207111.5198],[200552.493,206848.494999999],[200457.802,206541.103599999],[200054.3,206292.699999999],[200070.9779,206283.5207],[200285.5999,206165.395099999],[200091.0725,205354.510500001],[200000.0199,205356.840600001],[199881.9111,205359.8631],[199308.3034,205454.998500001],[198665.633,204994.9312],[198078.4992,204902.400900001],[197757.2001,205191.700099999],[196855.1998,205183.0963],[196842.5337,205348.248299999],[196787.5541,206065.1209],[196778.1992,206187.0989],[196775.2527,206088.5776],[196737.4026,204822.999399999],[195995.1477,205010.5339],[195989.3994,205010.0722],[195000.0036,204930.599199999],[194796.0576,204818.5721],[194789.46,204818.390000001],[194758.3512,204797.860099999],[193829.3219,204287.546399999],[191383.1707,205305.318],[191906.6997,206348.800100001],[191456.704,205980.3983],[191445.6211,205971.324999999],[191434.6011,205962.303200001],[191319.3009,205361.7951],[191104.6866,205421.187000001],[190450.8,205693.25],[188794.6633,205505.6238],[188513.1003,205632.300100001],[188544.3938,205377.293500001],[188532.8766,205377.9957],[188459.8018,205383.372500001],[188442.9073,205420.464600001],[187435.928,205450.324999999],[186773.1608,205491.4628],[186753.7391,205533.7914],[186876.6988,205956.8005],[186537.5093,206284.1799],[186340.7618,206562.9857],[186347.3984,207023.5998],[185639.6002,207324.799799999],[185576.5979,206698.8575],[185560.2252,206588.3928],[185150.4039,206572.298599999],[184826.2988,205884.295600001],[184263.9999,206697.0001],[183827.2282,206572.5777],[181798.486,206533.798699999],[181323.5001,207051.8002],[181390.084,207295.1449],[180878.4003,206579.200099999],[181260.2027,206099.0041],[181180.3991,205648.903100001],[182454.7287,205092.4549],[181869.8002,205047.899800001],[182184.7352,204463.835899999],[182208.9082,204408.933900001],[181641.9998,204030.9999],[181857.2574,203528.354900001],[181724.4356,203521.929300001],[181021.8001,203562.0002],[181006.7558,203436.6315],[180804.0683,203196.464600001],[180867.3459,203090.388],[180948.5702,202951.7532],[180947.0924,202939.437999999],[180710.9331,202794.138499999],[180566.413,202743.282299999],[180528.8275,202785.273600001],[180488.9001,203117.3002],[180088.6855,203337.278000001],[180071.5651,203359.547499999],[180124.5991,203608.6796],[180165.5,203728.299699999],[180000.0154,203762.860300001],[179954.6178,203772.3413],[179739.3054,203856.7629],[179896.7002,204257.9001],[179703.1995,204631.483200001],[179724.242,205147.864600001],[179846.09,205284.59],[179797.5116,205621.9318],[179895.4971,205932.9024],[179646.9843,206015.008099999],[178897.2452,206713.4794],[178961.9005,206926.4988],[178065.3981,207665.2958],[177456.9002,207709.0002],[177124.4575,207368.812200001],[176915.0345,207234.8574],[177165.4003,207643.301100001],[176972.3841,207718.445499999],[176050.6918,208712.6767],[176027.3003,208766.9999],[175997.3079,208770.262],[175426.846,209385.620300001],[175426.5993,209392.701300001],[176025.4704,209289.105],[178304.91,208826.119999999],[178308.0796,208828.1646],[178358.7245,208885.4845],[178530.2959,208855.805],[178701.2143,209284.2338],[178812.5,209413.800000001],[178813.2251,209417.5638],[178834.4268,209618.1479],[179017.0019,210075.7958],[179017.9006,211170.3025],[179307.4001,211006.799799999],[179465.3244,211129.2816],[179575.2696,211114.811000001],[179961.3292,211062.1653],[179999.986,211036.441199999],[180193.0001,210908.000299999],[180516.7039,211415.0831],[181345.9419,212254.8784],[181624.7003,212337.1985],[181643.9619,212361.204700001],[182065.5967,212886.701199999],[183423.4016,212607.5011],[183585.152,212804.3894],[183861.2164,212774.9855],[184105.3004,212504.0001],[184240.441,212482.071],[184255.3,212468.710000001],[184357.4071,212463.0911],[185034.6017,212353.2037],[186014.1977,213505.404100001],[185921.1257,214498.9277],[185982.6764,215807.960899999],[186140.3822,216349.117900001],[186146.498,216370.104],[186132.6999,217264.299799999],[185792.0154,217960.625],[185742.1056,218272.8214],[185948.401,218519.1994],[185655.2066,218441.8062],[185517.763,218621.192600001],[185386.1256,219162.905999999],[185571.7996,219959.696699999],[185556.8866,220000.029300001],[184673.1962,222390.0009],[184661.7944,222400.373600001],[183938.7001,223058.1998],[183721.096,223005.3335],[182761.4011,222937.8585],[182683.9998,223009.2991],[182661.9301,222930.864800001],[182330.5517,222907.566],[182102.5008,223227.7004],[181028.3021,222845.500499999],[181034.7236,222867.0254],[181232.84,223240.58],[181171.3529,223325.0057],[181225.1998,223505.5],[181032.6702,223515.425899999],[181008.16,223549.08],[180178.8334,223559.445699999],[180160.4022,223560.3959],[180110.3648,223920.8455],[180556.35,224287.822000001],[179999.4439,223838.638699999],[180000.2426,223835.1686],[179688.5188,223576.1811],[179608.8699,223575.8849],[179551.1003,223764.298900001],[178941.0988,223645.7008],[179066.2006,223868.099199999],[178605.7959,224324.3972],[178554.8306,224317.041200001],[178384.0539,224292.3925],[178374.3,224304.699999999],[178272.5531,224276.2993],[177012.2977,224094.403000001],[176668.0004,224411.0013],[176220.0999,223891.200200001],[176109.4001,224372.5999],[175646.0265,224010.144300001],[175423.6932,224124.342700001],[175272.6966,224290.497400001],[174380.6992,223845.700300001],[174127.2355,224159.3476],[174122.2,224165],[174130.1265,224127.192],[174157.2801,223636.982000001],[174096.4551,223624.808700001],[173563.8001,223600.601199999],[173131.917,223164.2084],[173080.5033,223469.4937],[173041.3032,223757.1008],[172742.4754,223591.997199999],[171698.1578,223370.5866],[171629.2811,223544.316299999],[171898.4937,223954.0232],[172207.17,224187.380000001],[172437.0837,224774.0746],[172424.8316,224801.420299999],[172403.9472,224845.081800001],[172458.097,225023.2971],[172011.8724,225664.7654],[171908.5687,225880.735400001],[172407.8942,226058.4068],[172536.2359,226094.3553],[172690.8963,225995.898700001],[173342.2987,226969.3002],[173173.2001,227567.1998],[172910.0378,227598.063300001],[172797.5769,227837.9638],[172835.4997,227948.800100001],[172142.1932,227846.638],[172118.2115,227846.257300001],[172179.8449,227909.2947],[173107.5698,228543.496099999],[174075.818,228723.3247],[174073.4027,228710.002599999],[175948.8992,229049.004799999],[176362.1004,229262.9035],[176343.1254,229343.8105],[177263.9624,229987.6439],[177375.0969,230038.601500001],[177604.5982,230615.496400001],[178431.0996,230573.8983],[179190.9626,230881.4431],[179408.9,230917.75],[179444.4128,230984.0239],[179595.525,231045.184599999],[179596.2166,231048.1655],[179669.4004,231363.601299999],[179652.0355,231371.488299999],[179842.7588,231727.415100001],[180000.0021,231771.9746],[180092.6414,231798.874399999],[180095.61,231800.369999999],[180087.704,231817.8105],[180267.0002,231872.5001],[180044.7313,232104.335000001],[180197.782,232389.9573],[180643.703,232570.9966],[180613.6336,232611.203500001],[180632.8919,232620.556299999],[180604.4936,232655.6162],[180463.5777,232832.176100001],[181404.8002,232526.399900001],[181386.695,232736.1612],[181946.0034,232668.2586],[181966.6972,232584.9026],[183342.6,232453.3003],[183326.6426,232520.1042],[183720.4311,233142.2173],[183812.5027,233176.129699999],[184125.35,233278.970000001],[184125.9459,233285.8181],[184152.6031,233301.397500001],[184234.996,233641.600099999],[184133.9178,233723.0701],[184103.4738,233747.3542],[184248.685,233976.761],[184434.5763,234024.101199999],[184437.52,234025.619999999],[184434.9108,234034.032099999],[184435.9297,234064.281300001],[184569.5,234105],[185245.8982,233649.5978],[185372.7362,233842.5976],[185599.5953,233734.786],[185604.7432,233732.0407],[185607.9251,233731.3178],[185704.6355,233739.523600001],[186374.9294,233789.735099999],[186631.9012,233747.999700001],[186951.9992,234132.899499999],[186868.019,234591.4407],[186927.9391,234632.3203],[188152.5215,234504.4252],[188395.7002,235125.895300001],[188276.4973,235359.951400001],[188453.1555,236204.6591],[188608.0032,236355.803200001],[188492.7248,236393.863399999],[188498.4,236421],[188018.6116,236886.3038],[188039.419,236921.414000001],[187995.7272,236959.204299999],[188039.3997,237065.699999999],[187573.4935,237332.271500001],[187584.6583,237340.267999999],[189227.4959,238469.1983],[189166.5091,238488.151000001],[188807.2022,238895.0956],[188884.4003,239252.300100001],[188088.3006,239715.9014],[188273.2515,240000.0145],[188645.4028,240571.6964],[189386.9966,240856.9048],[189205.3635,241298.149700001],[189172.4796,241388.223300001],[190436.3267,240947.134299999],[190588.2031,240735.499500001],[190725.9317,240846.060699999],[192818.1519,240115.8654],[192819.7768,240112.638699999],[192830.4969,240075.498500001],[192857.6646,240115.128799999],[193531.6126,240289.583799999],[193545.0964,240283.299000001],[193874.5442,240378.353499999],[194280.4924,240483.4354],[194681.6127,240245.392100001],[194693.8972,240238.1019],[194800.4878,240514.8606],[194847.243,240621.1592],[194855.4155,240612.595000001],[195101.3432,239630.8573],[195091.8998,239561.300000001],[195122.3303,239547.077400001],[195386.9328,239443.1632],[196208.4884,239114.196799999],[196192.9673,239117.472999999],[195420.91,239339.02],[195386.609,239287.6779],[195364.38,239292.369999999],[195350.6916,239271.4462],[194659.1021,238236.7052],[194834.7971,237965.202500001],[195059.0142,238039.1756],[195082.168,238024.731799999],[194829.3,237933.4],[194975.6876,237678.741900001],[194985.5992,237661.499500001],[195565.9087,237722.9649],[195972.8717,237469.0934],[196053.04,237310.16],[196064.1258,237372.3247],[196092.729,237332.778000001],[196093.1649,237336.921599999],[196253.3001,237109.0001],[196212.3992,237396.8398],[199656.1066,238683.1303],[199723.1998,238653.200200001],[199712.4369,238760.259],[199886.8019,239349.356000001],[199999.9725,239448.9495],[200472.3994,239864.6995],[200342.9321,239999.986],[200141.6383,240210.327400001],[200361.0137,240951.4933],[200366.296,240951.994999999],[200471.801,241325.7914],[200484.2736,241367.930400001],[200530.7775,241350.1269],[201554.227,240303.383300001],[201553.8248,240289.354800001],[201522.6,240050.4999],[201625.0892,239999.958799999],[201968.5857,239830.567600001],[202099.1061,239746.1395],[202264.2472,239684.765699999],[202535.0987,239551.1985],[202570.3533,239571.096100001],[202595.88,239561.617000001],[202710.4603,239635.9596],[203109.5383,239744.188899999],[203253.796,239531.404200001],[203272.7176,239542.590600001],[203281.017,239531.535],[203707.1639,239782.536900001],[204538.6788,239801.344900001],[204540.0323,239805.759],[204614.9421,239794.1876],[206564.6457,239406.0844],[206636.9426,239391.6929],[206980.0031,239323.402799999],[206225.2104,239633.661699999],[205970.7118,239738.2739],[205333.9973,239999.9966],[205318.9102,240006.1982],[205165.3969,240069.3002],[205433.9963,240949.598200001],[205128.4697,241214.195499999],[205023.7142,241383.201099999],[205308.2326,242311.107100001],[205583.6354,242589.2052],[205642.8998,242641.101299999],[205500.8421,242903.078500001],[205507.4107,242905.968699999],[208385.5193,243643.8254],[208769.7999,243707.399800001],[208901.1353,243905.167099999],[209660.4151,244569.623299999],[209731.5,244577.199999999],[209744.7518,244643.4275],[210171.5241,245016.901699999],[210218.3601,245043.603399999],[210226.6053,245065.104],[210901.7993,245655.975500001],[211010.62,245635.220000001],[211008.4306,245649.5286],[211026.0998,245646.5002],[211003.632,245746.8708],[212232.7545,247954.934800001],[212324.097,248028.402000001],[211993.3519,248406.432800001],[211832.6046,248659.990700001],[212686.6999,249097.0002],[213071.8745,250106.840399999],[213092.7187,250130.761399999],[214481.3998,248988.8002],[215964.4084,248355.855900001],[215987.5003,248346.000299999],[215754.1995,248184.3982],[216093.9048,247796.766000001],[216397.08,247487.939999999],[216341.4041,246316.402000001],[216681.9039,246140.449899999],[216950.2578,246001.778899999],[216925.4354,246017.865599999],[216873.2555,246051.6819],[216409.2987,246366.800100001],[216857.6645,247380.293],[216865.8972,247398.9022],[216850.261,248149.2381],[216848.7969,248219.497300001],[216532.8032,248325.724199999],[216356.0356,248525.099300001],[216173.8836,248446.3815],[215977.2002,248512.5001],[216237.7966,249182.8015],[216001.3586,249740.8378],[216183.9672,251159.2259],[216269.66,251370.252900001],[216386.3981,251346.4937],[216737.65,251173.220000001],[216897.2872,251242.514599999],[217078.81,251205.57],[218105.2945,251756.3632],[218995.3885,251668.3738],[219010.9,251667.5],[219019.0869,251680.0602],[219390.4943,251863.2119],[219232.6713,252007.736099999],[219340.9922,252173.919399999],[219999.999,252137.921399999],[220861.0402,252091.251399999],[220905.416,252105.1426],[222525.7573,252032.6029],[222619.6966,251990.797700001],[222637.7701,251990.905200001],[223342.4009,251995.0965],[223350.2392,252003.813300001],[224227.7027,252592.959100001],[224474.8949,252621.708000001],[225489.8555,251849.7555],[225842.7029,251447.841800001],[225871.01,251387.75],[225893.1635,251439.8738],[226022.8417,251602.8401],[227009.158,251523.5688],[227055.3141,251516.083699999],[227070.6032,251513.6043],[227722.9029,251512.604599999],[228813.5019,252145.203500001],[228965.6363,252342.501],[229219.898,252451.697000001],[229226.7411,252462.687100001],[229236.19,252466.779999999],[229897.4603,253537.7535],[230699.917,253995.334100001],[231072.6981,254207.903100001],[231169.552,254566.2305],[231199.9556,254683.9015],[231310.5,254803.4],[231262.2666,254925.063300001],[231345.894,255248.7258],[231467.6949,255712.7634],[231505.9,255191.4],[231509.2207,255189.638699999],[231514.5006,255120.101],[231700.8805,255087.984300001],[231854.04,255006.75],[231989.4624,255038.256200001],[232249.2024,254993.498199999],[232456.6135,255146.9397],[232886.7,255247],[234095.9499,256359.7108],[234433.3645,256609.3281],[235964.0299,258078.6548],[236213.9693,258308.6406],[236244.7399,258348.115800001],[237177.3995,259243.400800001],[237573.4949,260000.035],[237637.8384,260122.945900001],[237663.94,260166.6],[237673.149,260170.5833],[239113.5377,260083.335000001],[239171.2461,260035.4386],[239173.8668,260000.017999999],[239206.8002,259554.9002],[239730.3047,259571.434699999],[239742.7532,259561.1028],[239757.0908,259572.2807],[239999.9825,259579.952299999],[240059.7249,259581.839199999],[240474.6996,259916.799000001],[241259.0005,259816.898700001],[241529.2342,260000.002699999],[242547.642,260690.050799999],[245028.9976,262557.303099999],[245053.9219,262592.314300001],[245384.3017,263056.399700001],[245832.4994,262764.703],[245481,263120.900900001],[246254.0814,263541.6675],[247263.1044,263641.702199999],[247753.828,263975.556],[247865.58,264004.119999999],[247865.7599,264051.706599999],[249449.1001,265128.899800001],[249927.0594,265792.9737],[250748.2997,266934.0002],[251205.2001,268136.600099999],[252243.0963,268755.299000001],[252271.6915,268824.267000001],[252655.1,269749.0001],[254225.101,271546.5],[255654.6979,274807.563999999],[255658.1153,274815.3594],[255662.2984,274824.9016],[255728.4535,275041.4047],[257908.1,279936.0999],[257979.3425,280587.494999999],[258055.8973,280491.7994],[258135.0998,281366.999700001],[258042.1631,281161.885299999],[258107.9278,281763.1953],[258125.7769,281772.611500001],[258141.2997,281780.8005],[258284.4999,281973.7952],[258287.7796,281996.499],[258460.999,283195.5954],[258485.0305,283233.863600001],[258716.3998,283602.299699999],[258670.0765,283949.949899999],[258737.0919,285052.520500001],[259238.075,286515.923],[259253.0967,286559.8025],[259939.9,288221.8859],[260151.5059,288593.153899999],[260372.1438,288766.254000001],[260589.5891,288891.198000001],[260599.7766,288944.8419],[260755.9982,289067.4047],[260528.0475,294626.3156],[260944.9008,294940.9034],[261002.5146,294288.6249],[261271.7008,294079.899599999],[261608.627,293612.995999999],[262305.4601,293736.141100001],[262873.2133,293655.7753],[263135.9,293950],[264331.4998,294647.9],[264506.7048,294445.3627],[264058.2029,294246.0023],[264432.3998,294341],[264460.2095,294298.873400001],[264576.1,294457.500800001],[264642.4974,294871.803200001],[264833.3998,294685.3003],[264715.7002,294923.800100001],[265543.43,295035.993799999],[266638.8003,295725.700099999],[266795.4972,296370.404200001],[267107.3,296481.5],[267214.6014,296699.2996],[267462.3,296920.1],[267543.1999,296799.4],[267426.71,297131.310000001],[267683,297175.9],[267844.6,297232.5],[268262.3,297358.300000001],[268446.0873,297335.012599999],[268949.7,296732.6],[269158,296776],[269167.8637,296880.222999999],[269131.5478,296929.671],[269124.4788,296939.2961],[268603.7999,297635.899800001],[267211.7005,297674.699899999],[266643.6644,297240.7402],[265377.142,296989.549000001],[264991.938,296765.083900001],[260364.0032,295699.1964],[260000.0126,295834.7311],[259710.5986,295942.4967],[258999.8991,297717.6986],[258964.6674,297795.2751],[257963.4023,299999.955600001],[257909.8455,300117.881899999],[257160.3012,301768.2996],[257080.2979,301877.267000001],[256988.6911,301998.666099999],[256879.4731,302145.5362],[256873.631,302157.973999999],[256851.275,302183.455399999],[256104.6387,303187.4891],[257624.6001,302231.600099999],[258508.6998,302357.699999999],[258501.8974,302624.403999999],[258654.7979,302601.4487],[258668.5077,302599.3904],[258743.6139,302588.114499999],[258048.6997,303134.9991],[258036.0662,303132.399900001],[256777.2002,302873.399900001],[256493.2452,303139.187200001],[255986.2963,303613.7009],[256378.7642,305071.5605],[257796.4103,308778.7509],[258445.6991,309932.1022],[258903.3594,310287.4089],[259219.64,310421.710000001],[259808.5775,310990.179199999],[259999.9861,311138.780200001],[261040.0001,311946.199999999],[261024.7984,313510.2851],[261115.0645,314402.818700001],[261644.1006,315057.6983],[261095.1006,314052.9014],[261502.7997,313763.200099999],[262815.7999,314268.6998],[262436.8001,314873.3003],[263341.8994,314935.300799999],[263922.0003,315569.8003],[264225.6012,314731.599199999],[264412.7,315492.1998],[265053.3001,315860.499700001],[265772.3016,317224.4048],[266633.4377,317470.566099999],[266662.9347,317478.998],[267048.8009,317589.3004],[267862.103,318394.9998],[267918.1192,318431.2502],[268522.7002,318822.4998],[268112.5509,318789.305400001],[267377.3003,318729.799799999],[266664.1039,318024.695800001],[265798.6044,317723.1061],[265780.4971,317716.796499999],[265384.7001,317555.700099999],[265320.6015,317815.192],[264671.2974,317249.0978],[263502.1003,317294.699999999],[262653.5998,315723.8002],[261348.9008,315449.0999],[261474.9006,315179.700099999],[261028,315339.700300001],[261313.2993,315526.400800001],[260952.0995,315638.7994],[260000.0052,317717.861500001],[259396.7974,319035.069700001],[259386.1943,319058.223300001],[259371.0011,319091.4004],[258755.976,320000.0178],[255543.0415,324746.7269],[255036.5972,326138.6032],[255399.8406,326744.976299999],[256436.0407,327417.4517],[255908.4003,326652.0999],[256347.8997,326776.799900001],[256349.8999,327130.5998],[257272.7993,327442.5995],[257360.6994,327965.700200001],[258078.801,327511.700200001],[257496.0989,328116.596999999],[256657.0706,327638.185799999],[256749.9717,328000.057700001],[257389.6313,329943.140000001],[255561.8993,334329.6993],[255613.6002,335357.799699999],[256618.0003,335843.300100001],[256388.6003,335447.4003],[257296.0006,335222.2029],[259721.3002,335871.100299999],[259989.4969,335477.801000001],[259999.9964,335491.333799999],[260628.7999,336301.800100001],[260188.2998,335860.5999],[259999.9855,335933.119999999],[259757.4965,336026.502800001],[259999.9838,336283.1327],[260577.0963,336893.904200001],[260461.196,337137.704700001],[260877.3985,337383.904200001],[261000.1,337167.700200001],[261895.8037,338209.097999999],[262681.896,338536.204399999],[262933.6018,339141.557700001],[262987.7781,339271.852],[263057.0784,339427.290999999],[263076.9928,339435.1107],[263604.2208,339642.1358],[263723.4032,339688.934699999],[263376.3284,339713.845000001],[263219.0319,339725.134500001],[263201.9838,339726.358100001],[263196.094,339726.7808],[262592.1002,338724.5997],[262068.7011,338642.4001],[261819.527,338346.9572],[261564.0998,338044.1],[260989.554,338127.9156],[260732.5995,338165.4005],[260931.0994,338307.200099999],[260003.3968,337890.102499999],[259999.9911,337887.0064],[258681.4002,336688.300000001],[258060.597,337063.196],[258297.0001,337821.200099999],[257526.4185,338238.2553],[256919.7336,338161.0699],[256546.4991,337302.9988],[255438.9003,336893.6],[255378.9993,336493.0002],[254173.298,336469.7959],[252498.9003,337490.6],[252153.9692,337415.449200001],[252139.4971,337412.2961],[250595.8988,338079.095000001],[250195.9001,338046.6997],[250132.0509,337905.603399999],[249257.529,337511.0956],[248484.0958,337406.230599999],[248480,337404.699999999],[248376.2966,337290.1483],[248030.9002,337221.301100001],[247367.368,337200.7796],[247325.8985,337199.497],[246667.0714,337172.664899999],[246552.3,337194.699999999],[246473.8893,337164.7972],[245780.1584,337136.5437],[245747.8,337188.4],[245742.0361,337187.6927],[245452.3766,337123.1941],[244312.0466,337076.752],[244222.909,337014.047599999],[243727.0035,336665.199999999],[243566.6041,335255.603499999],[240330.1002,335857.3003],[239999.9703,335786.4641],[239793.2174,335742.101],[239573.5,335770.9],[239303.5464,335637.0318],[238786.9999,335526.196],[238740.7963,335455.2246],[238423.8002,334968.3002],[238572.2575,334614.7722],[238583.4999,334588.0002],[238246.6997,334653.5999],[238236.5844,334753.598200001],[238169.2964,335418.796800001],[237486.7103,334946.0174],[237596.2988,334701.9025],[238010.2993,334910.4013],[237785.2002,334529.199999999],[238312.6995,334415.3049],[238775.2519,334682.832],[238765.788,334334.213500001],[236715.7001,334029.600299999],[235087.2831,333369.594900001],[235056.2004,333356.9969],[234737.0227,333239.3507],[234721.6983,333233.702199999],[234609.4762,333103.9297],[234540.8,333084.5],[234351.8379,332805.999299999],[233199.1998,331473.100099999],[233731.7552,330672.5788],[233691.3629,330646.0277],[232941.4231,330293.879899999],[232916.835,330276.2739],[232039.3987,329647.999600001],[231292.1999,328439.0002],[231284.0029,328167.2017],[231785.7013,328252.694800001],[231635.8,327566.9],[231692.1487,327361.067199999],[231617.3262,326893.472100001],[231604.8014,326815.1995],[232067.9017,326450.7038],[232236.7234,326550.5407],[232448.8701,324846.608899999],[232447.0074,324825.8136],[232442.4123,324807.343900001],[232437.7169,324801.83],[231819.2447,324727.9113],[231716.0011,324856.9998],[230531.5998,324674.4012],[230505.116,324572.122],[230486.3,324568.6],[229676.6573,323163.4706],[229545.2671,323095.9813],[229364.0241,323239.2652],[228689.001,323956.7163],[228685.5545,324185.755999999],[229118.0992,325535.9957],[226778.0013,327574.8707],[225366.706,328296.7393],[225331.2003,328314.9002],[224155.2999,328409.800000001],[223983.2033,328117.372300001],[221942.187,325832.7667],[221826.0022,325744.7959],[221809.0329,325742.243100001],[221429.2235,325918.3763],[221365.697,326268.695900001],[220720.0007,326500.899900001],[220457.9766,326382.591],[220410.5,326390.800000001],[220329.108,326324.404300001],[219999.9841,326175.798599999],[219488.601,325944.8993],[218849.0982,325156.304400001],[218579.4998,325855.699899999],[218176.3972,325946.891899999],[218129.5127,326002.593800001],[218063.8786,326012.6929],[217478.807,326104.704500001],[216692.0001,326282.700099999],[215835.5926,324001.8925],[215574.2618,324239.926999999],[215426.1001,324390.300000001],[215334.4591,324345.839500001],[213544.9755,325719.252599999],[213512.5205,325770.921499999],[213509.8773,325814.1688],[214611.6982,326608.5997],[214645.8334,327355.342],[215320.7811,328269.8599],[215438.0999,328355.7985],[215472.0602,328474.835000001],[216521.8365,329897.225400001],[216719.8003,330020.5999],[216538.2081,331927.1262],[217035.3885,332075.3585],[217208.7021,331946.3007],[217844.661,332316.639699999],[218551.9,332527.5],[218647.9899,332673.9176],[218745.1998,332709.1998],[218815.7177,332929.494000001],[219658.1634,334213.176200001],[219789.9009,334171.4038],[220000.0098,334297.2071],[220196.0557,334414.5902],[220378.29,334421.609999999],[220437.7672,334559.3157],[220546.3,334624.300000001],[220577.9065,334883.775599999],[220734.4,335246.1],[220715.2434,335279.471100001],[220746.4,335361.199999999],[220649.4473,335471.094900001],[220684.2,335756.4],[221647.1998,336825.804],[221877.5009,337575.1995],[223063.6999,337513.399800001],[223781.1691,338744.238600001],[224147.184,339300.6294],[224558.7056,339425.908600001],[224579.6287,339431.7948],[225720.3008,339752.6975],[226042.9132,340000.0349],[226626.3002,340447.3003],[226629.7057,340463.708699999],[226632.17,340465.41],[226633.8645,340483.7466],[226686.125,340735.5469],[227242.0746,341019.0196],[227355.3,341036.4001],[227598.9216,342091.7004],[227611.2126,342086.156400001],[227741.5052,341714.5757],[227613.417,341473.554],[227667.9922,341398.861],[227597.2989,341233.301200001],[227897.8999,340936.399700001],[229063.1001,340856.699899999],[229296.2848,341005.6962],[229673.2113,341019.8949],[229694.4697,340843.852],[230149.3007,340772.7042],[230583.7809,341054.195699999],[230639.697,341056.301999999],[230831.3679,341214.602600001],[231372.1999,341564.997400001],[231397.4887,341586.9353],[232083.9771,342182.460899999],[232332.3517,342370.964400001],[232418.086,342436.318],[232477.9602,342524.239499999],[232750.9999,342761.100199999],[232797.634,342838.537799999],[234068.8597,343888.4406],[234095.998,343889.9011],[234111.4413,343923.6086],[234121.196,343931.664999999],[235644.6183,346129.288899999],[236081.6,346453.700300001],[236529.7507,347334.338],[237947.2031,347272.5233],[238142.0003,347149.399900001],[238250.0184,347259.317600001],[238258.8841,347258.128],[239917.5165,348870.9517],[239999.9951,348947.151000001],[242283.5993,351056.9002],[242435.7572,351649.3796],[242772.3719,352375.441299999],[243065.0983,352516.002699999],[243208.441,352929.670499999],[243333.3011,353290.0001],[243449.5339,354725.383400001],[243449.8353,354729.105599999],[243452.4018,354760.8002],[243608.4972,356664.0954],[243008.298,358945.702299999],[243041.7591,359999.998199999],[243042.8001,360032.799000001],[243627.8728,360795.7839],[244258.1752,360795.9309],[244266.7999,360667.1],[244874.9003,360770.5997],[243937.2424,359999.953400001],[243897.9991,359967.699999999],[244469.5002,359235.700300001],[244786.9968,357575.4046],[244758.7987,358171.9037],[245746.9023,359236.4981],[245211.899,359094.899800001],[245212.8806,359177.378],[245215.1377,359367.021400001],[245218.0535,359612.015000001],[245222.6712,360000.009199999],[245234.5964,361002.003599999],[246277.3076,361988.1523],[246950.1368,362453.7382],[247571.7002,362674.8048],[248048.2797,362314.3233],[247967.37,361920.93],[248181.5999,362312.5002],[247680.72,362713.35],[247786.0206,362947.756899999],[247989.4573,363248.122199999],[248954.4071,364672.828500001],[249023.57,364762.4542],[250123.6999,366052.1998],[250767.8965,366435.3499],[251677.6742,366893.101500001],[251679.8178,366895.025],[251882.2001,367098.1066],[252139.102,367250.9046],[252206.1401,367423.717599999],[252402.42,367621.01],[252406.0454,367681.9618],[252557.69,367846.199999999],[252444.8446,368039.057600001],[252458.9568,368081.690400001],[252459.0997,368085.185799999],[252514.7242,369445.7458],[252533.128,369480.3957],[253216.6998,370357.100199999],[254138.7376,370863.4081],[254879.5678,371092.6917],[255528.8591,371267.6986],[255667.0597,371270.213300001],[255786.7087,371373.447699999],[255821.45,371384.199999999],[256245.649,371751.6668],[257570.783,372642.2081],[257641.8963,372689.998],[258440.1007,373230.6032],[258664.7402,372881.222899999],[258669.3569,372878.569700001],[259156.7236,372598.4805],[259191.6031,372578.4353],[259189.1524,372594.798599999],[259185.5543,372609.336100001],[259061.8998,373183.9998],[259499.6,372658.9999],[260000.0137,372876.138900001],[260538.5007,373109.7985],[261058.3033,372186.202199999],[260869.2,371876.0997],[262209.1999,372731.6],[264547.4472,373078.533],[264856.4997,373641.099199999],[265950.2003,373802.9998],[266157.5408,374084.834899999],[266669.6,374321.200200001],[266620.1032,374460.0174],[266544.4021,374395.6997],[266559.6967,374734.2028],[269414.3757,376037.9869],[271213.102,376407.8038],[272641.018,377148.534399999],[274082.6177,378040.6874],[275185.2512,378496.2874],[275819.4033,378398.0041],[276729.5014,379280.500399999],[276875.0151,379292.137800001],[277631.4939,378419.5548],[277549.8031,378294.8029],[277588.2425,378287.2446],[277777.9084,378250.6687],[278336.6983,377606.116],[278341.8631,377700.7458],[278439.9,377520.200200001],[278147.1993,377315.8039],[278748.8393,377156.3522],[278897.6968,377116.900800001],[279395.8,375890.0998],[278505.6002,375252.700099999],[278146.7037,374253.500399999],[279324.1035,373254.1472],[279497.896,373047.3957],[279553.5359,373060.886499999],[278581.0003,374265.999700001],[278855.3001,374887.9999],[279082.1884,375068.173900001],[279999.989,375797.007300001],[280152.1003,375917.8002],[280229.7999,376657.0002],[280000.0015,376681.729800001],[279873.9,376695.300100001],[279639.2988,377169.095899999],[279597.7835,377191.982899999],[279111.7963,377459.9026],[279097.7173,377476.878599999],[279038.6846,377548.058],[278712.9491,377524.858999999],[278541.5,377522.449999999],[278901.1001,377795.5999],[278598.3022,378495.7961],[278544.2268,378534.166300001],[278530.714,378543.7545],[278393.3964,378644.948899999],[278393.619,378649.027000001],[278390.9403,378652.263800001],[278260.2053,378799.158399999],[278248.1284,378833.1668],[278247.0301,378813.9845],[277544.778,379604.2336],[277504.5581,380000.0353],[277490.0461,380140.273700001],[277332.4999,380588.800000001],[277092.0001,380541.699899999],[277197.5484,381739.2192],[275979.3188,382697.396199999],[275899.3883,382877.6511],[275897.1356,382884.1008],[275895.107,382887.306],[275880.6255,382894.889],[275084.5461,383415.072699999],[275067.4306,383683.066099999],[275578.2494,384364.3894],[276025.4805,384375.057399999],[277530.5001,383809.199999999],[278049.0584,383907.991900001],[278323.8038,382493.993899999],[278625.6939,382321.8937],[278653.4044,382306.0966],[279302.8713,382160.820499999],[279999.9878,382343.7334],[281432.9761,382719.526900001],[281796.0798,382731.8178],[281867.4856,382732.689300001],[281880.6168,382725.3057],[282451.9036,381731.899800001],[283082.4034,381440.903100001],[283201.3641,381405.952400001],[284234.899,381102.299000001],[284316.5065,380000.032199999],[284320.0035,379952.799000001],[284337.4078,379935.525699999],[284765.9961,379510.1635],[285037.2991,379240.902799999],[285324.3997,379335.997400001],[285330.9014,379338.150900001],[285244.3004,379136.301100001],[286282.897,378789.702],[286309.6319,378786.785599999],[286943.3549,378717.656400001],[287008.0006,378710.604599999],[288652.4663,378629.18],[288655.7105,378629.019400001],[289812.0965,378520.698999999],[289875.6853,378531.7785],[290426.9124,378627.822699999],[291486.419,378569.465399999],[291975.1015,378291.2039],[292805.0707,378263.2685],[292854.3071,378277.600099999],[294162.1989,378658.2996],[294176.5724,378663.6019],[295866.1978,379286.899],[295883.3327,379295.837200001],[296563.4377,379650.3564],[297323.7265,379999.991599999],[299604.5997,381048.9002],[299420.2998,380605.9003],[299808.1389,379999.9716],[300150.74,379729.15],[300265.0004,379286.207699999],[300289.9036,379247.301000001],[300311.9185,379240.3936],[300761.5205,379099.326199999],[300978.2701,379031.318700001],[301074.8995,379001.0002],[300485.4994,379514.101199999],[300302.7993,379771.100099999],[300142.8079,379934.047599999],[299554.2,380581.85],[299999.9956,381101.8484],[300839.9771,381931.784499999],[303720.486,382775.841700001],[303725.8878,382777.423900001],[303735.506,382780.241],[306034.8973,383788.901000001],[306078.5319,383801.8762],[309124.5094,384707.629799999],[309341.3682,384772.1151],[311754.2983,385243.604599999],[312926.5993,385120.699999999],[313117.3002,383517.300899999],[313293.5023,382786.5974],[314251.3121,381930.496400001],[314254.6866,381927.4802],[314277.6003,381906.999700001]]],[[[227882.7215,380136.851500001],[227918.0214,380147.883199999],[228197.9845,379999.995300001],[228462.8997,379859.9999],[228617.4465,380000.0163],[229427.6,380733.999700001],[229521.6999,381256.0001],[229731.103,380952.003],[230361.5009,381106.2009],[230680.8021,381891.404100001],[230908.9023,381891.103800001],[231553.6985,382154.898700001],[231526.4841,382167.835899999],[231517.7635,382171.9815],[231023.5978,382406.897299999],[230958.5088,382069.805500001],[230935.1523,381967.552300001],[230553.2629,381991.339400001],[230508.6038,381988.495999999],[230140.6999,381487.700300001],[229652.8999,381443.299000001],[229637.0011,381664.7996],[229253.0997,381143.0001],[229063.5998,381300.100099999],[229424.4002,383012.899800001],[228885.7999,383250.100099999],[228765.0003,383915.200200001],[228227.1929,384046.5539],[228099.052,384275.719699999],[228100.0054,384283.1083],[228147.7997,384403.412900001],[228119.2795,384432.474199999],[228173.8043,384855.0173],[228352.593,384981.0714],[228660.3004,384895.5042],[229002.1984,385315.7039],[228949.746,385457.4109],[229078.9723,385931.463400001],[229208.9997,386101.0997],[229148.8967,386187.9737],[229540.9422,387626.1503],[229654.8002,387744],[230118.2001,389381.399700001],[229976.6377,389500.565400001],[229494.7183,390965.4485],[229563.1007,391094.5999],[229425.4403,391176.0316],[229181.5882,391917.2653],[229224.7994,392100.1011],[229035.1682,392362.335899999],[228947.0986,392630.0397],[229062.6912,392717.8738],[230069.4002,392825.7052],[230280.3003,392710.5998],[230563.2144,392878.598999999],[231231.7662,392950.2095],[231923.8002,392897.5013],[231952.028,393027.3588],[231981.784,393030.546],[232865.4576,393862.465500001],[233221.0095,394031.1516],[233233.8784,393999.475400001],[232913.5988,393500.3006],[232940.6289,393482.789899999],[232919.8,393458.9],[233196.3576,393317.1226],[233419.9021,393172.305],[233528.7595,393273.6403],[233561.611,393192.778000001],[234082.1006,393588.475099999],[234458.8999,393381.899900001],[234736.4965,393630.682499999],[234752.5521,393645.071599999],[234770.0968,393660.7952],[234891.3023,394203.662799999],[234937.0305,394238.427200001],[235263.2999,394159.9023],[235440.0995,394578.3018],[235488.7974,394569.2019],[235788.785,394409.712200001],[235583.2998,394155.0035],[236094.7988,393715.199899999],[236828.8552,393856.7544],[236980.1143,393776.3369],[237248.0007,393476.8989],[237441.7003,393771.4001],[237260.9912,393911.342399999],[237250.5363,394144.7126],[237588.8003,394384.299900001],[237285.1345,394555.743799999],[237239.8838,394587.5626],[237288.424,394613.707599999],[237360.921,394645.3773],[238415.8398,395105.0723],[238783.8999,395043.3003],[238935.7985,395331.397],[239314.7992,394870.898800001],[239362.494,394872.666099999],[239365.58,394869.310000001],[239586.9698,394895.6634],[240170.4208,394500.327299999],[240165.8002,394480.0998],[240445.5022,394256.704600001],[240480.6436,394297.421],[242723.9664,394530.792400001],[242877.3005,393824.598300001],[243482.9992,393412.6962],[244689.3007,393963.8993],[244932.8062,393790.259400001],[245136.921,393637.5776],[245119.0494,393602.696799999],[245008.4141,393435.147500001],[245044.7631,393457.7094],[244940.8,393254.8006],[245473.0253,393727.7796],[246534.7633,393371.787900001],[246990.5966,393168.796],[247075.4938,393190.4856],[247622.9323,393006.9341],[247686.2999,392924.799900001],[247702.0084,392980.420600001],[247707.17,392978.689999999],[248062.1166,393522.7301],[248126.6355,393169.1373],[248225.7986,392456.399900001],[248713.9166,392070.7381],[249057.9647,391204.0427],[249184.2033,390586.994999999],[248599.2987,389223.895199999],[248381.4273,388987.061799999],[248296.3779,388894.610300001],[247510.183,388039.9903],[247430.8004,387953.698799999],[247350.7992,387744.5995],[247683.5349,388072.301000001],[247893.8018,387797.003699999],[248645.5999,388426.600299999],[248421.6181,388998.778999999],[249287.9001,388279.9002],[249392.3994,387269.704600001],[251677.4026,386856.7028],[251600.7665,386661.181500001],[251303.3,386145.1],[251305.0525,386140.2687],[251317.9351,386120.5744],[251360.7492,386048.826300001],[251268.0024,385812.2018],[251643.5624,385411.3796],[251631.1553,385202.191],[251366.704,384969.1031],[251604.9038,384519.6018],[251800.4036,384601.7476],[252036.7803,384214.627],[252283.4985,382534.4999],[253236.1987,381939.9],[252516.8004,380258.3007],[253090.2622,379999.990800001],[253383.5036,379867.9033],[253189.3035,379523.304099999],[253525.7606,380000.016899999],[253538.0995,380017.499500001],[255246.6385,380555.468900001],[255276.6027,380564.9038],[257253.8013,380840.305],[257701.3863,381607.961300001],[258583.3443,382190.383199999],[258948.9034,382348.6032],[260000.0241,382056.3347],[261463.2716,381649.4726],[261503.9,381630.039999999],[261527.4754,381631.6204],[262091.0962,381474.9033],[262598.8332,381615.3246],[264019.011,381307.4033],[264169.0003,381238.199899999],[264137.6884,381188.637],[263463.514,380545.0206],[263080.6999,380429.200200001],[262979.2312,379999.9866],[262954.3992,379894.947000001],[262695.0034,379474.2445],[262021.2028,379078.8992],[261694.1001,378020.899900001],[261231.3351,377580.1337],[261150.498,377532.386],[261149.1598,377501.864800001],[261004.099,377363.6998],[260911.0303,376370.1624],[260663.1935,376003.2664],[260188.0003,375868.200200001],[260000.0333,375255.205800001],[259965.5029,375142.595899999],[258361.3026,374365.5984],[257599.99,373718.8367],[257452.04,373643.4],[257313.5176,373475.4684],[257057.9976,373258.395300001],[256219.4992,372782.5009],[256200.1636,372795.669],[255959.5988,372959.500800001],[255898.2999,372135.799799999],[256044.5221,372153.230599999],[255789.5831,371705.361400001],[255678.4994,371554.8013],[255263.0978,371626.222200001],[255137.3082,371677.5021],[255197.2015,371989.797900001],[254686.3964,371852.197799999],[254494.9589,371611.5688],[253122.5202,370860.2663],[253022.1671,370831.550000001],[252980.7365,370782.650800001],[252854.58,370713.59],[252813.2544,370583.3178],[252197.6999,369850.700300001],[251855.1003,367689.399900001],[250064.1003,367030.7992],[247953.6625,365320.430600001],[247950.5228,365315.065300001],[247753.8308,364978.9486],[245462.3258,363488.530200001],[245052.8008,363280.9],[244603.2969,363457.7007],[245045.2,363933.200200001],[244414.4009,363630.6009],[243659.4105,363807.386600001],[243859.6995,363587.703500001],[243748.4003,363177.1006],[243108.6112,362344.360200001],[243200.1006,362354.0987],[243744.2998,361759.1998],[244220.0737,361702.062200001],[244252.1311,361383.3332],[242315.5975,361962.898600001],[240878.3997,363129],[239999.9951,363440.5131],[239665.601,363559.101],[239074.2002,363391.5998],[239156.5002,363024.699200001],[239107.8901,362958.5605],[238619.0308,362420.353800001],[238563.4637,362443.303200001],[238889.4538,363185.949200001],[239071.8992,363499.599400001],[238335.4014,365716.6041],[239262.3001,366249.199899999],[240000.0089,366254.2619],[240530.0965,366257.8992],[241043.301,367682.1008],[240665.0999,368646.399800001],[239999.9993,368346.7202],[239954.9003,368326.399599999],[239553.8988,367578.3007],[238944.9998,367309.7993],[238836.5032,366645.6982],[237700.004,365305.401799999],[237552.1407,365226.2842],[237233.3826,365224.373400001],[236722.0915,364806.158600001],[236832.5551,365000.183900001],[236895,365092.5],[236845.7941,365162.9286],[236890.1001,365286.6986],[236634.8068,365468.306],[236610.37,365508.838],[236240.1081,365813.356799999],[236146.5974,366022.988700001],[236232.626,366161.997],[236005.8398,366574.094900001],[235835.3998,367504.598999999],[235323.2415,368013.9428],[235265.5997,367853.800899999],[234309.3,367727.299900001],[234090.4736,367509.962300001],[233924.0547,367387.137399999],[233867.3985,368121.626499999],[233884.9,368224.699999999],[233858.9875,368230.666099999],[233847.4992,368379.6007],[233676.6214,368272.654300001],[233551.8859,368301.8551],[233629.7998,368510.8002],[233365.6779,368398.924799999],[232884.7465,368481.3728],[232724.9179,368572.615900001],[232710.3964,368859.2574],[232700.6918,369178.8543],[233037.4227,370167.732999999],[233316.2999,370656.5999],[233192.125,370656.204500001],[232941.6146,370918.3872],[233065.8997,371174.300899999],[232786.2569,371767.205],[232756.4962,371830.304099999],[232464.1516,372152.0393],[232119.9,372530.899800001],[231708.6974,372382.096100001],[231618.9989,372896.6998],[231661.798,373479.0713],[231671.2408,373607.5605],[229902.5008,375153.4015],[229597.6979,375563.395500001],[230094.699,376074.5002],[229322.1974,376637.698000001],[229731.2007,377326.000700001],[229978.7,377201.3993],[229719.4997,377597.199899999],[229328.1998,377235.096999999],[229269.1808,377305.9165],[228943.9965,377687.0976],[228998.3974,378250.296399999],[228046.6001,378409.1997],[227932.6,379073.199999999],[227608.7995,378846.795600001],[227527.899,379170.2031],[227913.3968,379134.303300001],[228366.4959,379662.702099999],[227949.6279,379999.9879],[227871.9984,380062.797599999],[227897.4262,380113.887499999],[227882.7215,380136.851500001]]]]},"properties":{"FID":4,"CTRY25CD":"W92000004","CTRY25NM":"Wales","CTRY25NMW":"Cymru","BNG_E":263405,"BNG_N":242881,"LONG":-3.994177,"LAT":52.06742,"GlobalID":"70616ae2-03ed-474f-9dc4-4d7265bd62b5"}}]}